ETC_20150312_001500	꺄악!
ETC_20150312_001501	요새로 도망쳐!
ETC_20150312_001502	대지의 요새 포탈
ETC_20150312_001503	경비병들을 도와 석화고래를 처치하세요!
ETC_20150312_001504	왕국군 경비병
ETC_20150312_001505	주셨던 보급품은 잘 받았습니다.
ETC_20150312_001506	무슨 소란이지?
ETC_20150312_001507	뭐야 저 녀석!
ETC_20150312_001508	근데 그거 좀 매캐한 냄새가 나던데요
ETC_20150312_001509	곧 근무 끝나는데!
ETC_20150312_001510	스톤프로스터를 처치하고 서리핵을 획득하세요!
ETC_20150312_001511	뭐야!
ETC_20150312_001512	무슨소리지?
ETC_20150312_001513	가고일을 처치하세요!
ETC_20150312_001514	데블글로브를 처치하세요!
ETC_20150312_001515	북은 경비병
ETC_20150312_001516	책 무더기
ETC_20150312_001517	제1 이동장치
ETC_20150312_001518	제2 이동장치
ETC_20150312_001519	이런. 함정이었어. 이건 구속마법이야.
ETC_20150312_001520	불꽃 융합기
ETC_20150312_001521	좋은 시간 보내라고.
ETC_20150312_001522	마력 조절 밸브
ETC_20150312_001523	흩어진 책
ETC_20150312_001524	흩어진책
ETC_20150312_001525	으하하하하하하....
ETC_20150312_001526	화염의 정수를 가지고 사라진 그리타를 쫓아가세요!
ETC_20150312_001527	그럼 이만.
ETC_20150312_001528	마법진
ETC_20150312_001529	헬가 세르클
ETC_20150312_001530	포아타를 처치하세요!
ETC_20150312_001531	포아타의 보금자리
ETC_20150312_001532	새끼 판토들이 카프리아에게 돌아갑니다
ETC_20150312_001533	카프리아가 매우 화난 것 같습니다.{nl}계획을 포기하고 카프리아를 처치하세요!
ETC_20150312_001534	파괴된 토템 때문에 시모프가 많이 화난 것 같습니다
ETC_20150312_001535	광폭해진 카너버를 처치하세요!
ETC_20150312_001536	머슈카리아를 처치하고 영력 깃든 갈기를 획득하세요!
ETC_20150312_001537	추종자 카예토나스와 함께{nl}미노타우로스를 처치하세요!
ETC_20150312_001538	어서 갑시다!
ETC_20150312_001539	비테레지나를 처치하세요!
ETC_20150312_001540	작은 벌통
ETC_20150312_001541	우리가 한 발 늦었군!
ETC_20150312_001542	부상당한 마을 사람
ETC_20150312_001543	여기까지 쫓아오다니..
ETC_20150312_001544	누그리아 제단
ETC_20150312_001545	모야브루카를 처치하세요!
ETC_20150312_001546	연못 오염원1
ETC_20150312_001547	우펜트 근처에 다가가면 나른초 폭탄의 효과로{nl}이동속도가 느려집니다!
ETC_20150312_001548	참으로 질긴 명줄이더구나.
ETC_20150312_001549	네 역할은 여기까지다.{nl}얌전히 죽어!
ETC_20150312_001550	여신 샤울레
ETC_20150312_001551	구속 마법진
ETC_20150312_001552	결계
ETC_20150312_001553	샤울레 여신
ETC_20150312_001554	포탈
ETC_20150312_001555	골렘을 처치하세요!
ETC_20150312_001556	스파나스혼을 처치하세요!
ETC_20150312_001557	예쿱을 처치하세요!
ETC_20150312_001558	환자
ETC_20150312_001559	병사죽이는 트리거
ETC_20150312_001560	요나졸렘을 처치하고 잘 타는 돌맹이를 획득하세요!
ETC_20150312_001561	그럼 대련을 시작하지!
ETC_20150312_001562	베아카라스를 처치하세요!
ETC_20150312_001563	광산 관리소장
ETC_20150312_001564	봤지? 하루이틀이..
ETC_20150312_001565	으악! 나왔다!!!
ETC_20150312_001566	섀도게일러를 처치하세요!
ETC_20150312_001567	미노타우르스를 처치하세요!
ETC_20150312_001568	미노타우르스
ETC_20150312_001569	상자
ETC_20150312_001570	비범한 부베 투사
ETC_20150312_001571	오라클 마스터를 제압하세요!
ETC_20150312_001572	오, 왔군!
ETC_20150312_001573	무슨 일인가?
ETC_20150312_001574	뭐야?
ETC_20150312_001575	후우.. 알겠네. 조심해서 돌아가게..
ETC_20150312_001576	플래쳐 공방원
ETC_20150312_001577	클라페다의 마스터들에게 부탁하신 물건들을 모두 전달해 드렸습니다.
ETC_20150312_001578	그런데..
ETC_20150312_001579	이번에도 방패와 갑주들은 가져오지 못했습니다.
ETC_20150312_001580	그럼 전 이만 가보겠습니다.
ETC_20150312_001581	스파르나스를 처치하세요!
ETC_20150312_001582	다 죽을거야
ETC_20150312_001583	가까이 오지마!
ETC_20150312_001584	실험용 메슘
ETC_20150312_001585	급습한 하르피아를 처치하세요!
ETC_20150312_001586	리버피드를 처치하세요!
ETC_20150312_001587	봐드리지 않겠습니다!
ETC_20150312_001588	로그 마스터를 제압하세요!
ETC_20150312_001589	그럼 간다!
ETC_20150312_001590	락토르투가를 처치하고 천연 마노석을 습득하세요!
ETC_20150312_001591	슈바르츠라이터를 제압하세요!
ETC_20150312_001592	데드본을 처치하세요!
ETC_20150312_001593	라자토드를 처치하세요!
ETC_20150312_001594	몬스터들이 출현했습니다!
ETC_20150312_001595	기름 상자
ETC_20150312_001596	부서진 부엉이 조각상
ETC_20150312_001597	다뉴스 정찰병
ETC_20150312_001598	무명 병사의 유품
ETC_20150312_001599	열쇠 지기 할로우벤터
ETC_20150312_001600	네크로벤터의 부하
ETC_20150312_001601	시험의 세콰이아
ETC_20150312_001602	시험의 여신상
ETC_20150312_001603	내 말이 맞잖아!
ETC_20150312_001604	말도 안돼!
ETC_20150312_001605	일단 도망쳐!
ETC_20150312_001606	미끼에 이끌린 몬스터 처치!
ETC_20150312_001607	마족 미끼
ETC_20150312_001608	여신상으로 영혼들이 인도될 수 있도록 보호해 주세요!
ETC_20150312_001609	쓰론위버가 나타났습니다!
ETC_20150312_001610	놓여진 미끼
ETC_20150312_001611	도와주세요!
ETC_20150312_001612	숙련 기계공
ETC_20150312_001613	여신께선 어디로 가셨나이까..
ETC_20150312_001614	저희에게 구원과 안식을..
ETC_20150312_001615	저희의 기도를 들어주시옵소서..
ETC_20150312_001616	평화와 행복을..
ETC_20150312_001617	저기! 거미가 몰려오고 있소!
ETC_20150312_001618	릴리야가 갑자기 카너버로 변해 버렸습니다!
ETC_20150312_001619	릴리야가 변한 카너버
ETC_20150312_001620	순례자 릴리야*
ETC_20150312_001621	순례자 율리우스가 드라페리운으로 변했습니다!
ETC_20150312_001622	식량무지를 건드리자 리버피드가 나타났습니다!
ETC_20150312_001623	썩은 고기 무더기*
ETC_20150312_001624	순례자 재뉴스*
ETC_20150312_001625	뭐야 너 이녀석!
ETC_20150312_001626	나태의 나무뿌리 수정
ETC_20150312_001627	나무뿌리 수정 보호장치가 나타났습니다!{nl}정해진 시간 내에 이것들을 모두 파괴하세요!
ETC_20150312_001628	나무뿌리 수정 보호장치
ETC_20150312_001629	변형 나무뿌리 수정이 갑자기 불이 붙었습니다! {nl}몬스터들로부터 이 불을 잠재울 만한 것을 구해 봅시다!
ETC_20150312_001630	변형된 나무뿌리 수정이 캑터스벨로 변했습니다!{nl}캑터스벨을 처치하세요!
ETC_20150312_001631	순례자 그라찌우스*
ETC_20150312_001632	순례자의 영혼이 불러 낸 몬스터들을 시간 안에 모두 물리치세요!
ETC_20150312_001633	날 죽인 마군주.. 날 속인 배신자들..
ETC_20150312_001634	분노의 제단
ETC_20150312_001635	영혼을 속박시킨 머지를  처치하세요!
ETC_20150312_001636	머지에게 속박된 영혼
ETC_20150312_001637	풀려 난 건가?
ETC_20150312_001638	날 풀어줘!
ETC_20150312_001639	성소에서 아이언 바움이 나타났습니다!
ETC_20150312_001640	성소는 작동하지 않은 채 갑자기 몬스터들이 튀어 나와서 성소를 공격하려 합니다!
ETC_20150312_001641	축복의 성소*
ETC_20150312_001642	묘비에서 흙 묻은 작은 초상화를 얻었습니다!.{nl}그리고 묘비 근처에서 몬스터들이 몰려나왔습니다!
ETC_20150312_001643	묘비
ETC_20150312_001644	순례자에게 속았습니다!
ETC_20150312_001645	날 따르시오.
ETC_20150312_001646	이들이 당신을 도울 것이요.
ETC_20150312_001647	정화의 제단
ETC_20150312_001648	주교의 시신을 수습하자 몬스터 등장!
ETC_20150312_001649	주교의 무덤
ETC_20150312_001650	찾고 있는 석판이 아닌것 같습니다.
ETC_20150312_001651	레이몬드가 말한 대로 에하트가 나타났습니다!
ETC_20150312_001652	스미드가 살해당했습니다!{nl}매그버크를 처치하세요
ETC_20150312_001653	금석학자 스미드가 매그버크에게 살해당했습니다!{nl}매그버크를 처치하세요!
ETC_20150312_001654	루클리스 기념비
ETC_20150312_001655	스승님 여깁니다!
ETC_20150312_001656	마침 탁본을 다시 만드려고..
ETC_20150312_001657	우리가 드디어 해냈구나!
ETC_20150312_001658	으악!
ETC_20150312_001659	탁본작업 중 채퍼리션이 나타났습니다!{nl}채퍼리션을 처치하세요!
ETC_20150312_001660	통제불능의 네크로벤터가 소환됐습니다.{nl}실험은 실패입니다. 네크로벤터를 처치하세요
ETC_20150312_001661	통제불능 네크로벤터
ETC_20150312_001662	병사들의 영혼과 함께 유니콘을 처치하세요!
ETC_20150312_001663	병사의 영혼
ETC_20150312_001664	나왔다. 가자!
ETC_20150312_001665	리버피드가 습격했습니다.{nl}리버피드를 처치하세요!
ETC_20150312_001666	봉화대
ETC_20150312_001667	거 보게. 나는 숨어 있겠네.
ETC_20150312_001668	왕릉의 유물
ETC_20150312_001669	기록관 요나스의 두통이 사라질 때 까지 몬스터로부터 그를 보호하세요!
ETC_20150312_001670	몰렉이다! 도망쳐!
ETC_20150312_001671	봉인을 풀려고 하자 몬스터들이 출현했습니다!{nl}정해진 시간 동안 살아 남아야 합니다!
ETC_20150312_001672	성소의 첫 번째 봉인
ETC_20150312_001673	봉인을 건드리자 보조 봉인 장치가  소환되었습니다! {nl}보조 봉인 장치를 파괴 하세요!
ETC_20150312_001674	성소의 두 번째 봉인
ETC_20150312_001675	보조 봉인 장치
ETC_20150312_001676	성소의 세 번째 봉인
ETC_20150312_001677	고대 양식 기둥
ETC_20150312_001678	토도우가 끌고 온 요나졸렘을 처치하세요!
ETC_20150312_001679	토도우 납셨네! 난 이만 몸 사리러!
ETC_20150312_001680	거푸집
ETC_20150312_001681	용병 토도우
ETC_20150312_001682	뭐야 이 몬스터는! 야 빈센트! 거기 서! 
ETC_20150312_001683	거기 서라고!
ETC_20150312_001684	돌기둥
ETC_20150312_001685	돌기둥을 건드렸더니 갑자기 몬스터들이 출현 했습니다!
ETC_20150312_001686	갑자기 나타난 몬스터가  지도를 낚아채 갔습니다! {nl}주변의 몬스터로부터 지도를 되찾으세요!
ETC_20150312_001687	지도를 얻자마자 갑자기 몬스터들이 몰려 옵니다!
ETC_20150312_001688	서쪽지역 결계
ETC_20150312_001689	그걸 그렇게 만지시면..
ETC_20150312_001690	미안해요. 뒷 일을 부탁할게요!
ETC_20150312_001691	뭔가 보이는게 있습니까?
ETC_20150312_001692	제 눈엔 아무것도 보이질 않는군요.
ETC_20150312_001693	이건.. 
ETC_20150312_001694	숨을 쉴 수가..
ETC_20150312_001695	바키스
ETC_20150312_001696	이 병사를 죽음으로 몰고 간 몬스터들이 나타난 것 같습니다!{nl}이들을 처치하고 병사의 명복을 빌어 주세요!
ETC_20150312_001697	처지해라
ETC_20150312_001698	큰일이예요!!
ETC_20150312_001699	어서 렉시퍼를 막아야 되요!!!
ETC_20150312_001700	으악!!!!
ETC_20150312_001701	도와줘요!!!
ETC_20150312_001702	 더 이상 나를 방해하면..
ETC_20150312_001703	이 여자는 세상에서 사라질 것이다
ETC_20150312_001704	피포티의 동료
ETC_20150312_001705	으...사람 살려
ETC_20150312_001706	채퍼리션이 나타나 쿠쟝의 물건을 부쉈습니다!{nl}채퍼리션을 처치하세요!
ETC_20150312_001707	쿠쟝
ETC_20150312_001708	너의 운은 여기까지다!!!!
ETC_20150312_001709	막아라!!
ETC_20150312_001710	고, 골렘이다!
ETC_20150312_001711	아라스
ETC_20150312_001712	지금!
ETC_20150312_001713	마족
ETC_20150312_001714	어리석은 녀석
ETC_20150312_001715	더 고통스럽게 해주마
ETC_20150312_001716	지역 약초상
ETC_20150312_001717	..해서 없앨 수 있습니다요.
ETC_20150312_001718	찾았다, 계시자..{nl}드디어..
ETC_20150312_001719	이건.. 몬스터잖아?
ETC_20150312_001720	저 몬스터.. 쓸만하겠어.
ETC_20150312_001721	잠깐, 저 자는..
ETC_20150312_001722	그렇습니다! 저희도 나가서 싸우고 싶습니다!
ETC_20150312_001723	몰트라는 믿을만한 {nl}친구에게 맡겼습니다.
ETC_20150312_001724	스피온은 저희의 친굽니다.{nl}허락만 해주신다면 함께 가고 싶습니다
ETC_20150312_001725	라이몬다스님만 허락해 주신다면{nl}꼭 전선에 나가고 싶습니다!
ETC_20150312_001726	이런 소리지!
ETC_20150312_001727	넌 나랑 같이 가자꾸나!
ETC_20150312_001728	브란
ETC_20150312_001729	아까 그 약초꾼?
ETC_20150312_001730	스피온!!!!!
ETC_20150312_001731	피트
ETC_20150312_001732	무슨 소리야?
ETC_20150312_001733	일단 골렘부터!
ETC_20150312_001734	덤블볼을 태우자 화가 난 부베들이 달려듭니다!
ETC_20150312_001735	아우스테야 신도
ETC_20150312_001736	여신 아우스테야
ETC_20150312_001737	아우스테야 제단
ETC_20150312_001738	수호석
ETC_20150312_001739	봉인탑
ETC_20150312_001740	거대한 변이 식물
ETC_20150312_001741	당신이 바로 그 계시자로군요.
ETC_20150312_001742	이곳에서 일어나고 있는 일들의 원인은 다른 곳에 있습니다.
ETC_20150312_001743	이곳에선 이야기하기 어려우니 흔들리는 경작지로 찾아와주시기 바랍니다.
ETC_20150312_001744	조사도구
ETC_20150312_001745	저기, 새끼 포아타입니다!!!
ETC_20150312_001746	쫓아라!! 이번엔 놓치면 안돼!!!
ETC_20150312_001747	캠프를 벗어나면 안돼!!! 아쉽지만 돌아가자!!
ETC_20150312_001748	이봐!!! 멈춰 위험해!!
ETC_20150312_001749	캠프로 돌아가 어서!!
ETC_20150312_001750	자, 수속은 제가 할테니...
ETC_20150312_001751	이 비명소리는 뭐지?
ETC_20150312_001752	전투 준비!
ETC_20150312_001753	습격입니다!!
ETC_20150312_001754	피난민
ETC_20150312_001755	움...움직이잖아!!
ETC_20150312_001756	고..골렘이다!!!
ETC_20150312_001757	이런 곳에 왜 골렘 잔해가 있는거지?
ETC_20150312_001758	이봐!!! 위험해!! 도망쳐!!
ETC_20150312_001759	죽은 걸까요?
ETC_20150312_001760	어...엇!!
ETC_20150312_001761	달려드는 대형 케파를 처치하세요!
ETC_20150312_001762	대형 케파가 여기까지..!
ETC_20150312_001763	연금술사 바이도타스
ETC_20150312_001764	상자를 발로 찼더니 붉은 부베 투사가 나타났습니다!
ETC_20150312_001765	2광구 폐쇄 안내
ETC_20150312_001766	주민들을 대피시켜!!
ETC_20150312_001767	멈춰라!!
ETC_20150312_001768	동쪽 숲 병사
ETC_20150312_001769	자 어서 갑시다 여보, 아부지!
ETC_20150312_001770	정말 다행이네요. 어서 가요!
ETC_20150312_001771	늙은 것이 너희들 고생만 시키는구나..
ETC_20150312_001772	달려드는 부베들을 처치하세요!
ETC_20150312_001773	정말 고생하셨어요!
ETC_20150312_001774	어딨어!!!
ETC_20150312_001775	일로 나오라고!!!
ETC_20150312_001776	가시 관문
ETC_20150312_001777	무언가 담겨있는 주머니
ETC_20150312_001778	마력수정을 정제하는 동안 습격해 오는 몬스터 처치
ETC_20150312_001779	사울레 여신의 신도
ETC_20150312_001780	소환 수정
ETC_20150312_001781	마족 소환진 파괴하기
ETC_20150312_001782	샤울레 여신의 신도
ETC_20150312_001783	메로그들입니다!
ETC_20150312_001784	정화의 제단을 몬스터에게서 보호하세요
ETC_20150312_001785	허니핀 등장!
ETC_20150312_001786	강화된 가시 꽃가루 각성제를 마신 후 지나가자!
ETC_20150312_001787	계시
ETC_20150312_001788	여긴 위험하니 도망치십시오!
ETC_20150312_001789	지원인가?
ETC_20150312_001790	도망쳐!!
ETC_20150312_001791	도와줘!
ETC_20150312_001792	썩은 나무 등걸
ETC_20150312_001793	크로뉴트 임시
ETC_20150312_001794	인프로 호글란 임시
ETC_20150312_001795	드디어 전투인가.
ETC_20150312_001796	신병, 너무 겁먹지 말라고.
ETC_20150312_001797	어디지?
ETC_20150312_001798	가자! 신병도 따라와!
ETC_20150312_001799	가이갈라스가 나타났어!
ETC_20150312_001800	이쪽이다. 따라와!
ETC_20150312_001801	병사
ETC_20150312_001802	무덤
ETC_20150312_001803	입구 경고문
ETC_20150312_001804	왕릉 억제기
ETC_20150312_001805	수호자 정화장치
ETC_20150312_001806	오작동하는 수호장치
ETC_20150312_001807	마력이 정화되자 마족이 저지하려 합니다!
ETC_20150312_001808	수호자들로부터 왕릉 석등 보호!
ETC_20150312_001809	왕릉비석
ETC_20150312_001810	오작동하는 에하드
ETC_20150312_001811	마력 옹기
ETC_20150312_001812	아콘이 제어기 파괴를 저지하기 위해 나타났습니다!
ETC_20150312_001813	오염된 왕릉 마력 제어기
ETC_20150312_001814	왕릉을 파괴하려는 왕릉 수호자 저지!
ETC_20150312_001815	왕릉을 파괴하려는 베아카라스 저지
ETC_20150312_001816	영혼의 항아리
ETC_20150312_001817	온전한 영혼 항아리
ETC_20150312_001818	아처 2서클 필요
ETC_20150312_001819	아처 3서클 필요
ETC_20150312_001820	바바리안 2서클 필요
ETC_20150312_001821	바바리안 3서클 필요
ETC_20150312_001822	보코르 2서클 필요
ETC_20150312_001823	보코르 3서클 필요
ETC_20150312_001824	캐터프락트 2서클 필요
ETC_20150312_001825	캐터프락트 3서클 필요
ETC_20150312_001826	클레릭 2서클 필요
ETC_20150312_001827	클레릭 3서클 필요
ETC_20150312_001828	딥디르비 2서클 필요
ETC_20150312_001829	딥디르비 3서클 필요
ETC_20150312_001830	엘레멘탈리스트 2서클 필요
ETC_20150312_001831	엘레멘탈리스트 3서클 필요
ETC_20150312_001832	파이로맨서 2서클 필요
ETC_20150312_001833	파이로맨서 3서클 필요
ETC_20150312_001834	크리오맨서 2서클 필요
ETC_20150312_001835	크리오맨서 3서클 필요
ETC_20150312_001836	하이랜더 2서클 필요 
ETC_20150312_001837	하이랜더 3서클 필요 
ETC_20150312_001838	하플라이트 2서클 필요
ETC_20150312_001839	하플라이트 3서클 필요
ETC_20150312_001840	크리비 2서클 필요
ETC_20150312_001841	크리비 3서클 필요
ETC_20150312_001842	링커 3서클 필요 
ETC_20150312_001843	링커 2서클 필요 
ETC_20150312_001844	팔라딘 2서클 필요
ETC_20150312_001845	팔라딘 3서클 필요
ETC_20150312_001846	펠타스타 2서클 필요 
ETC_20150312_001847	펠타스타 3서클 필요 
ETC_20150312_001848	프리스트 2서클 필요
ETC_20150312_001849	프리스트 3서클 필요
ETC_20150312_001850	사이코키노 2서클 필요 
ETC_20150312_001851	사이코키노 3서클 필요  
ETC_20150312_001852	쿼렐슈터 2서클 필요
ETC_20150312_001853	쿼렐슈터 3서클 필요
ETC_20150312_001854	레인저 2서클 필요
ETC_20150312_001855	레인저 3서클 필요
ETC_20150312_001856	로델레로 2서클 필요
ETC_20150312_001857	로델레로 3서클 필요
ETC_20150312_001858	사두 2서클 필요
ETC_20150312_001859	사두 3서클 필요
ETC_20150312_001860	새퍼 2서클 필요
ETC_20150312_001861	새퍼 3서클 필요
ETC_20150312_001862	스카우트 2서클 필요
ETC_20150312_001863	스카우트 3서클 필요
ETC_20150312_001864	쏘마터지 2서클 필요
ETC_20150312_001865	소드맨 2서클 필요
ETC_20150312_001866	소드맨 3서클 필요
ETC_20150312_001867	위자드 2서클 필요
ETC_20150312_001868	위자드 3서클 필요
ETC_20150312_001869	무고사 2서클 필요
ETC_20150312_001870	무고사 3서클 필요
ETC_20150312_001871	랭킹테스트
ETC_20150312_001872	테스트 랭킹
ETC_20150312_001873	데미지
ETC_20150312_001874	탑데미지
ETC_20150312_001875	최고데미지
ETC_20150312_001876	이벤트
ETC_20150312_001877	태초의 구원자
ETC_20150312_001878	CBT참여한 유저들에게 주어지는 칭호입니다.
ETC_20150312_001879	몬스터 지배자
ETC_20150312_001880	몬스터를 100마리 처치했다.
ETC_20150312_001881	몬스터 정복자
ETC_20150312_001882	몬스터를 1,000마리 처치했다.
ETC_20150312_001883	몬스터 몰살자
ETC_20150312_001884	몬스터를 10,000마리 처치했다.
ETC_20150312_001885	몬스터 헌터
ETC_20150312_001886	몬스터를 100,000마리 처치했다.
ETC_20150312_001887	오버킬을 성공한 자
ETC_20150312_001888	오버킬을 100회 달성했다.
ETC_20150312_001889	오버킬의 초보자
ETC_20150312_001890	오버킬을 500회 달성했다.
ETC_20150312_001891	오버킬의 달인
ETC_20150312_001892	오버킬을 1,000회 달성했다.
ETC_20150312_001893	오버킬의 신
ETC_20150312_001894	오버킬을 3,000회 달성했다.
ETC_20150312_001895	보스 지배자
ETC_20150312_001896	보스 몬스터를 100마리를 처치했다.
ETC_20150312_001897	보스 정복자
ETC_20150312_001898	보스 몬스터를 300마리를 처치했다.
ETC_20150312_001899	보스 헌터
ETC_20150312_001900	보스 몬스터를 500마리를 처치했다.
ETC_20150312_001901	워킹 데드
ETC_20150312_001902	NXP로 부활한 횟수 100회 이상 달성했다.
ETC_20150312_001903	제작
ETC_20150312_001904	제작 초보자
ETC_20150312_001905	제작을 10회 성공했다. 득을 본 기분이다.
ETC_20150312_001906	제작 숙련자
ETC_20150312_001907	제작을 50회 성공했다. 이젠 제작도 꽤 손에 익었다.
ETC_20150312_001908	제작 전문가
ETC_20150312_001909	제작을 100회 성공했다. 점점 재산이 불어나는게 보인다.
ETC_20150312_001910	제작 신
ETC_20150312_001911	제작을 300회 성공했다. 말이 필요 없다.
ETC_20150312_001912	도전자
ETC_20150312_001913	플레이어 3명을 전투불능으로 만들었다.
ETC_20150312_001914	검투사
ETC_20150312_001915	플레이어 10명을 전투불능으로 만들었다.
ETC_20150312_001916	전쟁의 지휘자
ETC_20150312_001917	플레이어를 20명 전투불능으로 만들었다.
ETC_20150312_001918	전쟁의 신
ETC_20150312_001919	플레이어를 50명 전투불능으로 만들었다.
ETC_20150312_001920	폐인
ETC_20150312_001921	몬스터 에너지
ETC_20150312_001922	7일동안 플레이를 했다.
ETC_20150312_001923	대길
ETC_20150312_001924	대길이 스토커
ETC_20150312_001925	대길이를 100번 귀찮게 하였다.
ETC_20150312_001926	헤어
ETC_20150312_001927	난 소중하니깐
ETC_20150312_001928	미용실 3번 방문하였다.
ETC_20150312_001929	트레져 헌터
ETC_20150312_001930	20개의 보물상자를 도굴하였다.
ETC_20150312_001931	토너먼트
ETC_20150312_001932	토너먼트 팬클럽
ETC_20150312_001933	경기중 20개의 선물을 줬다.
ETC_20150312_001934	토너먼트 광팬
ETC_20150312_001935	경기중 100개의 선물을 줬다.
ETC_20150312_001936	토너먼트 팬클럽 부회장
ETC_20150312_001937	경기중 500개의 선물을 줬다.
ETC_20150312_001938	랭킹 테스트 1
ETC_20150312_001939	데미지 랭킹
ETC_20150312_001940	오버 킬 횟수
ETC_20150312_001941	플레이어 킬 횟수
ETC_20150312_001942	케파 킬 횟수
ETC_20150312_001943	몬스터 킬 횟수
ETC_20150312_001944	부활횟수
ETC_20150312_001945	보스 몬스터 킬
ETC_20150312_001946	토너먼트선물
ETC_20150312_001947	퀘스트 수행 횟수
ETC_20150312_001948	야채 재배 횟수
ETC_20150312_001949	의뢰 성공 횟수
ETC_20150312_001950	필드 이벤트 완수
ETC_20150312_001951	대길이 대화
ETC_20150312_001952	보물상자
ETC_20150312_001953	아이템제작
ETC_20150312_001954	미용실
ETC_20150312_001955	접속 횟수
ETC_20150312_001956	세계 탐색 점수
ETC_20150312_001957	CBT1 참여
ETC_20150312_001958	스탠스없음
ETC_20150312_001959	운기조식_공용
ETC_20150312_001960	시천권_총결
ETC_20150312_001961	매화검법_상
ETC_20150312_001962	매화검법_중
ETC_20150312_001963	매화검법_하
ETC_20150312_001964	매화검법_상_연계
ETC_20150312_001965	매화검법_중_연계
ETC_20150312_001966	매화검법_하_연계
ETC_20150312_001967	캐릭터이동속도
ETC_20150312_001968	운기조식_화선
ETC_20150312_001969	경공술_화선
ETC_20150312_001970	테스트용
ETC_20150312_001971	화선도중당
ETC_20150312_001972	영빈관
ETC_20150312_001973	기화영초원
ETC_20150312_001974	산명탑
ETC_20150312_001975	배현문
ETC_20150312_001976	보명탑
ETC_20150312_001977	화선도 선착장
ETC_20150312_001978	매화검각
ETC_20150312_001979	허저부두
ETC_20150312_001980	매향관
ETC_20150312_001981	영화탄부두
ETC_20150312_001982	희신대
ETC_20150312_001983	청경연
ETC_20150312_001984	군암지
ETC_20150312_001985	협풍곡
ETC_20150312_001986	현풍벽
ETC_20150312_001987	화원대로
ETC_20150312_001988	읍립로
ETC_20150312_001989	송인로
ETC_20150312_001990	화선주로
ETC_20150312_001991	해수림
ETC_20150312_001992	현화구
ETC_20150312_001993	대화원
ETC_20150312_001994	소화원
ETC_20150312_001995	허저평
ETC_20150312_001996	현가목장
ETC_20150312_001997	맨손
ETC_20150312_001998	에페 갸르드
ETC_20150312_001999	사격
ETC_20150312_002000	마법
ETC_20150312_002001	머리키움
ETC_20150312_002002	머리리줄임
ETC_20150312_002003	양손키움
ETC_20150312_002004	양발키움
ETC_20150312_002005	머리양손양발키움
ETC_20150312_002006	파괴력 강화
ETC_20150312_002007	베라카라스의 공격력이 증가합니다
ETC_20150312_002008	활성석 지님
ETC_20150312_002009	억제기를 파괴할 수 있습니다!
ETC_20150312_002010	사암가루 효과
ETC_20150312_002011	공격력 상승
ETC_20150312_002012	함께하니 무서울게 없습니다!
ETC_20150312_002013	신성한 기운이 이 몬스터를 둘러싸고 있습니다!
ETC_20150312_002014	빛의 안개
ETC_20150312_002015	빛의 안개가 마족들로부터 사용자를 숨겨줍니다
ETC_20150312_002016	날뛰는 홍염의 보석의 기운
ETC_20150312_002017	홍염의 보석이 폭주면서 공격력이 증가합니다.
ETC_20150312_002018	강화된 가시 꽃가루 효과
ETC_20150312_002019	탁한 기운에서 정신을 잃지 않습니다.
ETC_20150312_002020	인식 불가
ETC_20150312_002021	오염된 에하드의 기운때문에 수호자들이 아군과 적군을 구분하지 못합니다.
ETC_20150312_002022	자연 치유력
ETC_20150312_002023	담수의 효과로 네펜더스의 체력이 빠르게 차오릅니다
ETC_20150312_002024	신경독
ETC_20150312_002025	몬스터의 체내에서 합성독이 만들어지고 있습니다!
ETC_20150312_002026	발각당함
ETC_20150312_002027	섬광탄에 의해 발각되었습니다. 하지만 곧 도망치겠죠!
ETC_20150312_002028	연막탄에 맞아서 혼란상태에 빠졌습니다
ETC_20150312_002029	포박당함
ETC_20150312_002030	포승줄에 걸렸습니다!
ETC_20150312_002031	로무바 
ETC_20150312_002032	마족들에게 20%추가 피해를 입힙니다!
ETC_20150312_002033	마기 감염
ETC_20150312_002034	이 몬스터는 마기에 감염되었습니다!
ETC_20150312_002035	흩어진 계단 단체 버프
ETC_20150312_002036	공격력이 +150 증가합니다
ETC_20150312_002037	적갈나무 단층 숲 단체 버프
ETC_20150312_002038	방어력이 +100 증가합니다
ETC_20150312_002039	중립
ETC_20150312_002040	중립 상태
ETC_20150312_002041	위험신호!
ETC_20150312_002042	제스티가 근처에 있습니다!
ETC_20150312_002043	신성화
ETC_20150312_002044	결계의 힘에 의해 영혼이 분리된 상태입니다!
ETC_20150312_002045	결계가 충전 중입니다!
ETC_20150312_002046	탁기 중독
ETC_20150312_002047	소환 수정에 흘러 나오는 탁한 기운에 중독됐습니다. 
ETC_20150312_002048	세뇌
ETC_20150312_002049	세뇌가 진행 중입니다
ETC_20150312_002050	로무바 성수의 효과 : 마족에게 발각당하지 않음
ETC_20150312_002051	성령폭탄 부착됨
ETC_20150312_002052	공용사망
ETC_20150312_002053	성령 결박
ETC_20150312_002054	이 마족은 성령석에게 생명력을 흡수당하고 있습니다!
ETC_20150312_002055	결박되었습니다!
ETC_20150312_002056	불길한 기운
ETC_20150312_002057	공격적인 성향을 보입니다
ETC_20150312_002058	말다 제단의 기운
ETC_20150312_002059	말다 제단의 기운이 마족 몬스터를 감싸고 있습니다!
ETC_20150312_002060	자신감
ETC_20150312_002061	마족을 상대하기 수월해 졌습니다
ETC_20150312_002062	글로제자스의 힘
ETC_20150312_002063	마족을 개종시킬 수 있습니다!
ETC_20150312_002064	눈속임
ETC_20150312_002065	나른초 향기
ETC_20150312_002066	나른초의 향기에 몸이 나른해져 이동속도가 감소합니다.
ETC_20150312_002067	탄화 중
ETC_20150312_002068	불에 타고 있습니다!
ETC_20150312_002069	수액 흘림
ETC_20150312_002070	수액을 채취 당하는 중입니다
ETC_20150312_002071	불타는 중
ETC_20150312_002072	불타는 중입니다!
ETC_20150312_002073	정신지배(리자드맨)
ETC_20150312_002074	이 리자드맨은 정신지배 당했습니다.
ETC_20150312_002075	정신지배(인프로버크)
ETC_20150312_002076	이 인프로버크는 정신지배 당했습니다.
ETC_20150312_002077	향나는 돌가루가 묻어있습니다.
ETC_20150312_002078	달콤한 향기
ETC_20150312_002079	달콤한 향기가 납니다.
ETC_20150312_002080	벌통조각의 냄새
ETC_20150312_002081	달콤한 벌통조각의 냄새를 맡았습니다.
ETC_20150312_002082	연출용 석화 버프
ETC_20150312_002083	연출용 사망 정지
ETC_20150312_002084	결계 촛대의 보호막 작동
ETC_20150312_002085	결계 촛대의 보호막 디버프
ETC_20150312_002086	부품 지님
ETC_20150312_002087	정화장치 부품을 지니고 있습니다.
ETC_20150312_002088	향나는 돌가루 묻음
ETC_20150312_002089	향나는 돌가루가 묻었습니다! 강력한 몬스터를 유인합니다
ETC_20150312_002090	선전물 부착
ETC_20150312_002091	왕국군 선전물이 부착되어 있습니다!
ETC_20150312_002092	체취 획득
ETC_20150312_002093	네펜더스가 기절했습니다!
ETC_20150312_002094	광역사살
ETC_20150312_002095	필사적인 질주
ETC_20150312_002096	살아남기 위해 도망치는 중
ETC_20150312_002097	세뇌확인용
ETC_20150312_002098	세뇌걸림
ETC_20150312_002099	축복 - 이동속도 증가
ETC_20150312_002100	축복을 받아 이동속도가 빨라집니다!
ETC_20150312_002101	영혼 분리
ETC_20150312_002102	나무뿌리 수정에 의해 몬스터의 핵심이 분리된 상태입니다!
ETC_20150312_002103	나무뿌리 수정이 대기 중입니다
ETC_20150312_002104	약효 발생
ETC_20150312_002105	시험용 시약의 약효 발생
ETC_20150312_002106	전투 불능
ETC_20150312_002107	따가움
ETC_20150312_002108	가시 덩굴에 찔렸습니다.
ETC_20150312_002109	가시 독
ETC_20150312_002110	기 빨림
ETC_20150312_002111	혼미
ETC_20150312_002112	시간되돌리기
ETC_20150312_002113	시간을 되돌린다. HP,SP,STA,스킬쿨다운 등이 버프받은 시점으로 되돌아간다.
ETC_20150312_002114	시간뒤로재생
ETC_20150312_002115	몬스터 행동을 되감기.
ETC_20150312_002116	꿰임
ETC_20150312_002117	정신과 육체가 연결되어 대미지를 공유한다.
ETC_20150312_002118	스피리추얼체인
ETC_20150312_002119	정신과 육체가 연결되어 데미지를 공유한다.
ETC_20150312_002120	조인트페널티
ETC_20150312_002121	엄빌리클코드
ETC_20150312_002122	연결체로부터 방어력과 피리젠을 공급받는다.
ETC_20150312_002123	연결된 객체들에게 방어력과 피리젠을 전달한다
ETC_20150312_002124	소울디펜스
ETC_20150312_002125	소환수가 주인의 공격을 대신 맞아준다.
ETC_20150312_002126	적의 공격을 예측함.
ETC_20150312_002127	변신
ETC_20150312_002128	몬스터로 변신함.
ETC_20150312_002129	텔레파스
ETC_20150312_002130	식물방어
ETC_20150312_002131	대지의탑 몬스터
ETC_20150312_002132	대지의 탑의 기운을 받습니다.
ETC_20150312_002133	주변 스턴
ETC_20150312_002134	5초뒤 주변 광역 스턴. 큐어로 제거가능
ETC_20150312_002135	암흑바닥생성
ETC_20150312_002136	5초마다 암흑바닥 생성
ETC_20150312_002137	뭉치면 무섭지
ETC_20150312_002138	스턴
ETC_20150312_002139	이동 불가. 피격 시 해제되지만, 대미지를 10% 더 받음.
ETC_20150312_002140	수면
ETC_20150312_002141	잠듦. 행동 불가. 공격을 맞을까지 풀리지 않음.
ETC_20150312_002142	얼음 속성의 공격으로 인해 [결빙] 상태가 됨. 지속적인 피해를 입고, 행동 불가. 
ETC_20150312_002143	정적인 시공간에 갇힘. 행동이 불가능 하지만, 모든 공격 무효화 됨.
ETC_20150312_002144	행동 불가. [석화] 상태인 동안에는 대미지를 50% 덜 받음. 피격시 [석화] 상태가 해제될 가능성이 있음.
ETC_20150312_002145	침묵
ETC_20150312_002146	기본 공격 및 스킬 사용 불가.
ETC_20150312_002147	아군과 적군을 구분하지 못함.
ETC_20150312_002148	지속적인 피해를 입음. 움직이면 움직일수록 더욱 많은 피해를 입게 됨.
ETC_20150312_002149	대량출혈
ETC_20150312_002150	출혈보다 더 심한 지속적인 피해를 입음. 움직이면 움직일수록 더욱 많은 피해를 입게 됨.
ETC_20150312_002151	독 속성 지속적인 피해를 입음. 시간이 지나면 [중독] 상태가 해제 되지만, 해독 스킬이나 해독제를 통해서도 회복 가능.
ETC_20150312_002152	불 속성의 지속적인 피해를 입음.
ETC_20150312_002153	HP와 SP 회복이 불가. 큐어로 해제 가능.
ETC_20150312_002154	공격력 약화
ETC_20150312_002155	공격력 감소. 중첩시 더욱 감소됨.
ETC_20150312_002156	방어력 약화
ETC_20150312_002157	방어력 감소. 중첩시 더욱 감소됨.
ETC_20150312_002158	아머 브레이크
ETC_20150312_002159	방어구의 방어능력이 일시적으로 사라짐.
ETC_20150312_002160	인간, 야수형 몬스터에게 지속적인 피해를 입히고, 가까이에 다른 인간, 야수형 몬스터가 있을 시 확률적으로 전염시킴.
ETC_20150312_002161	둔화
ETC_20150312_002162	이동 속도 50% 감소.
ETC_20150312_002163	소형화
ETC_20150312_002164	몸이 작아짐.
ETC_20150312_002165	대형화
ETC_20150312_002166	몸이 커짐.
ETC_20150312_002167	다른 꿰임상태의 대상과 한 몸이 된 것 처럼, 대미지를 같이 받음.
ETC_20150312_002168	지능과 정신이 일시적으로 대폭 줄어듬.
ETC_20150312_002169	일시적으로 주변이 보이지 않음.
ETC_20150312_002170	방어능력이 향상됩니다.
ETC_20150312_002171	이동속도가 향상됩니다.
ETC_20150312_002172	공격능력이 향상됩니다.
ETC_20150312_002173	철갑화
ETC_20150312_002174	일정 시간 동안 공격을 20%만큼 반사시킵니다.
ETC_20150312_002175	충격 흡수
ETC_20150312_002176	일정 시간 동안 공격을 막아주는 보호막을 생성 합니다.
ETC_20150312_002177	이동속도가 감소됩니다.
ETC_20150312_002178	공격력 감소
ETC_20150312_002179	공격력이 감소됩니다.
ETC_20150312_002180	헬가세르클의 분노
ETC_20150312_002181	방어력 상승
ETC_20150312_002182	아콘의 분노
ETC_20150312_002183	끈적임
ETC_20150312_002184	끈적임으로 인해 이동속도가 감소합니다.
ETC_20150312_002185	분노 상태가 됩니다. 방어력이 증가합니다.
ETC_20150312_002186	방어력 강화
ETC_20150312_002187	일시적으로 방어력이 증가합니다
ETC_20150312_002188	이동속도 강화
ETC_20150312_002189	일시적으로 이동속도가 증가합니다
ETC_20150312_002190	돌아가기
ETC_20150312_002191	수정 가시
ETC_20150312_002192	지속 회복
ETC_20150312_002193	10초당 HP 20%씩 회복
ETC_20150312_002194	방어력 극대화
ETC_20150312_002195	공격력 극대화
ETC_20150312_002196	체력 감소
ETC_20150312_002197	체력이 감소 됩니다.
ETC_20150312_002198	움직임이 느려지고, 정신력이 감소합니다.
ETC_20150312_002199	독구름
ETC_20150312_002200	지속적으로 대미지를 입는 상태입니다..
ETC_20150312_002201	독구름.
ETC_20150312_002202	혈점자극
ETC_20150312_002203	공격력이 증가하고 방어력이 하락합니다.
ETC_20150312_002204	아이템 대박
ETC_20150312_002205	잡으면 아이템 대박
ETC_20150312_002206	독 바르기
ETC_20150312_002207	무기에 독을 발랐습니다.
ETC_20150312_002208	체력을 회복합니다.
ETC_20150312_002209	죽음의 눈
ETC_20150312_002210	죽음이 기다리고 있습니다. 스킬 사용 불가.
ETC_20150312_002211	격노
ETC_20150312_002212	공격력 100% 증가.{nl}밀림, 넘어짐 효과에 면역.
ETC_20150312_002213	복수
ETC_20150312_002214	반격이 가능.
ETC_20150312_002215	이동 속도 50% 감소
ETC_20150312_002216	공격불가
ETC_20150312_002217	감전
ETC_20150312_002218	방어력 감소, 이동속도 감소
ETC_20150312_002219	탈진
ETC_20150312_002220	힘을 소진하여, 휴식을 취해야 합니다. 또한 방어력이 하락합니다.
ETC_20150312_002221	무적
ETC_20150312_002222	무적 스킬 사용 중. 몬스터를 공격할 수 없습니다.
ETC_20150312_002223	큐바스 버프
ETC_20150312_002224	큐바스 : 플레임
ETC_20150312_002225	큐바스의 불 속성 저항력이 상승합니다. 
ETC_20150312_002226	큐바스 : 워터
ETC_20150312_002227	큐바스의 얼음 속성 저항력이 상승합니다. 
ETC_20150312_002228	큐바스 : 템페스트
ETC_20150312_002229	큐바스의 번개 속성 저항력이 상승합니다. 
ETC_20150312_002230	마법 무효화
ETC_20150312_002231	마법 공격을 무효화
ETC_20150312_002232	물리 공격 축적
ETC_20150312_002233	적에게 물리 공격을 받을때 마다 중첩됩니다.
ETC_20150312_002234	마법 공격 축적
ETC_20150312_002235	적에게 마법 공격을 받을때 마다 중첩됩니다.
ETC_20150312_002236	망치충격
ETC_20150312_002237	큰 충격을 받음.
ETC_20150312_002238	끈적이 거품
ETC_20150312_002239	화상
ETC_20150312_002240	주기적으로 1의 피해. 스킬 사용 불가
ETC_20150312_002241	이동속도 증가 범위 버프
ETC_20150312_002242	이동속도 하향 디버프
ETC_20150312_002243	블락 확률 증가
ETC_20150312_002244	블럭 확률 증가 버프
ETC_20150312_002245	이속증가 버프
ETC_20150312_002246	이동속도 증가 버프
ETC_20150312_002247	파이어 월
ETC_20150312_002248	파이어 월 스킬
ETC_20150312_002249	큐어 디버프
ETC_20150312_002250	화상 디버프
ETC_20150312_002251	힐 디버프
ETC_20150312_002252	힐 공격
ETC_20150312_002253	공격력 증가 버프
ETC_20150312_002254	공격력 증가 상수 버프
ETC_20150312_002255	공격력 감소 디버프
ETC_20150312_002256	어그레서 버프
ETC_20150312_002257	회피율 감소, 명중률 증가
ETC_20150312_002258	트랜스포스 버프
ETC_20150312_002259	몬스터의 체력을 공격력으로 전환
ETC_20150312_002260	던져지는중
ETC_20150312_002261	던져지는 중
ETC_20150312_002262	지속적으로 화염 대미지를 입는 상태입니다.
ETC_20150312_002263	HP제한
ETC_20150312_002264	독출혈
ETC_20150312_002265	독지역 생성
ETC_20150312_002266	패러뮨 콜렉션
ETC_20150312_002267	부베족을 물리쳐라!
ETC_20150312_002268	테스트 부베족을 물리쳐라!
ETC_20150312_002269	숏 컷
ETC_20150312_002270	비대칭 숏 컷
ETC_20150312_002271	롱 샤기
ETC_20150312_002272	리젠트
ETC_20150312_002273	볼륨 컬
ETC_20150312_002274	숏 샤기
ETC_20150312_002275	포니테일
ETC_20150312_002276	넘긴 머리
ETC_20150312_002277	트윈테일
ETC_20150312_002278	베이비펌
ETC_20150312_002279	레게포니테일
ETC_20150312_002280	댄디
ETC_20150312_002281	더블 번
ETC_20150312_002282	숏 포니테일
ETC_20150312_002283	롱 레이어드
ETC_20150312_002284	노블 웨이브
ETC_20150312_002285	숏 트윈테일
ETC_20150312_002286	쉐도우펌
ETC_20150312_002287	묶은 롱 웨이브
ETC_20150312_002288	제목
ETC_20150312_002289	짧은 설명
ETC_20150312_002290	설명1
ETC_20150312_002291	간략한 설명
ETC_20150312_002292	자세한 설명
ETC_20150312_002293	사진에 대한 부가 설명
ETC_20150312_002294	기본조작법
ETC_20150312_002295	이동
ETC_20150312_002296	방향키를 이용하여 자유롭게 이동할 수 있습니다.
ETC_20150312_002297	방향키
ETC_20150312_002298	를 이용하여 캐릭터를 이동시킬 수 있습니다.{nl}{img arrowkey_up 40 40}{img arrowkey_down 40 40}{img arrowkey_left 40 40}{img arrowkey_right 40 40}
ETC_20150312_002299	를 조합하여 대각선 이동을 할 수 있습니다.{nl}{img arrowkey_up 40 40}{img arrowkey_down 40 40}{img arrowkey_left 40 40}{img arrowkey_right 40 40}
ETC_20150312_002300	{nl} {nl}캐릭터를 이동시키면 스태미나가 소모됩니다.
ETC_20150312_002301	점프를 사용하면 낮은 장애물을 뛰어넘거나 높은 곳에 올라갈 수 있습니다.
ETC_20150312_002302	{img X 40 40}키 이용하여 점프를 사용할 수 있습니다.
ETC_20150312_002303	범위 내의 적을 공격하여 피해를 줄 수 있습니다.
ETC_20150312_002304	{img Z 40 40}키를 이용하여 캐릭터별 기본공격을 할 수 있습니다.
ETC_20150312_002305	{img Z 40 40}키를 연타하거나 계속 누르고 있으면 연속공격을 할 수 있습니다.
ETC_20150312_002306	{nl} {nl}{img Ctrl 40 40}키를 이용하면 타겟을 고정할 수 있습니다.
ETC_20150312_002307	{nl} {nl}{img Alt 40 40}키를 이용하면 이동 중 즉시 캐릭터를 멈출 수 있습니다.
ETC_20150312_002308	{img SPACE_BIG 60 40}키를 이용하면 현재 타겟을 즉시 바라봅니다.
ETC_20150312_002309	지도를 사용하여 현재 자신의 위치와 중요지역을 확인할 수 있습니다.
ETC_20150312_002310	{img M 40 40}키를 사용하여 현재 위치한 지역의 지도를 확인할 수 있습니다.{nl} {nl}
ETC_20150312_002311	{nl} {nl}미니맵 아이콘은 현재 지역에 위치한 정보나 {nl}NPC를 표시합니다.{nl}{img minimap_leader 25 25} : 현재 플레이어의 위치를 나타내는 아이콘 입니다.{nl}{img minimap_1_MAIN 25 25} : 현재 진행중인 퀘스트의 목표지점을 나타냅니다.{nl}{img minimap_0 25 25} : 현재 지역의 중요NPC의 위치를 나타냅니다.{nl}{img minimap_goddess 25 25} : 현재 지역의 워프장치를 나타냅니다.{nl}{img minimap_board 25 25} : 현재 지역의 중요정보를 담고있는 게시판을 나타냅니다.{nl}{img minimap_portal 25 25} : 다른지역으로 이동할 수 있는 통로를 나타냅니다.{nl} {nl}
ETC_20150312_002312	한 번도 가보지 못한 지역은 지도에 해당 지형이 보이지 않습니다.
ETC_20150312_002313	탐사를 완료한 지역은 지도에 해당 지형이 표시됩니다.
ETC_20150312_002314	{img N 40 40} 키를 이용하여 월드맵을 확인할 수 있습니다.{nl}방문하지 못한 지역은 월드맵에 표시되지 않으며 한 번이라도 방문한 지역은 월드맵에 활성화 됩니다.
ETC_20150312_002315	활성화된 지역은 마우스를 가져다 대면 해당 지역의 지도를 확인할 수 있습니다.
ETC_20150312_002316	기본정보
ETC_20150312_002317	인벤토리
ETC_20150312_002318	인벤토리를 통해 장착중이거나 소지중인 아이템과 보유중인 재화, 무게를 확인할 수 있습니다
ETC_20150312_002319	{img F2 40 40}키를 사용하여 인벤토리창을 이용할 수 있습니다.
ETC_20150312_002320	{nl} {nl}인벤토리창의 상단은 현재 캐릭터가 각 부위별로 장착 중인 장비입니다{nl} {nl}
ETC_20150312_002321	{nl} {nl}하단은 현재 인벤토리에 들어와 있는 아이템들입니다.{nl}인벤토리의 아이템들은 종류별로 표시됩니다.{nl} {nl}
ETC_20150312_002322	{nl} {nl} 최하단은 현재 인벤토리의 아이템들의 무게 총합과 소지중인 메달과 실버를 보여줍니다.{nl} {nl}
ETC_20150312_002323	퀘스트창을 통해 현재 수행 가능한 퀘스트 정보를 확인할 수 있습니다.
ETC_20150312_002324	{img F5 40 40}키를 사용하여 현재 수행중인 퀘스트 목록을 확인할 수 있습니다.{nl} {nl}
ETC_20150312_002325	{nl} {nl}퀘스트 진행 상태 표시{nl} {img minimap_1_MAIN 24 24} : 메인퀘스트 시작 가능{nl} {img minimap_2_MAIN 24 24} : 메인퀘스트 진행 중{nl} {img minimap_3_MAIN 24 24} : 메인퀘스트 완료 대기{nl} {img minimap_1_SUB 24 24} : 서브퀘스트 시작 가능{nl} {img minimap_2_SUB 24 24} : 서브퀘스트 진행 중{nl} {img minimap_3_SUB 24 24} : 서브퀘스트 완료 대기{nl} {nl}
ETC_20150312_002326	알아보고자 하는 퀘스트 목록을 선택하면 상세 정보를 확인할 수 있습니다.
ETC_20150312_002327	포기 버튼이 활성화된 퀘스트는 
ETC_20150312_002328	포기
ETC_20150312_002329	할 수 있습니다.{nl} {nl}
ETC_20150312_002330	포기한 퀘스트는 상단의 
ETC_20150312_002331	탭에서 확인할 수 있습니다.{nl} {nl}
ETC_20150312_002332	재시작
ETC_20150312_002333	 버튼을 누르면 포기한 퀘스트를 즉시 시작할 수 있습니다.{nl} {nl}
ETC_20150312_002334	스킬창을 통해 캐릭터의 스킬을 관리할 수 있습니다.
ETC_20150312_002335	{img F3 40 40}키를 사용하여 스킬창을 이용할 수 있습니다.
ETC_20150312_002336	{img skillup 40 40}버튼을 클릭하여 스킬레벨을 올릴 수 있습니다.
ETC_20150312_002337	스킬 레벨을 올린 뒤 적용을 누르면 스킬 레벨이 상승합니다.
ETC_20150312_002338	레벨을 올린 스킬은 슬롯에 추가됩니다.
ETC_20150312_002339	특성
ETC_20150312_002340	마스터 NPC에게 특성을 학습하면 캐릭터를 더욱 강하게 성장시킬 수 있습니다.
ETC_20150312_002341	각 클래스별 마스터NPC를 통해 특성을 학습할 수 있습니다.
ETC_20150312_002342	{nl} {nl}특성을 학습하기 위해선 적정량의 실버가 필요합니다. 또한 각 특성별로 학습을 완료하는데 필요한 시간이 있습니다{nl} {nl}
ETC_20150312_002343	특성은 학습이 완료되어야 사용할 수 있습니다
ETC_20150312_002344	{nl} {nl}학습을 시작한 특성은 자동으로 등록되며 특성을 학습하는 동안은 다른 특성을 학습할 수 없습니다.{nl} {nl}
ETC_20150312_002345	{nl} {nl}학습을 완료한 특성은 스킬창 하단의 특성 목록에서 확인할 수 있습니다.{nl} {nl}
ETC_20150312_002346	{nl} {nl}특성은 상황에 맞춰 키거나 끌 수 있습니다.{nl} {nl}
ETC_20150312_002347	모험일지
ETC_20150312_002348	모험일지를 통해 게임플레이 진행도를 확인하거나 캐릭터 랭킹을 확인할 수 있습니다.
ETC_20150312_002349	{img F4 40 40}키를 사용해서 모험일지 창을 이용할 수 있습니다.
ETC_20150312_002350	{nl} {nl}모험일지의 각 목록별로 갱신된 캐릭터의 점수와 랭킹을 확인할 수 있습니다.{nl} {nl}
ETC_20150312_002351	모험일지의 달성 보상은 도시에 위치한 
ETC_20150312_002352	바이보라의 날개
ETC_20150312_002353	 NPC에게서 받을 수 있습니다.
ETC_20150312_002354	파티
ETC_20150312_002355	다른 플레이어와 파티를 맺고 함께 게임을 진행할 수 있습니다.
ETC_20150312_002356	파티를 맺고자하는 캐릭터에게 다가가 마우스 우클릭 후 
ETC_20150312_002357	파티초대
ETC_20150312_002358	를 선택하여 파티에 파티를 생성할 수 있습니다.
ETC_20150312_002359	파티 생성은 파티에 속하지 않았을 때만 생성 가능합니다.{nl}상대방이 파티 초대를 수락하면 초대와 함께 자동으로 파티가 생성됩니다.
ETC_20150312_002360	파티에 초대된 캐릭터의 정보는 좌측 상단의 파티원 초상화를 우클릭 후 
ETC_20150312_002361	파티정보
ETC_20150312_002362	를 통해 확인할 수 있습니다.
ETC_20150312_002363	혹은 단축키 {img F6 25 25}키를 사용하여 빠르게 확인할 수 있습니다.
ETC_20150312_002364	파티 정보의 
ETC_20150312_002365	탭에서 파티를 좀 더 효과적으로 관리할 수 있습니다.
ETC_20150312_002366	파티 가입조건과 아이템 분배 규칙, 경험치 분배 규칙, 퀘스트 공유를 설정할 수 있습니다.
ETC_20150312_002367	파티원들의 초상화를 클릭하여 파티원들을 관리할 수 있습니다.
ETC_20150312_002368	파티를 떠나고 싶다면 
ETC_20150312_002369	탈퇴
ETC_20150312_002370	를 선택하여 파티에서 나갈 수 있습니다.
ETC_20150312_002371	전투
ETC_20150312_002372	몬스터 정보
ETC_20150312_002373	몬스터를 바라보거나 다가가면 몬스터 정보창을 확인할 수 있습니다.
ETC_20150312_002374	몬스터 정보 창에서 해당 몬스터의 레벨과 이름, 체력 상황을 확인할 수 있습니다.
ETC_20150312_002375	특정 클레스는 몬스터의 정보를 추가로 확인할 수 있습니다.
ETC_20150312_002376	소모된 HP/SP/스태미나는 아래 기능을 통해 회복할 수 있습니다.
ETC_20150312_002377	[자연회복] : 
ETC_20150312_002378	스탯을 기준으로 
ETC_20150312_002379	체력회복속도
ETC_20150312_002380	에 비례하여 회복
ETC_20150312_002381	자연회복은 다른 회복 방법에 비해 매우 느리게 회복되지만 별도의 조작이나 조건이 필요하지 않습니다.
ETC_20150312_002382	[포션회복] : 사용한 포션에 따라 HP/SP/스태미나를 즉시 회복시켜 줍니다.
ETC_20150312_002383	포션 사용 시 재사용 대기시간이 있습니다.
ETC_20150312_002384	[나무뿌리 수정 파괴] : 나무뿌리 수정을 파괴하면 스태미나가 회복됩니다.
ETC_20150312_002385	나무뿌리 수정은 필드 곳곳에 무작위로 생성됩니다.
ETC_20150312_002386	[휴식모드 활용] : 휴식모드에서 모닥불을 추가로 사용하면 더 빠르게 회복할 수 있습니다.
ETC_20150312_002387	휴식모드시 자연회복보다 더 빠르게 회복되지만 모닥불을 키면 더 빠르게 회복됩니다.
ETC_20150312_002388	강력한 마무리 공격으로 몬스터를 처치하면 오버킬이 발동됩니다.
ETC_20150312_002389	캐릭터의 강력한 공격스킬로 몬스터의 남은 HP보다 많은 데미지를 줄 경우 오버킬이 발생됩니다.
ETC_20150312_002390	나무뿌리 수정을 파괴하면 스태미나를 회복할 수 있습니다.
ETC_20150312_002391	필드 곳곳에서 나무뿌리 수정을 찾을 수 있습니다.
ETC_20150312_002392	나무뿌리 수정을 파괴하면 주변의 모든 플레이어의 스태미나가 회복됩니다
ETC_20150312_002393	오버히트
ETC_20150312_002394	특정 스킬은 일정 횟수 이상 연속으로 사용하면 오버히트가 발동합니다.
ETC_20150312_002395	오버히트가 발동되면 해당스킬에 쿨타임이 생기고 잠시 동안 사용할 수 없습니다.
ETC_20150312_002396	아이콘 하단의 게이지가 충전되면 오버히트가 발생합니다.
ETC_20150312_002397	오버히트가 발생하지 않도록 사용가능한 스킬들을 혼용하면 강력한 공격을 쏟아부을 수 있습니다.
ETC_20150312_002398	다 수의 스킬을 사용하여 오버히트 발생을 억제할 수 있다.
ETC_20150312_002399	오버히트가 발동하면 일정 시간 동안 해당 스킬을 사용할 수 없습니다.
ETC_20150312_002400	일정 시간이 지나면 해당 스킬의 사용 횟수가 다시 초기화 됩니다.
ETC_20150312_002401	아이템
ETC_20150312_002402	아이템 제작
ETC_20150312_002403	제작서를 습득하면 유용한 아이템을 제작할 수 있습니다.
ETC_20150312_002404	를 습득하면 자동으로 제작가능한 목록에 추가됩니다.
ETC_20150312_002405	제작서는 몬스터를 처치하거나 상인에게 구입 혹은 퀘스트 보상을 통해 입수할 수 있습니다.
ETC_20150312_002406	{nl} {nl}제작을 시작하기 위해선 {img insert 40 40}키를 눌러 휴식모드로 전환한 후 
ETC_20150312_002407	버튼을 눌러 시작할 수 있습니다.
ETC_20150312_002408	제작하고자 하는 아이템의 재료가 충족되어야 제작을 진행할 수 있습니다.
ETC_20150312_002409	인벤토리에 제작에 필요한 아이템이 충분하다면 휴식 모드에서 
ETC_20150312_002410	 버튼을 눌러서 아이템 제작을 진행할 수 있습니다.
ETC_20150312_002411	제조가 완료되면 인벤토리에 제작된 아이템이 들어옵니다.
ETC_20150312_002412	상점이용
ETC_20150312_002413	상인 NPC에게 물건을 사거나 팔 수 있습니다.
ETC_20150312_002414	도시와 필드를 여행하다보면 상인 NPC를 찾을 수 있습니다
ETC_20150312_002415	안전지역에 자리잡고 있는 상인 NPC를 찾아보세요.{nl} {nl}
ETC_20150312_002416	하단의 아이템 거래창을 통해 NPC와 아이템을 거래 할 수 있습니다.{nl} {nl}[구입] : 구입하고자 하는 아이템을 우클릭하여 종류 및 수량을 정한 뒤 정산{nl}[판매] : 인벤토리에 판매하고자 하는 아이템을 마우스 우클릭하여 종류와 수량을 정한 뒤 정산{nl} {nl}
ETC_20150312_002417	{img Shift 45 45}키를 누른 채로 마우스 우클릭하여 한 번에 많은 수량을 거래할 수 있습니다.{nl} {nl}
ETC_20150312_002418	상점에 판매한 아이템은 재매입 할 수 있습니다.
ETC_20150312_002419	{nl} {nl}실수로 판매한 아이템은 마우스를 우클릭하여 판매한 아이템을 재매입 할 수 있습니다.{nl} {nl}
ETC_20150312_002420	스테이터스 포인트 분배
ETC_20150312_002421	레벨업을 통해 얻은 스테이터스포인트를 사용하여 캐릭터의 능력치를 성장시킬 수 있습니다.
ETC_20150312_002422	{img F1 40 40}키를 사용하여 캐릭터 정보창을 열면 캐릭터의 스테이터스 정보를 확인할 수 있습니다.
ETC_20150312_002423	스테이터스 포인트를 힘/체력/지능/정신/민첩에 투자하여 캐릭터를 성장시킬 수 있습니다.{nl} {nl}  힘   :물리 공격력, 치명타 공격력 증가{nl} {nl}체력 : 최대 HP, HP회복력, 블럭, 치명타 저항, 소지 제한 무게 증가{nl} {nl}지능 : 마법 공격력, 블럭 관통 증가{nl} {nl}정신 : 최대 SP, SP회복력 증가{nl} {nl}민첩 : 명중, 회피, 치명타 발생확률 증가{nl}
ETC_20150312_002424	스테이터스에 포인트를 투자하면 해당 스테이터스를 성장시킬 수 있습니다.
ETC_20150312_002425	투자할 스테이터스의 효과는 하단 
ETC_20150312_002426	탭에서 실시간으로 확인할 수 있습니다.
ETC_20150312_002427	편의기능
ETC_20150312_002428	워프
ETC_20150312_002429	워프 기능을 이용하면 빠르게 원하는 지역으로 이동할 수 있습니다.
ETC_20150312_002430	대도시의 
ETC_20150312_002431	여신상
ETC_20150312_002432	 혹은 
ETC_20150312_002433	을 활성화 시키면 다른 지역에서 해당 지역으로 워프할 수 있습니다
ETC_20150312_002434	여신상을 활성화 시키기 위해선 여신상 주변에 접근해야 합니다.
ETC_20150312_002435	바카리네 여신상을 이용하면 활성화시킨 여신상이 있는 지역으로 빠르게 이동할 수 있습니다.
ETC_20150312_002436	워프 주문서를 사용하면 즉시 워프 기능을 사용할 수 있습니다.
ETC_20150312_002437	워프 주문서로 이동할 수 있는 지역은 활성화된 여신상이 있는 지역으로 제한됩니다.
ETC_20150312_002438	워프 주문서를 다시 사용하면 마지막으로 워프 주문서를 사용한 장소로 빠르게 돌아갈 수 있습니다.
ETC_20150312_002439	워프 주문서는 상점이나 퀘스트의 보상으로 획득할 수 있습니다.
ETC_20150312_002440	돌아가기 버튼을 이용하면 쉽게 퀘스트를 완료할 수 있습니다.
ETC_20150312_002441	퀘스트를 완료하면 지령창 UI에 
ETC_20150312_002442	되돌아가기
ETC_20150312_002443	 버튼이 활성화 됩니다.
ETC_20150312_002444	되돌아가기 버튼
ETC_20150312_002445	({img questinfo_return 40 40})을 클릭하면 완료 NPC가 위치한 지역으로 순간이동할 수 있습니다.
ETC_20150312_002446	혹은 단축키 
ETC_20150312_002447	백스페이스
ETC_20150312_002448	키를 사용하여도 
ETC_20150312_002449	를 사용할 수 있습니다.
ETC_20150312_002450	필드 이벤트
ETC_20150312_002451	여신상에 경배를 드리면 이로운 효과를 얻을 수 있습니다.
ETC_20150312_002452	여신상에 경배를 올리면 각각의 여신상마다 이로운 효과를 줍니다.
ETC_20150312_002453	세계 각 지역에 남아있는 여신상들은 모두 특별한 힘을 갖고 있습니다.
ETC_20150312_002454	을 이용하면 지역간의 워프기능을 사용할 수 있습니다.
ETC_20150312_002455	워프 기능을 사용하기 위해선 해당 지역의 
ETC_20150312_002456	을 활성화 시켜야 합니다.
ETC_20150312_002457	에게서 캐릭터의 스테이터스 포인트를 얻을 수 있습니다.
ETC_20150312_002458	보물 상자
ETC_20150312_002459	에서 특별한 아이템을 얻을 수 있습니다.
ETC_20150312_002460	필드 곳곳에 숨겨져있는 
ETC_20150312_002461	를 찾을 수 있습니다.
ETC_20150312_002462	보물 상자는 여러 단계가 존재하며 특별한 아이템을 얻을 수 있습니다.
ETC_20150312_002463	1단계 보물 상자는 별도의 조건 없이 상자에 가까히 다가가 {img SPACE 40 40}키를 누르면 상자를 열고 보상을 받을 수 있습니다.
ETC_20150312_002464	2단계 보물 상자부터는 보물 상자의 단계에 맞는 열쇠 아이템을 사용해야 상자를 열 수 있습니다.
ETC_20150312_002465	의 열쇠는 퀘스트 진행을 통해서만 획득할 수 있습니다.
ETC_20150312_002466	장비 강화
ETC_20150312_002467	장비를 강화하면 장비의 기본 성능을 올릴 수 있습니다.
ETC_20150312_002468	{img F2 40 40}키를 사용하여 인벤토리를 열고 
ETC_20150312_002469	아이템에 {img mouseclick_right 40 40}하면 장비 강화를 시작할 수 있습니다.
ETC_20150312_002470	아이템은 상인NPC에게 구입하거나 몬스터를 사냥해서 얻을 수 있습니다.
ETC_20150312_002471	모루를 사용한 뒤 장착 중이거나 소지중인 장비를 선택하면 강화창이 등장합니다.
ETC_20150312_002472	장비 강화창에서 
ETC_20150312_002473	강화 시작
ETC_20150312_002474	 버튼을 클릭하면 캐릭터 근처에 
ETC_20150312_002475	가 생성 됩니다. 이때 
ETC_20150312_002476	를 세 번 타격하면 강화가 완료됩니다.
ETC_20150312_002477	장비 강화에 성공하면 해당 장비의 주요 포인트가 상승하며 
ETC_20150312_002478	이 감소하지 않습니다.
ETC_20150312_002479	만약 강화에 실패하면 해당 장비의 강화 효과가 모두 초기화 되며 
ETC_20150312_002480	이 1 포인트 감소합니다.
ETC_20150312_002481	수집
ETC_20150312_002482	콜렉션
ETC_20150312_002483	덱을 습득하여 콜렉션을 완성하면 유용한 효과를 얻을 수 있습니다.
ETC_20150312_002484	콜렉션은 
ETC_20150312_002485	덱
ETC_20150312_002486	 아이템을 통해서 활성화 시킬 수 있습니다.
ETC_20150312_002487	아이템은 다양한 경로로 습득할 수 있으며 사용하면 
ETC_20150312_002488	에 추가됩니다.
ETC_20150312_002489	등록된 
ETC_20150312_002490	은 {img F8 40 40} 키를 사용하여 확인할 수 있습니다.
ETC_20150312_002491	완성하고자 하는 
ETC_20150312_002492	의 정보를 선택하면 완성하는데 필요한 아이템 정보를 확인할 수 있습니다.
ETC_20150312_002493	콜렉션 효과
ETC_20150312_002494	를 활성화시키기 위해선 해당 콜렉션이 요구하는 아이템을 획득하여 해당 슬롯에 장착해야 합니다.
ETC_20150312_002495	인벤토리에 콜렉션에 맞는 아이템이 있다면 해당 콜렉션의 빈 슬롯으로 아이템을 드래그하여 장착하세요.
ETC_20150312_002496	완성된 콜렉션은 하단의 
ETC_20150312_002497	를 캐릭터에게 부여합니다.
ETC_20150312_002498	오직 완성된 콜렉션에서만 
ETC_20150312_002499	를 얻을 수 있습니다.
ETC_20150312_002500	마우스 {img mouseclick_right 40 40}을 누르면 슬롯에서 아이템을 제거할 수 있습니다
