QUEST_LV_0100_20150312_000501	여신들이 모두 사라졌다곤 하지만 아직 내 힘은 건재하잖아?{nl}적어도 가비야님만큼은 어딘가에서 무사하시다는 증거나 다름 없어.
QUEST_LV_0100_20150312_000502	엘레멘탈리스트 마스터
QUEST_LV_0100_20150312_000503	가장 단순한 것이 가장 강한 법입니다.{nl}모든 것의 근원을 탐구하고 싶다면 엘레멘탈리스트의 길을 걸으십시오.
QUEST_LV_0100_20150312_000504	쿼렐슈터 마스터
QUEST_LV_0100_20150312_000505	몬스터를 피해 클라페다로 피난 온 사람들을 보면 참 가슴이 아파.{nl}쿼렐슈터가 되면 그러지 않아도 될 텐데.
QUEST_LV_0100_20150312_000506	레인저 마스터
QUEST_LV_0100_20150312_000507	클라페다 바깥에선 몬스터들이 떼지어 몰려다닌다고 하더군.{nl}미련하게 한 마리씩 해치우느니 내 기술을 배우는게 더 나아.
QUEST_LV_0100_20150312_000508	새퍼 마스터
QUEST_LV_0100_20150312_000509	사람은 후회할 짓을 하고 살면 안돼.{nl}나는 4년 전 신수의 날 때 용서를 구할 사람들마저 잃어버렸어.{nl}
QUEST_LV_0100_20150312_000510	아처 마스터
QUEST_LV_0100_20150312_000511	멀리서 한 명씩 차근차근 처치하는 게 활의 묘미야.{nl}여러 발을 쏜다 한들 활은 맞춰야 의미가 있는 거잖아?
QUEST_LV_0100_20150312_000512	프리스트 마스터
QUEST_LV_0100_20150312_000513	프리스트란 여신을 의심하지 않는 사람이랍니다.{nl}신앙심만이 프리스트를 지탱할 수 있죠.
QUEST_LV_0100_20150312_000514	사두 마스터
QUEST_LV_0100_20150312_000515	물질의 이면에는 진실하고 성스러운 실체가 존재합니다.{nl}세간에서는 영혼이라 불리는 것이죠
QUEST_LV_0100_20150312_000516	렉시퍼
QUEST_LV_0100_20150312_000517	늦었군.{nl}여자를 구하고 싶나?
QUEST_LV_0100_20150312_000518	기술자 오라이온
QUEST_LV_0100_20150312_000519	겔토나스의 목구멍에 땅속을 헤집는 거대한 입, 죽음을 싣고 달린다. {nl}우레가 울린다. 거대한 입이 머리를 물어뜯는다.{nl}
QUEST_LV_0100_20150312_000520	내 생각인데, 이 문구는 아주 위험한 몬스터를 말하는 것 같아.{nl}이런 싹은 미리 잘라버리는게 낫지 않겠어?
QUEST_LV_0100_20150312_000521	이 미끼를 겔토나스 고원 가는 길에 설치해 줘.{nl}나무 뒤에 숨어 있으면 금방 그 몬스터가 나타날 거야.
QUEST_LV_0100_20150312_000522	수고했어.{nl}그 몬스터보다 더 엄청난 몬스터가 나오기 전에 철수해야지.
QUEST_LV_0100_20150312_000523	이 메모가 사실이라면 사실 언제 죽어도 모를 일이잖아?{nl}그런데 이 메모의 주인은 어떻게 된 거지?
QUEST_LV_0100_20150312_000524	덤블볼이라는 것이 있습니다.{nl}병사들의 증언에 의하면 그걸 먹은 샤울렘들은 눈빛부터 바뀐다는군요.{nl}겁을 상실했다고 해야 하나.. 그렇게 무서운 샤울렘들은 처음 봤다고 합니다.{nl}
QUEST_LV_0100_20150312_000525	다행히 정찰병이 덤블볼이 저장된 위치를 알아냈다고 합니다.{nl}그걸 찾아내서 태워버린다면 전세는 우리 쪽으로 기울어지게 될 겁니다.{nl}우선 제4 보급창고의 안쪽에 허름한 나무상자입니다.
QUEST_LV_0100_20150312_000526	혹시나 먹겠다던가 그런 생각은 절대 마시기 바랍니다.{nl}무엇이 재료인지는 모르겠으나 굉장한 설사에 시달린다는군요.
QUEST_LV_0100_20150312_000527	좋습니다. 계속 파괴해 주십시오.{nl}다음 위치는 제2 보급창고입니다.
QUEST_LV_0100_20150312_000528	우리 보급품에다 대고 그런 더러운 짓을 했단 말이지.{nl}정말 화가 나서 견딜 수가 없군. {nl}
QUEST_LV_0100_20150312_000529	병사들 정보에 의하면 암지나 굽잇길에 또 다른 몬스터가 출현한다고 하네.{nl}스파르나스와 관련이 있는지 자네가 확인해 주게.
QUEST_LV_0100_20150312_000530	진짜 별 웃기지도 않는 것들이 계속 달라붙는군.{nl}이제부터 스파르나스를 잡을 거야.{nl}처음이자 마지막 기회가 되겠지. 준비가 다 되면 내게 말하게.
QUEST_LV_0100_20150312_000531	정말 가지가지 하는군.{nl}생명줄과도 같은 보급품에 손을 대다니 시장 한가운데 묶어놓고 몽둥이 찜질을 해 줘도 시원치 않겠어.
QUEST_LV_0100_20150312_000532	주머니턱 투투라니, 웃기지도 않는군.{nl}그런 잔챙이따위 챙길 여유는 없단 말이다.{nl}
QUEST_LV_0100_20150312_000533	레벨 업을 했다면 한 가지 스테이터스를 선택해서 더욱 강해질 수 있습니다.{nl}지금 확인해 보시겠어요?
QUEST_LV_0100_20150312_000534	자신이 앞으로 어떻게 될 건지 미리 생각해 두는 게 중요합니다.{nl}결코 쉬운 건 아니지요.
QUEST_LV_0100_20150312_000535	그래요. 그렇게 하는 겁니다.{nl}간단하죠?
QUEST_LV_0100_20150312_000536	아라스님은 숲 중앙의 거점에 계십니다.{nl}하지만 여기도 몬스터가 엄청나게 불어나서 왠만하면 들어가시지 말라고 하고 싶습니다.
QUEST_LV_0100_20150312_000537	어떻게든 클라페다로 들어오는 몬스터들은 막아 내고 있습니다만.{nl}몬스터가 불어난 원인을 찾아서 제거하지 않으면 곤란해질 겁니다.{nl}
QUEST_LV_0100_20150312_000538	제가 광산 3층에서 느꼈던 이질적인 느낌에 대해 말씀드렸었죠.{nl}그게 마을 사람들이 말하는 소녀와 관련이 있는 건 아닐까 하는 생각이 자꾸 드는군요.{nl}
QUEST_LV_0100_20150312_000539	제가 직접 만나지 못한 게 아쉬울 따름입니다.
QUEST_LV_0100_20150312_000540	마을 사람들을 구해 주신 건 감사합니다만.{nl}설마 폐쇄된 구역에 가신 건 아니겠지요?
QUEST_LV_0100_20150312_000541	여기서 왼쪽에 있는 마지막 봉인을 빨리 푸는 게 좋겠어.{nl}공기의 냄새가 변하고 있거든. 이건 마족이야.
QUEST_LV_0100_20150312_000542	마족들이 점점 모여들고 있어. 심상치가 않아.{nl}봉인을 겹겹이 했지만, 이 불안감은 설명할 수가 없군.
QUEST_LV_0100_20150312_000543	내가 맡은 냄새가 비테레지나였군.{nl}다치지 않은 것 같으니 다행이야.
QUEST_LV_0100_20150312_000544	자. 감춰둔 성소의 문이 열렸으니 들어가게.{nl}자카리엘 대왕의 유산을 지키기 위한 두 개의 봉인 중 첫 번째 봉인이 있지.
QUEST_LV_0100_20150312_000545	이제 자카리엘 대왕의 영면을 지켜보는 일만 남았군.{nl}자네를 만나게 되서 아주 영광이었네.
QUEST_LV_0100_20150312_000546	수고했네.{nl}긴 다리 협곡에서 모르쿠스가 자넬 기다리고 있어. 어서 가게.
QUEST_LV_0100_20150312_000547	대왕께서 남기신 유산을 노리는 이가 있어.{nl}봉인이 아니였다면 벌써 빼앗기고도 남았을 테지.{nl}
QUEST_LV_0100_20150312_000548	그 덕에 제자들 몇 명이 그만 죽고 말았어.{nl}하지만 이상한 일이지. 마치 전혀 없었던 일 같아.
QUEST_LV_0100_20150312_000549	구스타스님이랑 우리 선배가 있었고.{nl}그럼 내가 막내였던가? 아닌데..
QUEST_LV_0100_20150312_000550	저희 구스타스 스승님께서는 자카리엘 대왕의 유산을 지키는 것을 자랑스러워 하십니다.{nl}그걸 넘겨주고 나면 이젠 무얼 하시려나?
QUEST_LV_0100_20150312_000551	도대체 이 협곡에는 얼마나 많은 것들이 숨어 있는 걸까.{nl}분명 왕의 유산도 더 있겠지요?
QUEST_LV_0100_20150312_000552	옛 문헌에 의하면 왕은 석공들의 기억을 마법으로 지웠다는 군요.{nl}왕릉을 지키기 위해서라는데, 그 부분만 쏙 지울 수 있다니 대단한 것 같아요.
QUEST_LV_0100_20150312_000553	연락관 니안
QUEST_LV_0100_20150312_000554	보셨죠? 그래서 만지지 말라고 한 겁니다.{nl}이 때문에 이 지역은 철수 명령이 내려온 거고요.{nl}
QUEST_LV_0100_20150312_000555	흠. 방금 일로 저까지 휘말릴 뻔 했으니 심부름 정돈 해 주시겠죠.{nl}조사단 캠프에 계신 아델님께 이런 돌을 조심하라 전해주세요.
QUEST_LV_0100_20150312_000556	기묘한 음각이 새겨진 돌을 찾고 있습니다.{nl}이런 돌을 보시면 절대 만지지 마시고 저희에게 알려주십시오.
QUEST_LV_0100_20150312_000557	사학자 아델
QUEST_LV_0100_20150312_000558	돌이요? 니안도 참. 이미 알고 있어요.{nl}하지만 그 돌의 정체가 궁금하지 않아요?
QUEST_LV_0100_20150312_000559	몬스터가 갑자기 흉폭해지고 마구 달려들잖아요.{nl}보통 일은 아닐 거에요.
QUEST_LV_0100_20150312_000560	이 정도면 충분해요.{nl}사악한 힘.. 마족이 뭔가 수작을 부리고 있는 건 확실하네요.
QUEST_LV_0100_20150312_000561	든든한 동료가 생겼네요.{nl}주변의 호그마에게서 구할 수 있으니 부탁할게요.
QUEST_LV_0100_20150312_000562	고고학자 프리드카
QUEST_LV_0100_20150312_000563	특별한 돌기둥을 찾고 있는데 펜대나 쥐어 본 내가 무얼 할 수 있겠나.{nl}사례는 충분히 할 테니 어때. 관심 있나?
QUEST_LV_0100_20150312_000564	철수 명령이 떨어진 건 알지만 이건 알아야겠어.{nl}섭섭치 않게 사례하겠네.
QUEST_LV_0100_20150312_000565	좋네. 먼저 호그마들에게 호신부를 모아 오게.{nl}그 다음엔 겔토나스 고원의 아래쪽에 있는 돌기둥에 그 호신부를 올려놓으면 되네.
QUEST_LV_0100_20150312_000566	최대한 빨리 여길 떠야지. 더 큰 위험이 닥치기 전에 말야.{nl}연구도 좋지만 어쩌자고 이런 깊숙한 곳까지 들어왔는지..{nl}왕실도 이런 연구보단 재난민 구호 쪽에 좀 더 신경을 쓰는 게 좋을 거 같은데.
QUEST_LV_0100_20150312_000567	이런 데에 기술자가 왜 있느냐고?{nl}그야 당연히 자문 역할이지. {nl}어떻게 이런 거대한 구조물이 수백 년을 버텨 왔는지 알려면 나 같은 기술자가 있어야 하지 않겠어?.
QUEST_LV_0100_20150312_000568	하지만 실체를 봐야 알지. {nl}언제까지 계산 식만 들여다본다고 해도 정확히 알 순 없다고.
QUEST_LV_0100_20150312_000569	이 지도에 따르면 돌기둥 언덕에 내가 찾는 게 있어.{nl}자. 그럼 탁본을 부탁하겠네.{nl}{nl}
QUEST_LV_0100_20150312_000570	내가 직접 갈 수 있다면 얼마나 좋겠나.{nl}몸이 따라주지 않는 게 문제지.
QUEST_LV_0100_20150312_000571	수고했네. {nl}원하는 걸 얻었으니 이제 나도 철수해야지.{nl}그나저나 누가 마법으로 훼손한 흔적이 있군. 누군진 몰라도 쯧.
QUEST_LV_0100_20150312_000572	이만 철수해야겠어요.{nl}더 자세한 연구는 안전한 곳에서 하는 게 좋을 것 같거든요.{nl}
QUEST_LV_0100_20150312_000573	그런데, 이 돌들이 왜 이러죠?
QUEST_LV_0100_20150312_000574	저와 함께 계속 일해왔다면 모를까, 아직은 믿고 맡길 수 없습니다.{nl}실력을 더 쌓고와 주세요.
QUEST_LV_0100_20150312_000575	마을 사람들이 끌려가도록 놔 둘 수밖에 없었던 저 자신을 도저히 용납할 수가 없습니다.
QUEST_LV_0100_20150312_000576	자신을 믿는 힘. 끝없는 자신감.{nl}자신의 의사를 현실에 투영하는 데 있어 가장 중요한 것이지.{nl}그게 사이코키노의 본질이자 세상을 움직일 힘일세.
QUEST_LV_0100_20150312_000577	링커란 서로를 마나의 끈으로 잇는 사람이에요.{nl}그 연결이 얼마나 튼튼한지는 마나의 질에 따라 다르답니다.
QUEST_LV_0100_20150312_000578	캐터프랙트 마스터
QUEST_LV_0100_20150312_000579	캐터프랙트는 앞을 가로막는 적을 모두 꿰뚫고 나아가는 힘이 있지.{nl}최전선에서 싸우는 용감한 전사들이라고.
QUEST_LV_0100_20150312_000580	어서 오세요. 다행히 물약 재고는 남아 있네요.
QUEST_LV_0100_20150312_000581	좋은 장비를 찾으시오?{nl}구할 수 있는 물건중에 제일 좋은 것만 들여 놓았소.{nl}가격도 나쁘지 않으니 천천히 둘러보시오.
QUEST_LV_0100_20150312_000582	참, 이 모루는 절 구해 주신 작은 보답입니다.{nl}장비를 강화할 수 있는 요긴한 물건이지요. {nl}
QUEST_LV_0100_20150312_000583	그럼, 광산 안에서 뵙겠습니다.
QUEST_LV_0100_20150312_000584	광산마을 촌장
QUEST_LV_0100_20150312_000585	너울 고원은 쌍둥이 다리의 중간에서 아래쪽으로 내려가면 은수 협곡이 나오지.{nl}은수 협곡에서 오른쪽으로 더 들어가면 너울 고원으로 갈 수 있을 걸세.
QUEST_LV_0100_20150312_000586	여신 사울레
QUEST_LV_0100_20150312_000587	어서 계시를 되찾으러 낙우림으로 가 주세요.{nl}마군주 브람블이 힘을 회복하는 지금이 바로 기회입니다.
QUEST_LV_0100_20150312_000588	왕릉 초석
QUEST_LV_0100_20150312_000589	이곳을 찾아온 계시자에게 전한다.{nl}나 자카리엘은 여신의 뜻을 수호하기 위해 이곳에 잠드노라.{nl}
QUEST_LV_0100_20150312_000590	만일 이곳에 사악한 존재가 침입하거든 잠든 수호자를 깨워 막도록 하라.{nl}{nl}
QUEST_LV_0100_20150312_000591	왕릉 큐브 사용법
QUEST_LV_0100_20150312_000592	사악한 기운에 더럽혀진 수호자는 왕릉 수호의 임무를 잊어버릴 것이다.{nl}더럽혀진 수호자는 큐브 근처에서 제압하여 왕릉의 일부로 되돌릴 수 있다.
QUEST_LV_0100_20150312_000593	수호체계 정비법
QUEST_LV_0100_20150312_000594	사악한 기운에 더럽혀져 왕릉 수호의 임무를 망각한 수호장치는 파괴됨이 마땅하다.
QUEST_LV_0100_20150312_000595	수호자의 역할
QUEST_LV_0100_20150312_000596	제 임무를 잊은 수호자의 동력원을 봉헌하면 왕릉의 일부로 되돌릴 수 있다.
QUEST_LV_0100_20150312_000597	수호자의 석상
QUEST_LV_0100_20150312_000598	제어 마법의 흐름에 사악한 기운이 실려 수호자들이 오염되었다.{nl}더 이상 퍼지지 않도록 오염된 수호자를 파괴하라.
QUEST_LV_0100_20150312_000599	사악한 존재는 왕릉의 뿌리부터 잠식하려고 한다.{nl}모든 제어 마법이 오염되면 더 이상 왕릉을 지킬 수 없다.
QUEST_LV_0100_20150312_000600	마치 역병처럼 수호자들이 더럽혀지고 있다.{nl}특별한 방법을 써야 할 것이다.
QUEST_LV_0100_20150312_000601	오염된 수호자들이 잠들어 있을 때 파괴할 것이다.{nl}항아리에서 응축된 마력원을 모아 오라.
QUEST_LV_0100_20150312_000602	잠들어 있는 수호자를 위해 여신께 기도를 올릴 뿐이다.
QUEST_LV_0100_20150312_000603	오염된 수호자들이 눈을 떠 마족의 명령을 듣기 전에 제거해야 한다.
QUEST_LV_0100_20150312_000604	응축된 마력원을 사용하여 오염된 채로 잠들어 있는 수호자를 제거하라.{nl}제거를 방해하는 이가 있다면 그 또한 제거하라.
QUEST_LV_0100_20150312_000605	잠든 수호자가 깨어나기 전에 제거해야 한다.
QUEST_LV_0100_20150312_000606	왕릉의 수호자로써 마족의 명령을 듣는 것은 크게 통탄할 일이다.
QUEST_LV_0100_20150312_000607	참으로 간악한 존재로다.{nl}왕릉의 가장 깊은 곳에서 그를 막을 것이다.
QUEST_LV_0100_20150312_000608	왕릉 설계도
QUEST_LV_0100_20150312_000609	사악한 존재가 여신의 계시에 가까워지면 수호자는 왕릉을 파괴하도록 되어 있다.
QUEST_LV_0100_20150312_000610	사악한 존재가 여신의 계시에 점점 가까워지고 있다.{nl}허나 그는 절대로 계시를 손에 넣을 수 없을 것이다.{nl}
QUEST_LV_0100_20150312_000611	계시자여, 수호자에게서 왕릉 마력의 원천을 모아 오라.
QUEST_LV_0100_20150312_000612	인간으로서는 어쩔 수 없는 존재를 위해 준비된 것이다.{nl}
QUEST_LV_0100_20150312_000613	왕릉의 항아리에 왕릉 마력의 원천을 부으라.{nl}그에게서 거짓 계시의 허상을 보여 줄 것이다.{nl}
QUEST_LV_0100_20150312_000614	사악한 존재는 절대로 계시를 얻을 수 없다.
QUEST_LV_0100_20150312_000615	그 존재가 거짓 계시를 얻었구나.{nl}참으로 어리석은 집착이로다.{nl}
QUEST_LV_0100_20150312_000616	이 항아리에 수호자의 의지를 담아 마지막 수호자에게 가져가라.{nl}사악한 존재를 물리칠 수 있도록 힘을 빌려 주리라.
QUEST_LV_0100_20150312_000617	사악한 존재는 여신의 계시를 결코 손에 넣을 수 없다.
QUEST_LV_0100_20150312_000618	수호자들이 자신의 사명을 다 하려면 뒤틀린 제어 마법을 올바르게 바로 잡아야 한다.
QUEST_LV_0100_20150312_000619	왕릉의 마력원이 오염되면 수호자들이 제 임무를 잊을 것이다.{nl}수호자 내부의 불타는 돌로 석등에 불을 밝혀 마력원을 정화할 수 있다.
QUEST_LV_0100_20150312_000620	왕릉 마력 억제기 설명서
QUEST_LV_0100_20150312_000621	활성석의 힘이 유지될 때 왕릉 마력 억제기를 파괴할 수 있다.{nl}활성석의 힘이 사라지거든 왕릉 마력 억제기 설명서를 통해 다시 얻을 수 있다.
QUEST_LV_0100_20150312_000622	마족의 간계로 제어 마법의 흐름이 끊어지고 말았다.{nl}수호자의 마력원을 모아 부족한 마력을 충당하여야 한다.
QUEST_LV_0100_20150312_000623	충분하다. {nl}이제 부족한 마력을 충당할 차례이다.
QUEST_LV_0100_20150312_000624	길을 열어 주겠다.{nl}왕릉 석등을 다시 점화하여 부족한 마력을 충당하도록 하라.
QUEST_LV_0100_20150312_000625	제어 마법이 다시 흐른다면 수호자들이 이성을 찾을 것이다.{nl}그러나 상당한 시간이 걸릴 것이다.
QUEST_LV_0100_20150312_000626	더럽혀진 수호자들은 마력 용기를 노릴 것이다.{nl}제어 마법이 다시 온전히 흐를 때까지 마력 용기를 지켜야 한다.
QUEST_LV_0100_20150312_000627	마력 용기는 왕릉의 심장과도 같은 것이다.{nl}절대 파괴되도록 내버려 둘 수 없다.
QUEST_LV_0100_20150312_000628	곧 많은 규칙들이 제자리를 찾을 것이다.{nl}허나 많은 시간이 필요할 것이다.
QUEST_LV_0100_20150312_000629	사악한 기운이 제어 마법의 흐름을 타고 왕릉의 곳곳에 고여 있도다.{nl}오염된 응어리를 찾아 제거하라.
QUEST_LV_0100_20150312_000630	왕릉의 설계는 완벽했다.{nl}허나 마족의 간계는 완벽을 뛰어넘는 것이었다.
QUEST_LV_0100_20150312_000631	우리 수호자들은 사명을 다 하긴 커녕 휘둘리고 있다.{nl}모든 것이 우리의 불찰이다.
QUEST_LV_0100_20150312_000632	사악한 기운은 마법의 원천인 석등 또한 오염시켰다.{nl}오염된 석등을 파괴하여 오염이 확산되는 것을 막아라.
QUEST_LV_0100_20150312_000633	오염된 제어기를 통해 사악한 기운이 왕릉 곳곳에 스며들고 있다.{nl}더 이상의 확산은 방관할 수 없다.
QUEST_LV_0100_20150312_000634	이제 더 이상 오염되는 일은 없을 것이다.
QUEST_LV_0100_20150312_000635	왕릉 기록서
QUEST_LV_0100_20150312_000636	휠렌의 증표는 사악한 무리에게 대적할 힘을 준다.
QUEST_LV_0100_20150312_000637	베누켈로스는 매우 용맹하고 충성스럽다.{nl}하지만 그 충성을 사악한 존재에게 다한다면 이보다 더 쓸모없는 존재는 없을 것이다.
QUEST_LV_0100_20150312_000638	자카리엘 대왕이 가장 흡족해했던 것은 거대한 수호자들을 만드는 것이었다.{nl}그리고 그 수호자 안에 왕실의 비보를 두어 쓰러뜨린 자만이 취할 수 있게 하였다.
QUEST_LV_0100_20150312_000639	사악한 존재는 결코 여신의 계시에 가까히 갈 수 없다.
QUEST_LV_0100_20150312_000640	코벤
QUEST_LV_0100_20150312_000641	난 우리 형님을 찾고 있어.{nl}자네가 날 도와 준다면 섭섭치 않게 사례해 줄 수도 있는데.
QUEST_LV_0100_20150312_000642	우리 형님은 정말 대단한 사람이었지.{nl}나 같은 사람은 꿈도 못 꿀 정도로 말야.
QUEST_LV_0100_20150312_000643	일지 사이에 뭔가가 끼워져 있군.{nl}설계도라.. 형님이 또 건수를 잡으신 게 분명해.
QUEST_LV_0100_20150312_000644	형님을 찾아 여기까지 왔는데, 난 형님처럼 용감한 사람이 아니거든.{nl}자네가 나 대신 무너진 공소에 있는 비석의 내용을 보고 오게.
QUEST_LV_0100_20150312_000645	맞아. 우리 형님은 도둑이야.{nl}형님은 몇 년에 한 번씩 우리 가게에 들러 주시면서 멋진 모험담을 들려주시곤 했지.
QUEST_LV_0100_20150312_000646	형님이 그 대마법사의 탑에 도전했단 말인가?{nl}역시! 우리 형님이야. 그러고도 남을 남자지.{nl}
QUEST_LV_0100_20150312_000647	그 마법사의 탑은 마족들이 가까이 가기도 힘든 마법의 요새였다고.
QUEST_LV_0100_20150312_000648	빨리 다음 비석이나 찾아보는 게 좋겠어.{nl}비석의 내용이 잘 보이지 않는다면 코카트리스의 비계라도 떼어다 문지르자고.
QUEST_LV_0100_20150312_000649	마법사의 탑이라.. 근데 거기에 뭐 훔칠만한 게 있나?
QUEST_LV_0100_20150312_000650	그렇지! 형님은 마법사의 탑에서 훔치는 걸로 끝낼 사람은 아니지.{nl}네기바스 벌판으로 먼저 갈 테니 따라오게!
QUEST_LV_0100_20150312_000651	왔군. 다음 비석이 눈앞에 있지만 난 술 취한 겁쟁이에 불과해.{nl}네기바스 벌판의 왼쪽 길에 있으니 자네가 확인하고 오게.
QUEST_LV_0100_20150312_000652	한 번 길을 떠난 남자가 뒤를 돌아보는 건 수치야.{nl}그리고 형님은 뒤를 돌아보느니 죽음을 택할 남자지.
QUEST_LV_0100_20150312_000653	대마법사에게 마법으로 골탕 먹일 생각을 하다니. {nl}이래야 우리 형님이지.{nl}
QUEST_LV_0100_20150312_000654	이번엔 할로우벤터의 목탄을 문질러서 확인하는 수 밖에 없겠군.{nl}다음 비석은 네기바스 벌판 오른쪽에 있어.
QUEST_LV_0100_20150312_000655	형님은 한다면 하는 남자지.{nl}마족도 뚫지 못한 마법사의 탑을 넘나들 거라고 누가 생각이나 했겠나?
QUEST_LV_0100_20150312_000656	마력 응집? {nl}아! 형님이 내게 맡겨놓고 가신 게 있지.{nl}형님께 돌려 드리려고 챙겨 왔는데 이게 맞을라나..
QUEST_LV_0100_20150312_000657	형님께선 적당한 자리에 설치하면 마력을 충전하는 장치라고 하셨어.{nl}하지만 강한 몬스터를 부를 수도 있으니까 조심하라고도 하셨지.
QUEST_LV_0100_20150312_000658	마법사의 탑은 우릴 군말 없이 들여보내 줘야 될 거야.{nl}그리고 이걸로 형님을 찾는다면.. 정말 좋겠군.{nl}
QUEST_LV_0100_20150312_000659	그래. 비석이구나 비석..{nl}가보지 않은 곳은 이제 한 곳뿐이야. 카르스타 전당 터로 날 따라오게.
QUEST_LV_0100_20150312_000660	이제 곧 형님을 만나게 된다.{nl}자네가 마지막 비석을 확인해 주게.
QUEST_LV_0100_20150312_000661	형님도 여기선 나와 같은 마음이셨을까.{nl}너무나 유명해진 이름은 엄청난 짐이 되어버리지.
QUEST_LV_0100_20150312_000662	형님은 죽을 때도 꿋꿋히 서서 최후를 맞이하셨을 거야.{nl}하지만 진흙 바닥에 굴러도 살아가는 게 훨씬 더 의미 있는 건데..{nl}
QUEST_LV_0100_20150312_000663	이건 이제 내게 필요 없게 되었어.{nl}자네가 갖게. 좀 더 가치 있는 일에 쓰이는 게 낫겠지..
QUEST_LV_0100_20150312_000664	그렇다면 어떻게 해야 할까.{nl}
QUEST_LV_0100_20150312_000665	눈에는 눈, 이에는 이.{nl}마법사에겐 마법으로 허점을 찾아 그녀의 탑에 굴욕을 안겨줄 것이다. 하하!
QUEST_LV_0100_20150312_000666	석공 캐놀린
QUEST_LV_0100_20150312_000667	여어. 자네도 페디미안에 가나?{nl}우린 석공들이다. 페디미안 복구 작업에 동원돼서 빨리 가야되는데..{nl}
QUEST_LV_0100_20150312_000668	보다시피 페디미안까지 코 앞인데도 코카트리스 때문에 못 가고 있어.{nl}그 몬스터들을 처치해 줄 수 있을까?
QUEST_LV_0100_20150312_000669	하긴 요즘 같은 세상에 몬스터 들끓는데 이유가 있나. {nl}그냥 있는 거지.
QUEST_LV_0100_20150312_000670	이봐, 왜 이렇게 늦었나? {nl}자네가 갔다 온 사이에 그만 몬스터한테 다 털려버렸어!
QUEST_LV_0100_20150312_000671	다른 건 비용을 청구하면 그만이지만 도구함 말야. {nl}석공의 영혼 같은 것을 모아에게 빼앗겨 버렸으니.. 
QUEST_LV_0100_20150312_000672	원래 날개 달린 것들은 조금만 반짝여도 아주 좋아 죽는다니까?
QUEST_LV_0100_20150312_000673	도구함은 없었다고?{nl}어쩔 수 없지. 복수한 셈이라고 치지.{nl}
QUEST_LV_0100_20150312_000674	타라 마일즈
QUEST_LV_0100_20150312_000675	전 페디미안의 환자를 진료하러 온 의사에요.{nl}몇 가지 문제가 생겨서 그런데 절 도와주실 수 있을까요?
QUEST_LV_0100_20150312_000676	몬스터 사이에서 돌림병의 징조가 보여서 파견나왔어요.{nl}다행히 작은 문제들만 처리하면 될 거 같네요.{nl}
QUEST_LV_0100_20150312_000677	좋아요.{nl}나머지 이야기는 네기바스 벌판에서 해요.
QUEST_LV_0100_20150312_000678	오셨네요. 할로우벤터에게서 먼지 샘플을 얻어 주세요.{nl}병이 퍼지는 원인은 여러가지가 있거든요.
QUEST_LV_0100_20150312_000679	병을 치료하는 것도 중요하지만 예방이 더 중요한 법이에요.{nl}손은 항상 씻으시는 거죠?
QUEST_LV_0100_20150312_000680	감사합니다.{nl}이제 한 종류의 샘플만 더 있으면 돼요.
QUEST_LV_0100_20150312_000681	이건 기회에요. 빅 코카트리스가 이미 병에 걸려 있거든요.{nl}조사에 쓸 수 있도록 꼬리를 넉넉히 구해 주세요. 
QUEST_LV_0100_20150312_000682	만약 예방에 실패해서 병에 걸리더라도 이 연구 결과로 약을 금방 만들 수 있을 거예요.
QUEST_LV_0100_20150312_000683	구해오셨군요. 정말 감사드립니다.{nl}당신은 페디미안의 수 많은 사람들의 목숨을 구한 거나 다름 없어요.
QUEST_LV_0100_20150312_000684	왕릉의 마력이 해방되면 사악한 기운을 억누를 수 있다.{nl}이를 위해서는 수호자의 내부에 있는 활성석이 필요하다.{nl}
QUEST_LV_0100_20150312_000685	비밀장소 설명서
QUEST_LV_0100_20150312_000686	앞으로 찾아올 계시자를 위해 왕실의 비보를 감추어 두었다.{nl}숨겨진 수호자의 기운을 찾아 비밀의 문을 열라.
QUEST_LV_0100_20150312_000687	내가 모시던 형님의 은신처가 위쪽의 버려진 농가에 있어.{nl}거기서 형님의 일지를 찾아다 주게.
QUEST_LV_0100_20150312_000688	그리타
QUEST_LV_0100_20150312_000689	내가 정신을 잃었을 때 보다 몬스터가 더 많아진 것 같아.{nl}가비야님께 무슨 일이 생긴 걸까..{nl}
QUEST_LV_0100_20150312_000690	우리가 왔다는 사실을 알리는 게 가비야님께 도움이 될 지도 몰라.{nl}아래쪽에 불을 붙일 수 있는 봉화가 있어. 가자.
QUEST_LV_0100_20150312_000691	됐어. 우리가 왔음을 알렸으니 분명 힘을 내실거야.{nl}어서 가비야님이 계신 곳으로 올라가자.{nl}{nl}
QUEST_LV_0100_20150312_000692	왕실 비보 수호자
QUEST_LV_0100_20150312_000693	그대는 비보를 얻을 자격이 있다.
QUEST_LV_0100_20150312_000694	덴옵틱이 오염된 수호자들을 조종하려 하고 있다.{nl}수호자들이 더이상 놀아나지 않도록 처치하라.
QUEST_LV_0100_20150312_000695	왕릉 마력 억제기는 수호자 내부의 활성석의 힘으로 파괴할 수 있다.{nl}억제되어 있던 왕릉의 마력이 해방되어 사악한 기운을 억누를 것이다.
QUEST_LV_0100_20150312_000696	사악한 존재는 수호자에게서 마족의 이름만을 남겼다.{nl}수호자들은 계시자가 있는 줄도 모르고 왕릉을 파괴할 것이다.{nl}
QUEST_LV_0100_20150312_000697	마지막 수호자 베아카라스가 왕릉을 파괴하기 전에 그를 저지하라.
QUEST_LV_0100_20150312_000698	마지막 수호자 베아카라스가 왕릉을 파괴하기 전에 그를 저지하라.{nl}
QUEST_LV_0100_20150312_000699	여신의 이름으로 감사드려요!{nl}먼저 병을 옮기는 불결한 코카트리스 처치를 부탁드릴게요.
QUEST_LV_0100_20150312_000700	모아라는 몬스터다. {nl}버려진 농가 위쪽으로 달아났어.{nl}
QUEST_LV_0100_20150312_000701	활성석의 힘이 유지될 때 왕릉 마력 억제기를 파괴할 수 있다.{nl}활성석의 힘이 사라지거든 왕릉 억제기 설명서를 통해 다시 얻을 수 있다.
QUEST_LV_0100_20150312_000702	세상이 이렇게 된다는 걸, 라이마 여신께서는 알고 계셨을까요?{nl}운명과 예지의 여신이시잖아요.
QUEST_LV_0100_20150312_000703	당장 내일 세상이 망한다고 해도 이상하진 않아요.{nl}하지만 알고 싶어요. 어째서 여신께선 모습을 감추셨는지..
QUEST_LV_0100_20150312_000704	{img F1 40 40}키를 누르셔서 남은 스테이터스 포인트를 성장시키고 싶은 능력치를 증가시킨 뒤 적용하시면 됩니다.{nl}
QUEST_LV_0100_20150312_000705	{img F10 40 40}키를 눌러 도움말을 통해 자세한 내용을 확인하실 수 있습니다.
QUEST_LV_0100_20150312_000706	{img F3 40 40}키를 누르셔서 스킬창을 여시고 사용 가능 스킬 포인트를 원하는 스킬에 투자하시고 적용하시면 됩니다.{nl}
QUEST_LV_0100_20150312_000707	여행 중에 세계 각지에 흩어져 있는 여신상을 찾아 경배를 드리면 분명 보답이 있을 겁니다.{nl}
QUEST_LV_0100_20150312_000708	{img F10 40 40}키를 눌러서 도움말을 통해 자세한 내용을 확인하실 수 있습니다.
QUEST_LV_0100_20150312_000709	다른 부대는 현재 광산 마을에서 교전 중이고 저흰 여기서 몬스터를 막아내고 있습니다.{nl}양동 작전을 쓸 만한 지능은 부베에겐 없을텐데.. 걱정입니다.
QUEST_LV_0100_20150312_000710	여기도 문제이지만 광산 마을에서 교전 중인 다른 부대도 걱정입니다.{nl}평소 같았으면 금방 정리되었을텐데요.
QUEST_LV_0100_20150312_000711	파수꾼 길버트
QUEST_LV_0100_20150312_000712	또 판토들 짓이군.{nl}멀쩡한 부품까지 훔쳐 달아났어.{nl}그럼 다시 빼앗아와야지. 안그래?
QUEST_LV_0100_20150312_000713	내가 나설수도 있겠지. {nl}그럼 녀석들이 다리를 덜덜덜 떨면서 내 앞에 부품들을 대령할 수 밖에 없을 거야.{nl}하지만 그 사이에 다른 녀석들이 또 와서 가져가면 어떡하겠나?
QUEST_LV_0100_20150312_000714	잘 했어.{nl}이제 이걸 다시 잘 끼워 넣고 기름칠만 해 주면 온전히 움직일거다.
QUEST_LV_0100_20150312_000715	판토들이 미에귀스타 언덕의 풀 숲에 숨긴 부품들이 있어.{nl}일단은 급하니 그거라도 가져다 주게.
QUEST_LV_0100_20150312_000716	판토들은 풀숲이면 그걸로 다 가려진 줄 알아.{nl}예전엔 그 점이 참 귀여운 녀석들이었는데.
QUEST_LV_0100_20150312_000717	파수꾼 매튜
QUEST_LV_0100_20150312_000718	케이블카 부품을 찾고 있는데 도무지 보이질 않네요.{nl}네파비 양지의 지그너츠가 삼켜버린 걸까.{nl}
QUEST_LV_0100_20150312_000719	팔라딘 마스터라면 너울 고원에 계시지.{nl}케이블카를 타면 갈 수 있어.{nl}
QUEST_LV_0100_20150312_000720	나도 빨리 마족들을 코를 뭉개주러 가고 싶은데.{nl}케이블카가 아슬아슬하니 고치고 가야지 별 수 있나.
QUEST_LV_0100_20150312_000721	제가 없었으면 길버트 아저씨는 이 넓은 데를 무작정 뒤져보고 있었겠죠.{nl}참 걱정이에요.
QUEST_LV_0100_20150312_000722	여긴 우리가 대대로 모셔오던 신성한 땅이에요. {nl}재앙이 닥칠 때마다 기도도 하고 중요한 회의도 하고 그랬다네요.{nl}
QUEST_LV_0100_20150312_000723	그런데 4년 전부터 사악한 기운으로 물들고 나선 이렇게 되어버렸대요. {nl}어른들도 어쩔 수 없었나봐요.
QUEST_LV_0100_20150312_000724	예전에는 허술한 바구니에 밧줄을 단 게 전부였어. {nl}한 번 건너려면 그때마다 목숨을 걸어야 했지.{nl}
QUEST_LV_0100_20150312_000725	그래서 내가 클라페다로 가서 기술을 직접 배워 왔어.{nl}슬슬 후임자가 있었으면 하는데 매튜는 관심이 없나봐.
QUEST_LV_0100_20150312_000726	파수꾼 바질
QUEST_LV_0100_20150312_000727	저주 인형의 속은 머슈카리아의 갈기로 채울 거다.{nl}투스탄티 고원에 있을 텐데 자네가 가져다 줄 수 있을까?
QUEST_LV_0100_20150312_000728	예전이야 영물이니 뭐니 하면서 떠받들어 줬었지.{nl}요즘은 마을에서 몇 발짝만 나가면 사방에서 사람 잡아먹으려고 덤벼드니 별 수 있나.
QUEST_LV_0100_20150312_000729	머슈카리아가 살아있다는 말을 잊었군. {nl}어쨌든 수고했네.
QUEST_LV_0100_20150312_000730	아직 시간은 충분히 있으니 알기스에게 먼저 다녀오게나.
QUEST_LV_0100_20150312_000731	이제 나는 이 길로 성당으로 가볼 참이야.{nl}우리 팔라딘 친구께선 만약이란 단어를 참 좋아하시거든.{nl}
QUEST_LV_0100_20150312_000732	이 곳의 일이 작전대로 잘 흘러 간다면 우린 더 이상 만날 일은 없겠지.{nl}어쨰 자네와 다시 만나는 것이 달갑지 않는 것처럼 들리는구먼, 허허.
QUEST_LV_0100_20150312_000733	파수꾼 알렌
QUEST_LV_0100_20150312_000734	마족을 막아낼 마자즈 쉼터의 결계가 부숴져 버렸어.{nl}어떻게든 다시 복구하고 싶은데 도와주지 않겠어?
QUEST_LV_0100_20150312_000735	결계들은 아주 오래 전에 만든 거랬어.{nl}그걸 내가 지켜내질 못했으니 선조님들께 뭐라고 이실직고를 한담?
QUEST_LV_0100_20150312_000736	난 머리가 나빠서 결계 복구같은건 잘 모르니까 카예토나스님께 전해 드려.
QUEST_LV_0100_20150312_000737	추종자 카예토나스
QUEST_LV_0100_20150312_000738	어쩐지. 마족들이 사방에서 나타나서 어리둥절 하던 참이었습니다.{nl}이 사실을 형제들에게 전해야겠군요. 감사합니다.
QUEST_LV_0100_20150312_000739	파수꾼 케네스
QUEST_LV_0100_20150312_000740	마족 소환진이 모두 사라졌다고 방심할 순 없어.{nl}애초에 이게 언제 생긴건지도 모르겠거든.{nl}
QUEST_LV_0100_20150312_000741	어쨌든, 꽃무리 고개 너머에 있는 카예토나스님께도 알려줘.
QUEST_LV_0100_20150312_000742	좀 과격하지만 마족의 영혼을 통째로 없애버리는 건 어떨까 해.{nl}
QUEST_LV_0100_20150312_000743	마족들을 적당히 손 봐준 다음에 결계의 힘을 이용해서 영혼을 뽑아내는 거지.{nl}그 다음에 영혼을 처치하는 거야. 해보겠어? 
QUEST_LV_0100_20150312_000744	왠만하면 뽑힌 영혼은 빨리 처치하는 게 좋을 거야.{nl}다시 되살아나면 그것도 그것 대로 무섭잖아?
QUEST_LV_0100_20150312_000745	사실 나도 설마 설마 했는데 정말 되네?{nl}꽃맞이 고개 너머에 계신 카예토나스님께도 전해 줘.{nl}아마 좋아하실 거야.
QUEST_LV_0100_20150312_000746	이제 좀 살 것 같아.{nl}빨리 힘내서 마족들을 막아야지.{nl}카예토나스님께도 알려줘. 여길 막아내는 게 보통 일이 아니라고.
QUEST_LV_0100_20150312_000747	이번 마족은 강력하군요.{nl}마족들이 더 이상 넘어오지 못하도록 이곳을 계속 사수하겠습니다.
QUEST_LV_0100_20150312_000748	여기까지 무사히 온 걸 환영하네.{nl}그 전에 구원자로써 이 성전에 대해 알 건 알아야겠지.{nl}
QUEST_LV_0100_20150312_000749	내 오랜 친구인 알기스가 잘 설명해줄 테니 듣는 게 좋겠구나.
QUEST_LV_0100_20150312_000750	높은 곳에 있으니 몬스터들이 아주 잘 보여.{nl}곧 포위될지도 모르겠군.
QUEST_LV_0100_20150312_000751	파괴된 결계 조각들은 마자즈 쉼터에 흩뿌려져 있어.{nl}그걸 모아서 꽃맞이 고개에 계신 카예토나스님께 전해줘. {nl}
QUEST_LV_0100_20150312_000752	내가 파수꾼이 되었다는 걸 돌아가신 아버지께서 아시면 분명 기뻐하시겠지.{nl}하지만, 벌써 사고친 것 같아.
QUEST_LV_0100_20150312_000753	이 정도 위험은 아직까진 평화롭다고 할 수 있겠지.{nl}아직까지는 말이지.
QUEST_LV_0100_20150312_000754	초대 팔라딘님께서 마족의 침공에 대비해 놓은 장치중의 하나래.{nl}옥빛서린 벼랑 전체를 감쌀 수 있게 여러 개가 배치되어 있지.{nl}
QUEST_LV_0100_20150312_000755	그러니까 파수꾼들이 결계 문제로 어려움을 겪고 있다면 꼭 도와줬으면 좋겠어.
QUEST_LV_0100_20150312_000756	계획이 실패했다는 이야기는 전해 들었다.{nl}제스티가 기력을 회복하기 전에 어떻게든 수를 써야 겠구나.
QUEST_LV_0100_20150312_000757	파수꾼 에라
QUEST_LV_0100_20150312_000758	어느 날 갑자기 저 꽃들이 네 다릴 문다고 생각해봐.{nl}넌 어떻게 보일진 모르겠다만, 난 별로 아름답게만은 보이질 않아.
QUEST_LV_0100_20150312_000759	네펜더스의 수액이 필요한데 도통 일어나질 않아.{nl}일어나질 않으면 꺼낼 방법이 없단 말야.{nl}
QUEST_LV_0100_20150312_000760	그래서 불이라도 질러볼까 해.{nl}말리두를 잡아서 불이 잘 붙을 것 같은 지방을 모아 줬음 좋겠어.
QUEST_LV_0100_20150312_000761	파수꾼 리케
QUEST_LV_0100_20150312_000762	장로님들께서 마족 퇴치에 도움이 될 거라면서 부적을 잔뜩 주셨어요.{nl}도움이 됐음 좋겠는데.
QUEST_LV_0100_20150312_000763	당최 장로들은 현실감각이 없어.{nl}애당초 팔라딘들이 아니라 우리가 성당으로 가야 했는데.
QUEST_LV_0100_20150312_000764	좋군, 좋아.{nl}어디 일어나지 않고 버티나 보자.
QUEST_LV_0100_20150312_000765	자. 이 지방덩어리를 태워서 피에네 들판의 네펜더스를 깨우자고.{nl}네펜더스의 수액은 상하면 쓸모가 없으니까 살아있을 때 전부 꺼내는 거야.
QUEST_LV_0100_20150312_000766	나 정도나 되니까 저런 몬스터를 맡는 거지.{nl}자네 생각은 어때?
QUEST_LV_0100_20150312_000767	그래도 서로 자기 영역은 지켰는데 마족들 때문에 밀려온 거겠죠.{nl}
QUEST_LV_0100_20150312_000768	말을 듣지 않는다고요?{nl}설마 발리마 성소에 있는 판토 토템 때문인가.
QUEST_LV_0100_20150312_000769	좀 더 강력한 부적을 드릴 테니 판토 토템을 부수고 사용해 보세요.{nl}아까 하셨던 그대로. 아시죠?
QUEST_LV_0100_20150312_000770	아, 참고로 세뇌된 판토가 공격한 판토를 때려눕히면 그 판토도 우리 편이 된다네요.
QUEST_LV_0100_20150312_000771	역시. 이제 감이 좀 잡히네요. {nl}수고하셨어요.
QUEST_LV_0100_20150312_000772	추종자 알폰사스
QUEST_LV_0100_20150312_000773	굉장하군요.{nl}이걸로 성당에 가 있는 형제들도 안심하고 싸울 수 있겠지요.
QUEST_LV_0100_20150312_000774	마족들을 소환하는 마법진이 제일 문제네요.{nl}마법진에 낙서를 하면 수식을 뒤엉켜 놓을 수 있지 않을까요?
QUEST_LV_0100_20150312_000775	적어도 마족들이 넘어오는 일은 없을 테지요.{nl}더 좋은 효과를 기대할 수도 있지 않을까요?
QUEST_LV_0100_20150312_000776	아예 거꾸로 빨려들어가기까지 하는군요.{nl}확실히 효과적인데요?
QUEST_LV_0100_20150312_000777	추종사 바이다스
QUEST_LV_0100_20150312_000778	토마스 형님께서 제단을 맡아주신다니 참 든든하네요.{nl}
QUEST_LV_0100_20150312_000779	1층에서 바이두티스 형님께서 기다리고 계세요.{nl}제스티의 결계가 가로막고 있지만 제단의 힘으로 간단히 해제할 수 있으니 염려 마세요.
QUEST_LV_0100_20150312_000780	추종자 바이다스
QUEST_LV_0100_20150312_000781	성령석을 충분히 챙겨오지 못 한게 후회돼요.{nl}주머니란 주머니엔 모두 쑤셔넣었어야 하는데.
QUEST_LV_0100_20150312_000782	성당의 제단들은 마족들을 막기 위해 만들어졌어요.{nl}물론 그 조작 방법은 우리 팔라딘만이 알고 있죠.
QUEST_LV_0100_20150312_000783	바이두티스 형님은 괜찮으신가요?{nl}계시자님이 아니였으면 큰일 날 뻔했네요.
QUEST_LV_0100_20150312_000784	추종자 토마스
QUEST_LV_0100_20150312_000785	요노움이 제단을 갉아먹으려 드는군.{nl}자네가 요노움을 처리해 줬으면 좋겠어.
QUEST_LV_0100_20150312_000786	성령석이라도 있었다면 요노움들 입 속에 하나씩 넣어주고 싶군.
QUEST_LV_0100_20150312_000787	추종자 티베리유스
QUEST_LV_0100_20150312_000788	마족에게 치명적인 폭탄을 만드는 중이야.{nl}정화된 정수만 있으면 완성인데 도와줄 수 있을까?
QUEST_LV_0100_20150312_000789	성당에서 폭탄이라니 뭔가 신성모독같은 느낌이지만.{nl}이번만큼은 여신께서도 용서해 주시겠지?
QUEST_LV_0100_20150312_000790	글리자돈에게 시험해 보고 싶어.{nl}내가 폭탄을 줄 테니 글리자돈의 등에 폭탄을 붙여 주겠어?{nl}
QUEST_LV_0100_20150312_000791	안전이 걱정된다면 로무바 성수도 줄게.{nl}이 성수를 마시면 당분간은 마족의 눈에 안 보일 테니까.
QUEST_LV_0100_20150312_000792	등에 폭탄을 붙이고 냅다 도망가는 거야.{nl}저 등치로 쫓아와봤자 얼마나 빠르겠어?
QUEST_LV_0100_20150312_000793	제게 남은 건 빈 성령석밖에 없네요.{nl}계시자님께서 성령석을 충전할 수 있도록 도와주실 수 있을까요?
QUEST_LV_0100_20150312_000794	이 성령석들만 모두 채운다면 형제들 도움 없이도 얼마간은 버틸 수 있을 거예요.
QUEST_LV_0100_20150312_000795	많은 무리를 상대할 때엔 대장을 먼저 치는 게 정석이에요.{nl}이번 경우는 글리자돈이겠지요.
QUEST_LV_0100_20150312_000796	이렇게 빨리 처리해주실거라곤 생각도 못했어요.{nl}도와주셔서 감사합니다.
QUEST_LV_0100_20150312_000797	추종자 도나타스
QUEST_LV_0100_20150312_000798	수고하셨습니다.{nl}이 정도면 변신 스크롤을 만드는 덴 충분합니다.
QUEST_LV_0100_20150312_000799	이 스크롤을 사용하면 마족으로 변신할 수 있습니다.{nl}마족들이 제 발로 제단으로 가도록 잘 설득하세요.
QUEST_LV_0100_20150312_000800	마족들이 제 냄새는 이미 알고 있는지 번번히 들키더군요.{nl}계시자님은 오신 지 얼마 안 되니 쉽게 속일 수 있을 겁니다.
QUEST_LV_0100_20150312_000801	좋습니다.{nl}그 정도면 충분히 파악하셨겠습니다.
QUEST_LV_0100_20150312_000802	개종은 제단의 힘을 빌리면 간단합니다.{nl}먼저 글로베자스 제단의 힘을 활성화 시키세요.{nl}그 후 제단의 영향력이 미치는 곳에서 마족들과 싸우시면 됩니다.
QUEST_LV_0100_20150312_000803	생각보다 마족의 정신력은 강합니다.{nl}제스티를 잊을 때 까지 충분히 공을 들이셔야 합니다.
QUEST_LV_0100_20150312_000804	글리자돈에겐 들킬 수도 있으니 성수를 너무 믿진 마.
QUEST_LV_0100_20150312_000805	효과적으로 마족을 물리칠 방법을 생각 중입니다.{nl}계시자님까지 오시니 정말 든든하군요.
QUEST_LV_0100_20150312_000806	성령석을 설치하면 근처에 있는 마족들의 생명력을 스스로 빨아들일 거예요.{nl}생명력을 모두 잃고 멈춰 선 몬스터는 무시하시고요.
QUEST_LV_0100_20150312_000807	마족에게서 사악한 정수를 얻을 수 있어.{nl}그걸 아래쪽에 있는 제단에서 정화하면 되지.
QUEST_LV_0100_20150312_000808	참, 자신감이 없으면 금방 들켜버릴 겁니다.{nl}스크롤을 사용하기 전에 마족들과 싸워 자신감을 얻는게 중요하지요.
QUEST_LV_0100_20150312_000809	금석학자 레이몬드
QUEST_LV_0100_20150312_000810	추모비는 하나 뿐만이 아니에요.{nl}아이로디 주열 광장엔 멀쩡한 추모비가 있죠.{nl}
QUEST_LV_0100_20150312_000811	누가 그런 반란자를 추모했는지. 이유가 따로 있지 않을까요?
QUEST_LV_0100_20150312_000812	의외로 보존 상태가 좋네요.{nl}복구할 수 있도록 작업을 해 놓아야 겠어요.
QUEST_LV_0100_20150312_000813	반역자라는 이유로 그의 추모비엔 지독한 마법이 씌워져 있어요.{nl}그걸 거꾸로 이용하는 거지요.
QUEST_LV_0100_20150312_000814	지원이 있었다면 용병을 구했겠죠.{nl}반역자를 연구한다 해서 반역자를 숭배하는 건 아닐텐데 왜 지원이 끊긴 건지 알 수 없어요.{nl}
QUEST_LV_0100_20150312_000815	고마워요.{nl}그 에하트도 추모비에 씌워진 마법의 힘에 이끌린 거겠지요.
QUEST_LV_0100_20150312_000816	나무 밑둥처럼 생겼으면서 돌석판에 관심이 많다는 건 좀 의외긴 하네요.
QUEST_LV_0100_20150312_000817	안타깝게도 가져오신 파편 중엔 우리가 찾는 건 없네요.{nl}설마 벌써 먹어버린걸까.
QUEST_LV_0100_20150312_000818	트리암불로를 태우면 삼킨 조각들을 찾을 수 있지 않을까요?{nl}예전에 쌓아 둔 장작더미가 있으니 거기에 불을 붙여서 밀어넣는 거예요.
QUEST_LV_0100_20150312_000819	조심하세요.{nl}만약 불 붙은 트리암불로가 캠프로 달려오면 큰일납니다.
QUEST_LV_0100_20150312_000820	보물사냥꾼 에당
QUEST_LV_0100_20150312_000821	난 보물 사냥꾼이지 몬스터 사냥꾼이 아냐.{nl}괜히 건드렸다가 여기에 내 묘비를 추가하고 싶진 않다고.
QUEST_LV_0100_20150312_000822	파편들을 다 모았으니 나와 레이몬드의 거래는 끝났어.{nl}이 보따리를 레이몬드에게 가져다 주게.
QUEST_LV_0100_20150312_000823	에당이 전해주라 했나요?{nl}흠. 복원에 시간이 걸릴 것 같네요.{nl}
QUEST_LV_0100_20150312_000824	그 동안 아이로디 주열광장에 있는 제 조수에게 복원된 비석 조각을 가져다 주시겠어요?{nl}이걸 다 복원하고 나면 뭔가 좋은 일이 생길 것 같네요.
QUEST_LV_0100_20150312_000825	금석학자 스미드
QUEST_LV_0100_20150312_000826	이건.. 스승님께서 해내셨군요!{nl}이리 주세요.
QUEST_LV_0100_20150312_000827	아직, 아직 조금 더요.{nl}조금만 더 작업하면 될 거 같아요.
QUEST_LV_0100_20150312_000828	사령술사 드라슈스
QUEST_LV_0100_20150312_000829	이제 준비된 산제물들을 덤발 연못에 있는 제물 항아리에 넣어 주세요.{nl}성공하면 소환된 악령이 제게 찾아올 겁니다.
QUEST_LV_0100_20150312_000830	사령술도 사용하기 나름이죠.{nl}시술자가 어떤 의도를 가지냐에 따라 독이 될 수도 있고 약이 될 수도 있다는 말입니다.
QUEST_LV_0100_20150312_000831	실험은 실패라고요? 이거 참 죄송합니다.{nl}어디서 실수를 한 건지 여기서 좀 더 연구해봐야겠군요.
QUEST_LV_0100_20150312_000832	리디아 샤펜의 비석
QUEST_LV_0100_20150312_000833	내 이름은 리디아 샤펜이다.{nl}지금부터 깊고 무거운 슬픔을 견디기 위해 이 땅에 루클리스에 대한 나의 진심을 전하려 한다.
QUEST_LV_0100_20150312_000834	가지고 있는 목탄은 그게 전부니 아껴서 쓰게.
QUEST_LV_0100_20150312_000835	그녀가 반역자 루클리스랑 동문인 건 몰랐는걸?{nl}아차. 목탄을 거의 다 써버렸군.
QUEST_LV_0100_20150312_000836	결국 루클리스는 실패하였다.{nl}그를 시기하고 질투하는 이들에 의해 부러지고, 부숴졌다.{nl}그렇게 그는 내 손에 의해 여신의 품으로 떠났다.
QUEST_LV_0100_20150312_000837	그래서 리디야 샤펜이 루클리스랑 무슨 사이였다는거야?{nl}머리가 나쁘니 이해도 어렵군.
QUEST_LV_0100_20150312_000838	나는 후회와 눈물로 루클리스를 이 땅에 남긴다.{nl}만약 그의 정신을 계승하려는 이가 있다면 나의 비결 또한 이 비문에 담아 남기려 한다.{nl}여기서 장황한 글을 정리한다.
QUEST_LV_0100_20150312_000839	루클리스가 도달한 경지는 너무나도 높고 훌륭했다.{nl}하지만 그의 숭고한 사명은 이 땅에 실현되기엔 너무 어려운 것이었다.
QUEST_LV_0100_20150312_000840	먼 길을 여행하다보니 어쩔 수 없이 짐이 가볍지.{nl}현지 조달이 최고라니까?
QUEST_LV_0100_20150312_000841	활 좀 잡는다면 누구든 좋은 화살촉을 가지고 싶어 하지.{nl}어때. 좋은 화살촉을 구경시켜 줄 테니 나 좀 도와 주지 않겠어?
QUEST_LV_0100_20150312_000842	둔한 녀석들이라서 어렵지 않을거다.{nl}암.
QUEST_LV_0100_20150312_000843	고맙군. 아주 뜨겁구만.{nl}정말 굉장하지 않나? 
QUEST_LV_0100_20150312_000844	배회하는 영혼
QUEST_LV_0100_20150312_000845	우리 분대는 유니콘을 처치하라는 명령을 받았어.{nl}자세한 건 작전 명령서에 있을 텐데..
QUEST_LV_0100_20150312_000846	작전 명령서
QUEST_LV_0100_20150312_000847	유니콘을 유인하는 방법.{nl}1. 졸렘에게서 졸렘 마석을 수집{nl}2. 네쉬리커스 성소 폐허 주변에 마석을 설치
QUEST_LV_0100_20150312_000848	경비병 리퍼
QUEST_LV_0100_20150312_000849	이건 수 년전에 실패한 작전입니다.{nl}대체 이걸 어디서 구한 거지요?{nl}
QUEST_LV_0100_20150312_000850	그렇군요. 이 유니콘의 뿔은 저 소녀에게 가져다 주세요. {nl}그녀의 오빠가 그 후 실종되었거든요.
QUEST_LV_0100_20150312_000851	소녀
QUEST_LV_0100_20150312_000852	내가 가지 말라고 그렇게 말렸는데..
QUEST_LV_0100_20150312_000853	정말 끔찍했지요. {nl}저도 차출당할뻔 했는데 운이 좋았어요.
QUEST_LV_0100_20150312_000854	만약 불 붙은 장작더미로 끌고 가기 힘드시다면 발로 차서 날려버리세요.
QUEST_LV_0100_20150312_000855	쉴루마 제단 터에 인프로버크의 불길이 필요해.{nl}그 몬스터의 뒤로 조심스럽게 다가가서 화살을 달구는 거지.
QUEST_LV_0100_20150312_000856	레이몬드와 계약하면서 뭔가 있으면 나도 챙겨보려고 했지.{nl}그런데 돌 조각 말곤 아무것도 없어.
QUEST_LV_0100_20150312_000857	복원을 마치면 루클리스의 추모비에 무슨 내용이 있었는지 알게 될 겁니다.
QUEST_LV_0100_20150312_000858	대단하군.{nl}제단 활성화는 내게 맡기고 자넨 힘나스 예배소에 있는 바이다스에게 가 보게.
QUEST_LV_0100_20150312_000859	궁지에 몰렸다고 해도 도와줄 사람이 온다는 걸 알면 없던 힘도 낼 수 있는 법이지.
QUEST_LV_0100_20150312_000860	좋아. 이거면 충분해.
QUEST_LV_0100_20150312_000861	펑펑 날아가는게 아주 통쾌하군.{nl}그런데 너무 요란해서 연구가 더 필요하겠어.
QUEST_LV_0100_20150312_000862	이렇게 충만한 성령석은 여태 본 적이 없네요.{nl}최선을 다 해주셔서 정말 감사합니다.
QUEST_LV_0100_20150312_000863	마족들의 공격이 생각보다 거세요.{nl}글리자돈만 처치해 주신다면 기세가 꺾일 것도 같은데.
QUEST_LV_0100_20150312_000864	추종자 바이두티스
QUEST_LV_0100_20150312_000865	제스티가 2층으로 올라갔다는 사실을 알리러 왔는데 방심했었어.{nl}널 만나지 못했다면 정말 큰일 날 뻔 했군.
QUEST_LV_0100_20150312_000866	정문의 결계를 조사해 봤는데 지하 제단의 힘으론 부족할 것 같아.{nl}코릴러스가 가진 힘의 결정을 보탠다면 모를까.
QUEST_LV_0100_20150312_000867	여신께서는 실패할 줄 알고 계시자를 기다리라고 하셨나 봐.{nl}그래도 제스티를 다치게 했으니 이득일 수도.
QUEST_LV_0100_20150312_000868	잘 했어.{nl}이걸로 빛의 결정을 만들면 결계를 깰 수 있는 충분한 힘이 될 거야.
QUEST_LV_0100_20150312_000869	빛의 결정을 정문으로 가져가기 전에 각오를 해 두는게 좋겠어.{nl}강력한 몬스터를 끌어들일 수도 있거든.
QUEST_LV_0100_20150312_000870	난 여기 남아서 지하로 내려가는 마족들을 막을 생각이야.
QUEST_LV_0100_20150312_000871	함께 싸우게 되어 영광입니다, 계시자님.{nl}알기스님께서 상황을 살피는 동안 이 곳의 마족들을 몰아내는 건 어떻습니까?
QUEST_LV_0100_20150312_000872	괜찮다면 로델린에게서 광기의 눈동자를 가져다 줄 수 있을까?{nl}마족에게서 기척을 감출때 참 요긴하거든.
QUEST_LV_0100_20150312_000873	나도 그런 불결한 것들을 주변에 놔 두는 건 별로야.{nl}하지만 마족들을 홀로 계속 상대하는 건 더 별로거든.
QUEST_LV_0100_20150312_000874	고맙네.{nl}마족들이 눈치 채기 전에 다른 형제들에게도 나눠줘야지.
QUEST_LV_0100_20150312_000875	자넨 정말 계시자답군.{nl}이제 제단을 지키는 데만 집중할 수 있겠어.
QUEST_LV_0100_20150312_000876	1층 정문 결계는 성당의 힘으로 상쇄할 수 있으니 너무 걱정 말게.{nl}성당의 제단은 그걸 위해 준비된 거지.{nl}
QUEST_LV_0100_20150312_000877	일단 언낙커부터 어떻게 해봅세.{nl}내가 언낙커를 유인할 테니 자네가 틈을 노리게.
QUEST_LV_0100_20150312_000878	폰델과 폰드의 처치를 부탁하고 싶어.{nl}마족 자매인데 꽤나 골칫거리라서 말이지.
QUEST_LV_0100_20150312_000879	나도 보자마자 당할 뻔 했으니 조심하는 게 좋아.{nl}여간 흉폭한게 아니거든.
QUEST_LV_0100_20150312_000880	정말 수고 많았어.{nl}재잘거리는 웃음소리가 멎은 것 같군.
QUEST_LV_0100_20150312_000881	마족으로 변장해서 혼란을 일으키려고 합니다.{nl}먼저 폰델과 폰드를 처치하고 그들의 옷자락을 모아주실 수 있는지요.
QUEST_LV_0100_20150312_000882	조금 불경스러운 방법이긴 하지만 지금 그런 걸 따질 때는 아닙니다.
QUEST_LV_0100_20150312_000883	잘하셨습니다.{nl}이제 서로 믿는 건 좀 힘들겠지요.{nl}
QUEST_LV_0100_20150312_000884	제단의 힘을 이용해서 마족들을 개종시킬까 합니다.{nl}개종된 마족들은 신성력을 받아들이면서 서서히 죽어가지요.{nl}
QUEST_LV_0100_20150312_000885	하지만 그 전에 마족들을 잘 파악하는 게 중요합니다.{nl}마족들의 영혼을 수집해 오십시오.
QUEST_LV_0100_20150312_000886	제가 처음 마족을 개종시키던 때가 생각나는군요.{nl}불쌍한 영혼들을 위해 기도를.
QUEST_LV_0100_20150312_000887	정말 수고하셨습니다.{nl}혹시나 선한 마족이 있다면 여신께서 거둬주실 겁니다.
QUEST_LV_0100_20150312_000888	마족의 힘을 억누르고 있던 중앙 제단이 갑자기 멈춰버렸습니다.{nl}계시자님께서 무슨 일인지 봐 주실 수 있겠습니까?
QUEST_LV_0100_20150312_000889	분명히 작동하고 있던 건데 이상하군요.
QUEST_LV_0100_20150312_000890	매복이였군요.{nl}계시자님이 아니였다면 정말 큰일 날 뻔했습니다.
QUEST_LV_0100_20150312_000891	숨겨진 성소에 들어가려면 공간의 문장이 필요하단다.{nl}스벤토베 중앙 제단에 숨겨져 있다만 너무 늦은 게 아닌지.
QUEST_LV_0100_20150312_000892	테넷 성당의 많은 구조물들은 마족에 대항하기 위해 배치되어 있습니다.{nl}하나하나가 작은 결계이자 거대한 결계에 힘을 보탤 수 있지요.{nl}
QUEST_LV_0100_20150312_000893	가장 강력한 결계는 2층에 있습니다.{nl}성구가 있을 때 가장 큰 힘을 발휘할 수 있다고 들었습니다.
QUEST_LV_0100_20150312_000894	제스티가 선수를 쳤군.{nl}몰래 접근하긴 힘들겠어.
QUEST_LV_0100_20150312_000895	계획을 변경해야겠다.{nl}먼저 제스티의 움직임을 감시하는 게 좋겠어.{nl}
QUEST_LV_0100_20150312_000896	우선 종탑부터 점령하자꾸나.
QUEST_LV_0100_20150312_000897	여기서라면 제스티가 무얼 하려는지 훤히 볼 수 있겠어.
QUEST_LV_0100_20150312_000898	자. 이제 스벤토베 중앙 제단에서 공간의 문양을 가져 오렴.{nl}할 수 있겠지?
QUEST_LV_0100_20150312_000899	계시가 성소에 숨겨져 있다는 건 잘 알고 있겠지.{nl}공간의 문장은 숨겨진 성소에 들어갈 수 있는 유일한 열쇠란다.{nl}
QUEST_LV_0100_20150312_000900	여기 테넷 성당의 성소 뿐만이 아니야.{nl}여신께서 감추어 놓으신 장소라면 어디든 들어 갈 수 있지.
QUEST_LV_0100_20150312_000901	공간의 문장은 계시자만 사용할 수 있으니 곧바로 계시를 찾지 못할 게다.{nl}
QUEST_LV_0100_20150312_000902	허나 상대는 팔라딘 마스터조차 어찌하지 못한 마왕이다.{nl}부서진 제단의 힘을 이용해야겠어.
QUEST_LV_0100_20150312_000903	파괴된 제단은 어쩔 수 없다만 조각들에는 아직 힘이 남아 있다.{nl}그 조각들을 모아 스벤토베 중앙 홀에 있는 8개의 기둥에 잘 끼워넣거라.
QUEST_LV_0100_20150312_000904	네가 일을 마치면 내가 여기서 성구와 성당의 힘으로 제스티를 묶어 놓을 수 있을 게다.{nl}아주 잠깐이겠지만 그게 최선이다.
QUEST_LV_0100_20150312_000905	말다 제단을 작동 시켰단 말이지?{nl}이제 당분간 이곳에 있어도 안전하겠구나. 수고했다.
QUEST_LV_0100_20150312_000906	마족들이 2층을 샅샅이 뒤지며 돌아다니고 있어.{nl}아우카 제단을 작동시킨다면 마족의 눈을 돌릴 수 있을 거다.
QUEST_LV_0100_20150312_000907	내 옆에 있는 이가 자네라는게 참 안심이 되는군.{nl}라이마께서 자네를 택한 게 정말 다행이라는 생각이 들어.
QUEST_LV_0100_20150312_000908	수고했구나.{nl}이번 일만 끝나면 모든 형제들을 불러서 한 번에 내쫓아야겠다.
QUEST_LV_0100_20150312_000909	제스티가 나타나면 내가 종을 울려 알려줄 테니 부디 조심하거라.
QUEST_LV_0100_20150312_000910	공간의 문장을 찾았구나. {nl}내 옆에 있는 기둥에 공간의 문장을 사용하여 성소로 가거라. {nl}오직 계시자만을 위해 준비된 것이니까.
QUEST_LV_0100_20150312_000911	부디 자네의 여정에 여신의 가호가 함께 하길.
QUEST_LV_0100_20150312_000912	제스티는 결국 도망쳤는가.{nl}괜찮다. 네가 계시를 얻었으니 우리는 사명을 완수한 게야.{nl}
QUEST_LV_0100_20150312_000913	사울레 여신을 찾아야 한다라.. {nl}계시가 말하는 다채로운 계곡은 여기서 위쪽의 풀가람 터에서 시작할 게다.{nl}그럼 이만. 자네에게 여신의 가호가 깃들길 빌겠네.
QUEST_LV_0100_20150312_000914	계시를 되찾거든 팔라딘 마스터에게 그 간의 이야기를 들려주게.{nl}여신의 가호가 함께 하길.
QUEST_LV_0100_20150312_000915	제스티는 아직 눈치 채지 못한 것 같구나.{nl}성구를 준비해야겠다.
QUEST_LV_0100_20150312_000916	모든 준비는 끝났다.{nl}성당의 결계가 곧 제스티를 약화시킬 거란다.{nl}
QUEST_LV_0100_20150312_000917	약해진 제스티는 네가 상대할 수 있을 게다.{nl}제스티가 궁지로 몰릴 때 성구로 마지막 일격을 가하마.
QUEST_LV_0100_20150312_000918	이건 마자즈 쉼터의 결계 조각이군요.{nl}너무 걱정 마세요.{nl}결계를 복구 할 방법은 얼마든지 있으니 아마 괜찮을 겁니다.
QUEST_LV_0100_20150312_000919	마족들이 소환진까지 이용해서 넘어올 줄은 몰랐어.{nl}포위되기 전에 없애버리는 게 좋겠어.
QUEST_LV_0100_20150312_000920	마족들이 이렇게 많은데 용케도 뚫고 왔군.{nl}계시자라지만, 대단해.{nl}
QUEST_LV_0100_20150312_000921	그것이 계시로구나.{nl}누구에게도 보여주지 말고 소중히 간직하거라.{nl}
QUEST_LV_0100_20150312_000922	어서 팔라딘 마스터에게 가 보거라.{nl}네가 나아가야 할 길을 알려줄 게다.
QUEST_LV_0100_20150312_000923	테넷 성당은 가장 소중한 벗인 알기스에게 부탁했네.{nl}나는 제스티에게 절대 지지 않을 테지만 만약에 대한 대비는 중요하니까.
QUEST_LV_0100_20150312_000924	옥빛서린 벼랑에서 제스티를 상대하던 무기가 이 성구란다.{nl}초대 팔라딘님 때부터 전해져 내려온 것이지.{nl}
QUEST_LV_0100_20150312_000925	이 성구 말고도 왕국엔 몇 개의 귀중한 무기들이 있단다.{nl}4년 전, 신수의 날에 그 무기들로 많은 생명을 구했었어.
QUEST_LV_0100_20150312_000926	나는 이제부터 성구에 집중할 것이다.{nl}그 동안 방해받지 않도록 자네가 힘써 주게.
QUEST_LV_0100_20150312_000927	미안하구나. 다 내가 부족한 탓이야.{nl}제스티는 치유의 성물이 계시가 아닌 것을 알았으니 곧바로 성당을 노릴 게다.{nl}
QUEST_LV_0100_20150312_000928	하지만 이 노쇠한 몸이 더 이상 말을 듣질 않아.{nl}이제 믿을 건 나의 오랜 벗인 알기스와 자네밖에 없어.{nl}
QUEST_LV_0100_20150312_000929	가게. 테넷 성당은 내린나무 화원에 있네.{nl}반드시 제스티의 손에 계시가 들어가는 것을 막아 주게.
QUEST_LV_0100_20150312_000930	다른 형제들 없이 나 혼자선 벅차구나.{nl}말다 제단을 작동시키는 게 좋겠어.{nl}
QUEST_LV_0100_20150312_000931	말다 제단을 사용하면 주변의 마족들을 각인할 게다.{nl}그 마족을 처치하면 된단다.
QUEST_LV_0100_20150312_000932	아직 여기서 우리가 해야 할 일이 많아.{nl}여신께선 절대 포기란건 가르쳐 주시지 않으시지.
QUEST_LV_0100_20150312_000933	이 세계는 아직 연륜이 더 필요한가보다.{nl}우리가 여기까지 온 것도 모두 여신께서 도와주신 거겠지.
QUEST_LV_0100_20150312_000934	나무 초소의 결계 활성화가 생각보다 늦고 있어.{nl}시간이 없으니까, 마족의 영혼을 이용하자.
QUEST_LV_0100_20150312_000935	모든 영혼은 순수한 거야.{nl}그러니 마족의 영혼이라도 신성력 정돈 채울 수 있겠지.
QUEST_LV_0100_20150312_000936	나무 초소의 결계를 마족의 영혼으로 채우셨다고요.{nl}마무리는 살짝 부족하지만 그 정돈 제가 처리하도록 하지요.{nl}수고 많으셨습니다.
QUEST_LV_0100_20150312_000937	대단한데요? 결계를 그렇게도 쓸 수 있군요.{nl}그건 팔라딘들도 잘 몰랐던 건데.{nl}
QUEST_LV_0100_20150312_000938	지친다. 좀 쉬고 싶은걸.{nl}조금 숨 돌릴 틈이면 되니까 주변의 마족을 처치해 주겠어?
QUEST_LV_0100_20150312_000939	이만한 수를 상대로 버티고 있는 것도 대단한 거야.{nl}다 팔라딘 마스터님 덕분이지.
QUEST_LV_0100_20150312_000940	케네스가 어린 나이에도 불구하고 참 대단하네요.{nl}조금 더 믿고 맡겨도 되겠어요.
QUEST_LV_0100_20150312_000941	파수꾼들로부터 급한 전갈입니다.{nl}거대한 마족 몬스터가 이쪽으로 날아 오고 있다는군요.{nl}빨리 따라오세요.{nl}
QUEST_LV_0100_20150312_000942	깊은 숲에 살던 비테레지나가 여기까지 넘어왔어요.{nl}로주스 고원 위쪽에 벌집까지 지어놨던데, 위험하니 없애주실 수 있을까요?
QUEST_LV_0100_20150312_000943	정말 감사합니다!{nl}어떻게 그 먼 숲에서 여기까지 왔을까요.{nl}진짜 별 일도 다 있죠?
QUEST_LV_0100_20150312_000944	뭐라도 해볼라면 시드미아들이 사방에서 들이대는군.{nl}자네가 좀 없애 줄 수 있겠나?
QUEST_LV_0100_20150312_000945	저 시드미아들은 내가 그 꽃봉오리에 머릴 들이밀어주길 바라지.{nl}아주 안 좋은 상황이야.
QUEST_LV_0100_20150312_000946	장로님들께 판토를 우리편으로 세뇌시킬 수 있다는 신기한 부적을 받았어요.{nl}계시자님이 한번 도전해 보실래요?{nl}
QUEST_LV_0100_20150312_000947	장로님들 말로는 판토들과는 완전히 끝장이래요.{nl}다들 이왕 이렇게 된 거 라는 식이에요.{nl}
QUEST_LV_0100_20150312_000948	이 결계는 바깥쪽에선 절대 풀 수 없게 만들어져 있군.{nl}다행히 지하로 가는 입구는 안전한 것 같아.{nl}
QUEST_LV_0100_20150312_000949	하지만 성구를 들고 지하로 가는 건 너무 위험하구나.{nl}여기서 기다릴 테니 네가 지하를 통해 1층으로 가서 결계를 풀거라.{nl}
QUEST_LV_0100_20150312_000950	남들은 못 하는 걸 태연하게 해내는군.{nl}여신께서도 참 흐뭇해 하시겠어.
QUEST_LV_0100_20150312_000951	제 신앙심은 마족을 단칼에 베어낼거라 합니다만, 현실은 쉽지 않군요.{nl}계시자님께서 조금만 도와주셨으면 합니다.
QUEST_LV_0100_20150312_000952	보이는 족족 처치해야 합니다.{nl}그래야 우리 형제들이 안심하고 성당을 지켜 낼 수 있을 것 아닙니까?
QUEST_LV_0100_20150312_000953	나무 초소의 결계 주변에서 마족을 처치해 줘.{nl}마족들의 영혼이라면 미약하게나마 신성력을 채울 수 있을 거야. 부탁한다!
QUEST_LV_0100_20150312_000954	아주 좋군. 꽃이라면 들판에 핀 꽃 정도면 충분하지.{nl}안 그래?
QUEST_LV_0100_20150312_000955	저흰 팔라딘 마스터님을 따르는 사람들입니다.{nl}여신의 뜻에 반하는 악을 물리친다는 사명에 크게 공감하고 있죠.{nl}
QUEST_LV_0100_20150312_000956	그 분을 따르게 된 사연이야 다 제각각이에요.{nl}저 처럼 은혜를 입은 분들도 있겠고 알기스님처럼 원래 팔라딘이셨던 분들도 있고요.
QUEST_LV_0100_20150312_000957	여신께서도 이리 될 줄 알고 구원자를 기다리신 걸까.{nl}자네에게 큰 짐을 짊어지게 한 것 같아 마음이 너무 무겁구나.{nl}
QUEST_LV_0100_20150312_000958	어서 제스티를 쫓거라.{nl}테넷 성당은 내린나무 화원에 있단다.
QUEST_LV_0100_20150312_000959	초대 팔라딘님으로부터 수 백년간 진행해온 계획이다.{nl}절대 그르칠 순 없지.
QUEST_LV_0100_20150312_000960	제가 탁본을 준비하는 동안 앞에 있는 루클리스 추모비에 조각들을 끼워주세요.{nl}꼭 들어맞도록 작업해 놨으니 쉽게 하실 수 있을 거예요.{nl}
QUEST_LV_0100_20150312_000961	금방 따라가겠습니다. 잠시만요.
QUEST_LV_0100_20150312_000962	이제 탁본 작업만 마치면 이 황량한 곳과도 작별이군요.{nl}조금만 더 도와주실 수 있겠습니까?
QUEST_LV_0100_20150312_000963	수도는 이미 폐허가 되어 버렸지만, 이 클라페다만큼은 내가 지킬 것이야.
QUEST_LV_0100_20150312_000964	왕국에 해를 끼치는 적에게 모든 힘을 실어 일격에 내리친다.{nl}이것이 우리 하이랜더의 전투법이다.{nl}
QUEST_LV_0100_20150312_000965	수고했어.{nl}사실 나도 모험이었는데 결과는 괜찮은 것 같네.{nl}꽃맞이 고개에 계신 카예토나스님께 그렇게 말씀드리면 될 거야.
QUEST_LV_0100_20150312_000966	아우카 제단도 그 힘이 바랜 모양이군.{nl}한땐 그 힘만으로도 수 십의 마족들을 말살 시켰다는 이야기가 있었단다.
QUEST_LV_0100_20150312_000967	앳가일라 예배소를 이노움들이 들쑤시고 다니는 걸 보기 힘겹구나.{nl}이노움들을 청소해 다오.
QUEST_LV_0100_20150312_000968	마족의 손에 넘어가선 안 될 팔라딘들의 보물도 이 곳에 많이 있지.{nl}절대로 넘어가선 안 된다.
QUEST_LV_0100_20150312_000969	판토에게 이 부적을 사용한 뒤에 적당히 때려 주면 된대요.{nl}르반다 군락지에 있는 판토 창병이 적당하겠네요.
QUEST_LV_0100_20150312_000970	이 도시 멋지지 않나? 여유가 된다면 여기에 머물고 싶군.{nl}하지만 역시 나는 말을 타고 어딘가 떠돌아다니는 게 더 좋아.
QUEST_LV_0100_20150312_000971	공간 이동 마법진은 탑의 원하는 층으로 바로 이동할 수 있어.{nl}지금도 쓸 수 있을지는 모르겠네. 일단 가보자.
QUEST_LV_0100_20150312_000972	몬스터가 공간 이동 마법진을 부수지 않았으면 좋겠는데..
QUEST_LV_0100_20150312_000973	허탈하네. {nl}고칠 수도 없을 정도로 아주 철저하게 부숴 놨어.
QUEST_LV_0100_20150312_000974	탑의 폐쇄장치를 가동시키면 더 이상 몬스터가 들어오진 못할 거야.{nl}마력 공급장치가 파괴되었지만 다른 방법으로 마력을 주입할 수 있어.
QUEST_LV_0100_20150312_000975	안타레스, 그 미친 마법사가 제발 방해하지 말아 줬으면 좋겠는데..
QUEST_LV_0100_20150312_000976	정신을 놓은 주제에 함정 하난 잘도 치밀하게도 준비해 놨네.{nl}정신이 멀쩡할 때부터도 참 맘에 안 들었었는데 말야.
QUEST_LV_0100_20150312_000977	여기서부턴 조심해야해.{nl}예전에 안타레스라는 위험한 마법사를 가둬 둔 곳이거든.{nl}빨리 다음 층으로 가는 게 좋겠어.
QUEST_LV_0100_20150312_000978	그는 원래 엄청난 마법사였어.{nl}하지만 사상이 너무 위험했지.
QUEST_LV_0100_20150312_000979	맙소사, 하필 이런 때에..{nl}
QUEST_LV_0100_20150312_000980	그가 갇힌 이유는 여기 3층에 있는 응축된 마력에 집착했기 때문이야.{nl}수백 년간 압축해 마력이 한꺼번에 터진다면 이 탑이 어떻게 되겠어?
QUEST_LV_0100_20150312_000981	가비야님도 중요하지만 이래서야 탑이 더 위험해.{nl}안타레스가 이미 일을 벌이고 있을지도 몰라.
QUEST_LV_0100_20150312_000982	여기엔 마력 장치를 조절하는 밸브가 두 개 있어.{nl}첫 번째 마력 조절 밸브는 실험실에 있으니까 먼저 가서 파괴해 버리자.
QUEST_LV_0100_20150312_000983	폭발이라니, 너무 위험했어.{nl}좀 더 안전하게 파괴할 방법을 찾아보자.
QUEST_LV_0100_20150312_000984	안타레스는 마력의 흐름에 대해 오랫동안 연구해 왔어.{nl}그의 연구 자료가 아직 남아 있다면 마력 조절 밸브를 파괴하는데 도움이 될 거야.{nl}여기 어딘가에 있을 텐데..
QUEST_LV_0100_20150312_000985	이 근처 어딘가에 자료가 있을 텐데..
QUEST_LV_0100_20150312_000986	이거야! 이제 마력 조절 밸브를 어떻게 파괴하면 되는지 감이 좀 오네.
QUEST_LV_0100_20150312_000987	중앙 제어실에 있는 마지막 밸브를 찾으러 가자.{nl}이것만 무사히 파괴한다면 안타레스가 무슨 짓을 해도 안전할 거야.
QUEST_LV_0100_20150312_000988	이 흡정석을 설치하고 주변의 몬스터들을 처치해줘.{nl}폐쇄장치를 다시 충전할 힘을 모을 수 있어.
QUEST_LV_0100_20150312_000989	미친 마법사다운 최후로군. {nl}방어 마법이 없었다면 큰일날 뻔 했어.{nl}아마 첫 번째 밸브가 파괴된 줄도 모르고 잘못 건드렸겠지..{nl}
QUEST_LV_0100_20150312_000990	어쨌든 잘 됬어.{nl}탑은 이제 무사하니까 어서 올라 가자.
QUEST_LV_0100_20150312_000991	참, 그렇지. 혹시 모르니까 보호 마법이라도 준비해 가자.{nl}아까 안타레스의 자료에 폭발에 휘말릴 때를 대비할 수 있는 마법이 있었어.
QUEST_LV_0100_20150312_000992	폴른렘의 핵이 있다면 어떻게든 해볼 수 있을 것 같아.{nl}마력을 쓰지 못할 뿐이지 지식까지 잊은 건 아니니까.
QUEST_LV_0100_20150312_000993	좋아. 이 정도면 한 번정도는 문제없이 사용할 수 있겠어.{nl}
QUEST_LV_0100_20150312_000994	이제 중앙 제어실에 있는 두 번째 밸브를 찾으러 가자.{nl}그것만 무사히 파괴한다면 안타레스가 무슨 짓을 해도 안전할 거야.
QUEST_LV_0100_20150312_000995	홍염의 보석이 왠지 이상해.{nl}아까 안타레스가 폭발할 때 뭔가 잘못되었나 봐.{nl}
QUEST_LV_0100_20150312_000996	홍염의 보석을 가지고 몬스터를 처치해 보면서 상태를 확인해 보자.
QUEST_LV_0100_20150312_000997	홍염의 보석이 왜이러지?{nl}굉장히 불안정해.
QUEST_LV_0100_20150312_000998	몬스터가 폭발하는 거 봤지?{nl}확실히 이상해. 마치 정수의 힘이 폭주하는 것 같아.{nl}
QUEST_LV_0100_20150312_000999	그리고 나도 왠지.. 머리가 너무 아파..
QUEST_LV_0100_20150312_001000	어쨌든 이대로 있다간 기껏 만든 홍염의 보석이 깨져 버릴지도 몰라.{nl}여기 어딘가에 마력 안정화 장치가 있어. 가자.
QUEST_LV_0100_20150312_001001	그런데 내가 마력 안정화 장치에 대해 어떻게 알고 있는 거지?{nl}난 4층에 가본 적이 없는데..
QUEST_LV_0100_20150312_001002	그래.. 점점 기억이 돌아오고 있어..{nl}
QUEST_LV_0100_20150312_001003	아, 정수의 안정화가 벌써 끝났구나.{nl}난 괜찮아. 별 거 아니야. 잠시 옛 기억이 떠올랐을 뿐..
QUEST_LV_0100_20150312_001004	홍염의 보석이 폭주하는 건 거의 멈춘 것 같아.{nl}하지만 완전히 안정시키려면 탑 중앙의 거대 화로에 맺힌 불꽃의 결정이 필요해.
QUEST_LV_0100_20150312_001005	거의 다 됐어. 그래..
QUEST_LV_0100_20150312_001006	다 모아 왔구나.{nl}일단 그걸 전부 내가 줘. 홍염의 보석도 말야.{nl}내가 완전히 안정시키는 방법을 아니까 연구실로 가자.
QUEST_LV_0100_20150312_001007	폐쇄장치만큼은 멀쩡했으면 좋겠는데..
QUEST_LV_0100_20150312_001008	좋아! 이 정도면 폐쇄장치를 작동할 수 있겠어.
QUEST_LV_0100_20150312_001009	네가 팔라딘 마스터를 도왔다는 그 계시자 맞지?{nl}난 마법사의 탑에서 온 그리타라고 해.{nl}
QUEST_LV_0100_20150312_001010	도와줘. 가비야 여신께서 위험하셔. {nl}이대로라면 우린 마족들에게 탑을 잃게 돼.{nl}
QUEST_LV_0100_20150312_001011	막을 방법은 있지만 네가 아니면 할 수 없어.{nl}부탁이야. 수정개울의 카르스타 전당 터로 와줘.
QUEST_LV_0100_20150312_001012	여기가 바로 탑의 입구야. {nl}난 탑에서 정신을 잃고 나선 왠일인지 마력을 거의 쓸 수 없게 되어버렸어.{nl}
QUEST_LV_0100_20150312_001013	하지만 난 널 책임지고 가비야님께 반드시 데려갈 거야.{nl}준비는 되었겠지?
QUEST_LV_0100_20150312_001014	다른 마법사들은 전부 죽거나 도망쳤어.{nl}네가 우리의 마지막 희망이야. 어서 들어가자.
QUEST_LV_0100_20150312_001015	가비야께선 스스로 모습을 감추신 게 아냐.{nl}마족들에게서 탑을 지켜내시느라 세상에 나설 수 없었을 뿐이지.{nl}
QUEST_LV_0100_20150312_001016	아가일라 플러리님께서 후계자를 찾지 못해 대신 나서셨다고 들었어.{nl}뭔가 중요한 것을 지키기 위해서라는데.. 그게 뭔진 나도 잘 몰라.
QUEST_LV_0100_20150312_001017	내 고향에서든 네 왕국에서든 신수의 날은 얼마든지 다시 닥칠 수 있다. {nl}그 재앙의 원흉이야말로 내 검이 아깝지 않은 상대일테지.
QUEST_LV_0100_20150312_001018	오윈
QUEST_LV_0100_20150312_001019	지원입니까? 거 참 힘이 나는군요!{nl}주변의 몬스터들을 부탁합니다.
QUEST_LV_0100_20150312_001020	다른 마법사들은 대부분 죽거나 도망쳤습니다.{nl}가비야님만이 홀로 탑을 지키고 계시지요.{nl}
QUEST_LV_0100_20150312_001021	마족의 침공은 예전에도 있었지만 이번 전투는 너무 오래 가고 있습니다.{nl}책에서 보았던 헬가 세르클이 다시 온 건 아닐지..
QUEST_LV_0100_20150312_001022	위대한 플러리의 이름을 잇는 몸으로서 아직 물러설 수 없습니다!
QUEST_LV_0100_20150312_001023	역시 계시자답군요.{nl}꼴 좋습니다!
QUEST_LV_0100_20150312_001024	이 기세로, 한번 더 부탁드립니다.{nl}저는 다른 몬스터를 맡을 테니 당신은 귀찮은 드레이크를 맡아 주십시오.
QUEST_LV_0100_20150312_001025	혼자가 아닌 여럿이면 저 몬스터들은 상대도 안 됩니다!
QUEST_LV_0100_20150312_001026	이제야 한 숨 돌릴 수 있겠군요.{nl}여기서부턴 저 혼자서도 충분합니다. 고맙습니다!{nl}{nl}
QUEST_LV_0100_20150312_001027	코델리어
QUEST_LV_0100_20150312_001028	흑탄 가루.. 그것만 있으면 설명서의 봉인을 풀 수 있는데 도무지 보이질 않아.{nl}미안하지만 흑탄 가루를 구해주겠어?
QUEST_LV_0100_20150312_001029	차라리 주변에 있는 몬스터에게서 흑탄 가루를 긁어내는 게 나았을까?
QUEST_LV_0100_20150312_001030	고마워!{nl}이제 봉인을 풀 준비를 해야겠어.
QUEST_LV_0100_20150312_001031	이런. 꺼지지 않는 불씨를 깜빡했어.{nl}아까 함께 부탁했어야 하는데.. 한번만 더 부탁할께.{nl}
QUEST_LV_0100_20150312_001032	하는 김에 다 부탁했어야 하는데 미안해.{nl}내가 좀 덜렁거려서.
QUEST_LV_0100_20150312_001033	긴클라스일까? 단순히 열람실에서 책장이 넘어진 거라면 좋겠는데.{nl}책장을 확인해 보고 와 주겠어?
QUEST_LV_0100_20150312_001034	이 정도 진동을 낼 만한 거대한 몬스터는 아직 보지 못했는데..
QUEST_LV_0100_20150312_001035	역시 긴클라스였구나. 정말 대단한걸?{nl}덕분에 나도 마법을 준비할 시간을 벌었어. 정말 고마워.
QUEST_LV_0100_20150312_001036	봉인석
QUEST_LV_0100_20150312_001037	나는 네가 생각하는 것 이상의 존재이다. {nl}속박에서 벗어나고 싶다. 주변의 감시자를 없애 다오.
QUEST_LV_0100_20150312_001038	감시자를 없애 다오.{nl}블라인들렘과 벨레그에 감시의 눈이 있다.
QUEST_LV_0100_20150312_001039	이제 풀려날 수 있겠구나.
QUEST_LV_0100_20150312_001040	나는 이름을 말할 수 없는 존재이다. {nl}감시자를 처치하여 나를 묶고 있는 이 봉인을 풀어다오.{nl}
QUEST_LV_0100_20150312_001041	놀랍도다. 그대는 거대한 힘을 지녔구나.
QUEST_LV_0100_20150312_001042	나의 영혼은 갈갈이 찢겨져 봉인석 안에 가두어져 있다.{nl}감시자인 슬라임을 처치하여 내가 풀려날 수 있도록 도와다오.
QUEST_LV_0100_20150312_001043	어딘가의 또 다른 내가 그대를 이리로 인도한 것인가. {nl}이제 나도 풀려 날 수 있겠구나.
QUEST_LV_0100_20150312_001044	하지만 이대로 풀려난다면 나는 그저 흩어질 뿐이다.{nl}
QUEST_LV_0100_20150312_001045	나를 담은 성궤는 부수어져 감시자들이 나눠 가지고 있다.{nl}그들을 처치하여 성궤를 완성해다오.
QUEST_LV_0100_20150312_001046	나를 담을 성궤는 산산이 부수어져 감시자들이 나누어 가지고 있다.
QUEST_LV_0100_20150312_001047	이제 풀려날 수 있겠다.
QUEST_LV_0100_20150312_001048	감시의 눈이 있는 한 도저히 속박에서 풀려날 수가 없다.{nl}제발 감시자를 처치하여 나를 풀어 다오.
QUEST_LV_0100_20150312_001049	계약에 묶인 몸이다. {nl}자유롭다고 하나 자유롭지 못하다.
QUEST_LV_0100_20150312_001050	나는 고위 마족에 의해 영혼을 찢긴 채로 봉인당했다.{nl}나를 위해 감시자인 인프로락터를 없애 다오. 해는 절대 끼치지 않겠다고 약속하겠다.
QUEST_LV_0100_20150312_001051	감시의 눈은 인프로락터에게 붙어 있다.
QUEST_LV_0100_20150312_001052	감시자가 사라지니 한결 낫구나. 
QUEST_LV_0100_20150312_001053	또 다른 나의 조각들은 그대를 부를 목소리를 잃었다.{nl}플른렘에게서 나의 목소리를 되찾아다오.
QUEST_LV_0100_20150312_001054	그 분의 피조물들은 목소리가 있어야 귀로 듣는다.{nl}
QUEST_LV_0100_20150312_001055	나의 다른 조각들이 널 부를 수 있게 되었다.{nl}이제 풀려날 수 있다.
QUEST_LV_0100_20150312_001056	나는 한낱 속박에 묶인 몸. 과거의 미물들이 나를 위협하는구나.{nl}그들에게 예의가 무엇인지 똑똑히 가르쳐 주도록 하라.
QUEST_LV_0100_20150312_001057	본보기를 보여야 정신을 차릴 것이다.
QUEST_LV_0100_20150312_001058	훌륭히 처리하였구나. {nl}너에게 이 봉인을 푸는 일을 맡겨도 되겠다.
QUEST_LV_0100_20150312_001059	나의 봉인을 풀어다오{nl}감시자들에게서 속박의 결정을 모아 부숴버리면 이 봉인이 풀릴 것이다.
QUEST_LV_0100_20150312_001060	때가 되면 알게 될 것이다.
QUEST_LV_0100_20150312_001061	수상한 책상
QUEST_LV_0100_20150312_001062	근처에 골렘이 있어요.{nl}전 무서워서 도저히 나갈 수가 없어요. 도와주세요..
QUEST_LV_0100_20150312_001063	이건 안나옴
QUEST_LV_0100_20150312_001064	감사합니다!{nl}안전해질 때까지 조금만 더 있다 도망칠 거예요..
QUEST_LV_0100_20150312_001065	퍼리 오드
QUEST_LV_0100_20150312_001066	반가워요. {nl}난 퍼리 오드. 변이술사랍니다.{nl}
QUEST_LV_0100_20150312_001067	이런 때에 계시자라니 여신께서 도우셨네요.{nl}이것도 인연인데 몬스터에게서 변이 매질을 모으는 것을 도와주시겠어요?
QUEST_LV_0100_20150312_001068	도망친 마법사들이요?{nl}뭐 어쩌겠어요. 그들은 가비야 여신보단 목숨이 더 중요했겠죠.{nl}비겁하다고 생각하진 않아요. 한심할 뿐이죠.
QUEST_LV_0100_20150312_001069	고마워요. 정말 의지가 되네요.
QUEST_LV_0100_20150312_001070	이제 변이 매질은 충분하니 남은 몬스터를 쓸어 버리러 갈 거에요.{nl}함께 하시겠어요? 
QUEST_LV_0100_20150312_001071	정말이지 당신 대단하군요.{nl}우리 마법사들이 전부 당신 같았으면 좋았을 걸.
QUEST_LV_0100_20150312_001072	문제가 생겼어요.{nl}기계실 안쪽에서 요나 졸렘을 본 것 같은데.. 나 혼자선 도저히 무리예요.{nl}
QUEST_LV_0100_20150312_001073	내가 다른 몬스터를 막아 줄 테니 당신이 요나 졸렘을 맡아 줘요.
QUEST_LV_0100_20150312_001074	안타깝게도 난 요나 졸렘을 상대할 능력이 안 되거든요.{nl}당신이 있어서 얼마나 다행인지 몰라.
QUEST_LV_0100_20150312_001075	흔쾌히 도와 주셔서 고마워요. 당신이 있어서 얼마나 다행인지 몰라.{nl}가비야의 이름으로 무운을 빌어요!
QUEST_LV_0100_20150312_001076	더 이상 견딜 수 없다. 나를 속박에서 구해다오.{nl}주변의 감시자를 처치하면 나는 풀려날 수 있다.
QUEST_LV_0100_20150312_001077	육신을 되찾을 시간이 돌아오고 있다.
QUEST_LV_0100_20150312_001078	더 이상 참을 수가 없구나.{nl}날 속박하는 감시자들을 처치해 다오.{nl}
QUEST_LV_0100_20150312_001079	이제 풀려날 수 있는가.
QUEST_LV_0100_20150312_001080	약속하겠다. 후일을 기약할 수 있을 것이다.
QUEST_LV_0100_20150312_001081	사이먼 쇼우
QUEST_LV_0100_20150312_001082	베아카라스를 막아야 하는데 몬스터가 너무 많아.{nl}나에게 힘을 빌려주지 않겠나?
QUEST_LV_0100_20150312_001083	이제 되갚아 줄 시간이다!
QUEST_LV_0100_20150312_001084	정말 대단하군.{nl}이제 정면으로 붙을 수 있겠어.
QUEST_LV_0100_20150312_001085	난 베아카라스를 쫓아 소회당 쪽으로 갈 테니 몬스터의 수를 줄여주게.{nl}그럼 뒤를 부탁한다!
QUEST_LV_0100_20150312_001086	나로선 베아카라스를 도저히 이길 방법이 없었어..{nl}흉한 꼴을 보이고 말았군.
QUEST_LV_0100_20150312_001087	베아카라스는 아직 이 근처에 있네.{nl}이제 남은 희망은 자네 뿐이야. 부탁한다.
QUEST_LV_0100_20150312_001088	역시 자네를 믿길 잘했어.{nl}덕분에 다시 힘이 솟는군. 
QUEST_LV_0100_20150312_001089	계약은 이행되어야 한다. 어서 나를 풀어다오.{nl}감시자가 쓰러질수록, 나의 영혼은 빠르게 자유로워진다.
QUEST_LV_0100_20150312_001090	그것은 아직 말할 수 없다.
QUEST_LV_0100_20150312_001091	길지 않은 시간이었지만, 나에겐 죽음의 공포와도 같은 나날이었다.
QUEST_LV_0100_20150312_001092	마지막 한 조각만이 남았다.{nl}
QUEST_LV_0100_20150312_001093	마지막 영혼은 감시자 석화고래 안에 있다.{nl}그를 쓰러뜨려야 나의 모든 영혼이 자유로워질 수 있다.
QUEST_LV_0100_20150312_001094	내 육체를 갈가리 찢고, 온갖 수치를 당하고, 그 시간만큼은 절대로 용서할 수 없다.
QUEST_LV_0100_20150312_001095	어서 빨리.. 계약을 이행해야 한다.{nl}
QUEST_LV_0100_20150312_001096	나는 마군주 하우벅.{nl}헬가 세르클에 의해 영혼이 갈가리 찢겨져 이 탑의 결계의 한 축이 되어 있었다.{nl}
QUEST_LV_0100_20150312_001097	이제 나는 나의 남은 조각을 찾으러 떠날 것이다.{nl}후일에 다시 만날 수 있을 수 있을 것이다.{nl}{nl}
QUEST_LV_0100_20150312_001098	계시자가 나서준다니 이것 참 든든하군.{nl}검은 드레이크에게 심어 둔 플레임 참 회수를 부탁하지.
QUEST_LV_0100_20150312_001099	도끼를 정면에서 받아낼 생각은 꿈에도 하지 말게.{nl}가루가 될지도 모르니까.
QUEST_LV_0100_20150312_001100	그대는 계시를 따라 대성당으로 가야 합니다만,{nl}안타깝게도 당신의 능력이 그에 미치지 못하는 군요.{nl}
QUEST_LV_0100_20150312_001101	카틴 숲 입구에서 힘을 기르세요.{nl}믿어 의심치 마세요. 최후에 오는 것은 그대의 승리입니다.
QUEST_LV_0100_20150312_001102	제 1 기계실에서 만나요.{nl}참, 오시면서 몬스터에게 까맣게 굳은 결정을 구해 주시면 더 좋을 것 같네요.
QUEST_LV_0100_20150312_001103	케이블 카 부숴진 것 좀 봐. {nl}이건 좀 심하군.{nl}
QUEST_LV_0100_20150312_001104	분명 촐라스 굽잇길의 그루머와 지그너츠의 짓이야.{nl}내가 이걸 고치는 동안 자네가 매운 맛 좀 보여 주라고.
QUEST_LV_0100_20150312_001105	젊은 녀석들 이야기에 원로들이 진작에 귀를 기울였다면 이런 일도 없었겠지.{nl}하지만 이미 엎질러진 물인 걸. 어떡하겠나?
QUEST_LV_0100_20150312_001106	수고했네.{nl}예전에 판토들이 훔쳐간 부품들이지.{nl}이런 식으로 다시 보게 될 줄은 몰랐지만.
QUEST_LV_0100_20150312_001107	파수꾼 몰리
QUEST_LV_0100_20150312_001108	원래 판토들은 이렇게 난폭한 몬스터들이 아니였어.{nl}분명히 되돌릴 수 있는 방법이 있을 거야.{nl}
QUEST_LV_0100_20150312_001109	네가 뇨살루스 가도에 있는 새끼 판토들에게 고원 사탕무를 줬으면 해.{nl}그럼 뭔가 떠올리고 내게 오지 않을까?
QUEST_LV_0100_20150312_001110	참 씁쓸하네.{nl}아무리 뒤숭숭한 세상이라지만 원래 그런 몬스터가 아니였는데.
QUEST_LV_0100_20150312_001111	그게 맞아요. 정말 고마워요!{nl}혹시 거기서 망가진 케이블카를 보셨나요? 제가 어릴 땐 그걸 탔었는데.
QUEST_LV_0100_20150312_001112	고마워요!{nl}제 친구들이 인생의 절반이나 케이블카를 지키는 데 보낼 뻔한 걸 당신이 구해주신 거예요.{nl}
QUEST_LV_0100_20150312_001113	케이블카를 고칠 사람이 나 밖에 없으니 봐준 셈 치지.{nl}아, 물론 도와준 건 고맙지.
QUEST_LV_0100_20150312_001114	라부레 가도로 가는 길에 있는 말리의 씨앗을 좀 가져다 주게.{nl}주술 인형의 마력원으로 적당하겠어.{nl}{nl}
QUEST_LV_0100_20150312_001115	아주 신나는군.{nl}지푸라기랑 씨앗, 밧줄 몇 가닥이면 그런게 살아서 돌아다닐 수 있다고.
QUEST_LV_0100_20150312_001116	파수꾼 모리
QUEST_LV_0100_20150312_001117	시모프가 튀어나왔다니, 왠지 좀 무섭네.{nl}판토들이 이렇게 타락할 수도 있구나.
QUEST_LV_0100_20150312_001118	라부레 가도를 정화할 건데 도와주지 않을래?{nl}사악한 기운은 주술 인형이 찾아 주지만 정화는 직접 해야 하거든.
QUEST_LV_0100_20150312_001119	오염지는 넓게 퍼져 있지만 라부레 가도가 제일 심한 것 같아.{nl}아마도 뿌리를 타고 퍼지는 거겠지?
QUEST_LV_0100_20150312_001120	이 순한 판토들을 봐.{nl}마족들이 쳐들어오는 판에 판토족까지 적으로 돌려야 한다는 건 말도 안 된다고.
QUEST_LV_0100_20150312_001121	주술 인형을 만들려면 의식용 밧줄이 꼭 필요해.{nl}숲지기 오두막의 판토 주술사 허리춤에 달려 있지. {nl}그걸 내게 가져오게.
QUEST_LV_0100_20150312_001122	카프리아를 설득하면 판토들은 순해질 거야.{nl}판토들의 대장이니까.{nl}
QUEST_LV_0100_20150312_001123	새끼 판토들을 따라가 보자.{nl}분명 카프리아에게 가는 길을 알려줄 거야.
QUEST_LV_0100_20150312_001124	카프리아가 우리의 마음을 알아주었으면 좋겠어.{nl}뭐든 해봐야겠지.
QUEST_LV_0100_20150312_001125	새끼 판토들을 보자마자 화를 냈다고?{nl}역시 안 되는 걸까.
QUEST_LV_0100_20150312_001126	이렇게 열심히 고쳐놨는데 포아타가 너무 걱정돼요.{nl}그 만한 몬스터라면 케이블카를 부술지도 모르잖아요.
QUEST_LV_0100_20150312_001127	우리 파수꾼들은 싸우는 걸 너무 좋아해요. {nl}판토족은 예전엔 이렇게 난폭하지 않았거든요.{nl}마족까지 몰려오는 판에 꼭 이래야 하나 싶다니까요.
QUEST_LV_0100_20150312_001128	네파비 양지의 케이블카도 포아타 녀석이 부숴버린 거거든요.{nl}그렇다고 매일 보초를 설 수도 없는 노릇이고.{nl}
QUEST_LV_0100_20150312_001129	보초를 선다고 해도 포아타와 싸움요? {nl}힘들죠.
QUEST_LV_0100_20150312_001130	은수협곡에서 너울고원으로 건너가려면 반드시 케이블카가 필요해요.{nl}옛날 사람들은 밧줄에 바구니를 걸어서 그걸 타고 넘어갔었대요.{nl}전 솔직히 케이블카도 무섭던데.
QUEST_LV_0100_20150312_001131	마족들에게서 신성한 땅을 지키러 나왔어요.{nl}너울 고원에 팔라딘 마스터께서도 오셨다니 진짜 큰일인가봐요.{nl}
QUEST_LV_0100_20150312_001132	아무래도 옥빛서린 벼랑에 나가 있는 동생이 걱정되네요. {nl}아무 일 없었으면 좋으련만.{nl}
QUEST_LV_0100_20150312_001133	여긴 우리에겐 아주 신성한 의미가 있는 땅이야.{nl}그리고 그 땅을 지키는 우린 스스로 파수꾼이라고 불러 왔지.{nl}
QUEST_LV_0100_20150312_001134	초대 팔라딘님과 약속하던 그 날부터 대대손손 지켜 왔다.{nl}그리고 마족들이 쳐들어온 지금이 바로 그 약속을 지킬 때이지.
QUEST_LV_0100_20150312_001135	판토들이 난폭하게 변해버린건 4년 전에 벌어진 신수의 날 이후야.{nl}그 전엔 서로 소나 닭 보듯 했지만, 어렸을 때 장난 같은것도 많이 쳤었었는데.{nl}
QUEST_LV_0100_20150312_001136	도대체 신성한 땅에 무슨 일이라도 생긴 걸까?
QUEST_LV_0100_20150312_001137	4년 전에 그 일이 있고 난 뒤 제일 먼저 변한 건 카프리아야.{nl}그리고 판토들도 차례대로.. 남은 건 새끼 뿐이네.
QUEST_LV_0100_20150312_001138	여기서부턴 우리 일족이 지켜오고 있는 신성한 땅입니다.{nl}여행자께선 부디 경건한 분위기가 유지될 수 있도록 협조해 주시길 바랍니다.{nl}-파수꾼
QUEST_LV_0100_20150312_001139	내 일처럼 도와줘서 고맙네.{nl}덕분에 내 일이 많이 줄었구먼. 
QUEST_LV_0100_20150312_001140	남은 인형들로 어떻게든 버텨야지.{nl}다들 옥빛서린 벼랑에서 목숨 걸고 있는데 불평할 순 없잖아?
QUEST_LV_0100_20150312_001141	예전에 판토족들과는 사이가 참 좋았었는데.{nl}요즘은 그런 건 커녕 서로 머릿 수 줄이는 데 혈안이 된 모양이야.
QUEST_LV_0100_20150312_001142	마을 원로들이 주술 인형을 복원하래서 돌아왔어.{nl}주술 인형이라니. 신나지 않아?
QUEST_LV_0100_20150312_001143	고맙네. {nl}젊은 녀석들이 더 오거든 직접 가서 몇 개 더 구할 수도 있겠군.
QUEST_LV_0100_20150312_001144	사악한 기운이 판토 토템에 몰리니 더 이상은 봐줄 수 없군.{nl}주술 인형으로 부숴볼까 하는데 어때. 한번 해 볼래?
QUEST_LV_0100_20150312_001145	바질씨가 주술인형을 완벽히 복원하기 전 까진 어쩔 수 없지.{nl}이런 특수한 경우 빼곤 사용할 수 있는 게, 음.. 없네.
QUEST_LV_0100_20150312_001146	카너버가 발이라도 달렸으면 대참사가 벌어지고도 남았겠어.{nl}미리 처리해서 다행이야.
QUEST_LV_0100_20150312_001147	초대 팔라딘님께 우리 일족을 저주에서 구해 준 댓가로 세 가지 약속을 했다더군.{nl}
QUEST_LV_0100_20150312_001148	테넷 성당을 짓는 것을 도와 주는 것.{nl}파수꾼들을 두어 신성한 땅에 있는 성물을 지키는 것.{nl}마지막으로 큰 위험이 예지되거든 같이 막아내자는 것이지.{nl}
QUEST_LV_0100_20150312_001149	어떤 저주였는진 잘 몰라.{nl}테넷 성당에 기록이 있을 거야.
QUEST_LV_0100_20150312_001150	우리 주술 인형이랑 보코르의 저주 인형이랑은 의미가 좀 달라.{nl}
QUEST_LV_0100_20150312_001151	보코르처럼 저주 같은 건 안해.{nl}스스로 움직여서 공격하거나. 뭐 그런 거지.
QUEST_LV_0100_20150312_001152	마족들이 공격하기 쉽게 수를 쓴 것일수도 있고.{nl}어쩌면 치유의 성물을 노린 걸지도 모르지.{nl}
QUEST_LV_0100_20150312_001153	치유의 성물을 땅 속 깊은 곳에 감춰 두었으니까.{nl}세상이 뒤집히는 이유가 식물 때문일지 그 땐 누가 알았겠어?
QUEST_LV_0100_20150312_001154	대화가 안 통하면 약간의 폭력을 써도 좋아. {nl}더 벌어질 사이도 없으니까.
QUEST_LV_0100_20150312_001155	이 소환서로 주술 인형을 소환할 수 있어.{nl}
QUEST_LV_0100_20150312_001156	가능하면 카너버 처치도 부탁할게.{nl}마기에 오염되서 더 이상 두고볼 수가 없어.
QUEST_LV_0100_20150312_001157	마르가스 동산에 있는 포아타의 둥지를 어질러 놓으면 나타날 거예요.{nl}
QUEST_LV_0100_20150312_001158	연락관 콜린
QUEST_LV_0100_20150312_001159	렉시퍼요? {nl}처음 듣는 이름인데요.{nl}
QUEST_LV_0100_20150312_001160	게다가 무무고원이라면, 이미 연구할 가치가 없어 철수한 지 오래됬어요.
QUEST_LV_0100_20150312_001161	왕릉 책상
QUEST_LV_0100_20150312_001162	왕릉의 비밀스럽고 고귀한 지혜는 얻고자 한다 해서 얻어지는 것이 아니다.{nl}기회가 왔을 때 준비가 되어 있다면 그것을 거머쥘 수 있을 것이다.{nl}
QUEST_LV_0100_20150312_001163	혈석을 가지고 오라.{nl}아직 늦지 않았을 것이다. 시간 안에만 돌아올 수 있다면.
QUEST_LV_0100_20150312_001164	시간 안에 돌아올 수 있도록 하라.
QUEST_LV_0100_20150312_001165	기회와 준비에 대한 마음가짐을 잃지 말라.
QUEST_LV_0100_20150312_001166	자네가 우리 형님의 최후를 알려 주었으니 괜찮다면 보답을 하고 싶어.{nl}형님이랑 다시 출발하려고 모아둔 건데.. 이젠 필요가 없지.
QUEST_LV_0100_20150312_001167	어머, 그건 드레이크의 뿔 아닌가요?{nl}설마 그 많은 걸 전부 다 상점에 팔아버릴 셈인가요?{nl}
QUEST_LV_0100_20150312_001168	안돼요. 너무 아까워요.{nl}이 정도 양이라면 드레이크의 견장을 만들 수 있다고요.{nl}제가 제작서를 드릴 테니 만들어 보시겠어요?
QUEST_LV_0100_20150312_001169	이 열쇠로 내 보물상자를 열 수 있어.{nl}하지만 보물상자는 자네가 직접 찾아야 할 거야.
QUEST_LV_0100_20150312_001170	제작은 휴식모드에서만 가능하다는 것. {nl}알고 계시지요?
QUEST_LV_0100_20150312_001171	자네가 없었다면 난 그냥 형님이 어딘가에서 잘 살고 있었다고 믿었어도 되는 거니까.{nl}자네 책임이 없다곤 말 못하겠지?
QUEST_LV_0100_20150312_001172	잘 만드셨어요.{nl}언젠가 꼭. 나중에 이 물건이 필요한 때가 올 거예요.{nl}
QUEST_LV_0100_20150312_001173	그때를 위해 일단 제가 맡아 두도록 하죠.{nl}필요한 때가 오면 잊지 말고 꼭 저에게 오세요. 그때 돌려 드릴게요.
QUEST_LV_0100_20150312_001174	대단한 인맥이세요. {nl}클라페다와 페디미안의 마스터들이 전부 당신의 이름을 알고 있던걸요?{nl}
QUEST_LV_0100_20150312_001175	이것도 인연인데 나랑 내기 하나 해 볼래요?{nl}마법사의 탑에 가서 준비된 문제를 전부 맞춰보는 거예요.
QUEST_LV_0100_20150312_001176	퀴즈는 마법사의 탑 1층과 4층에 있는 마법사들로부터 받을 수 있어요.{nl}모든 문제를 다 맞추면 작은 선물을 드릴게요.
QUEST_LV_0100_20150312_001177	여기까지 올라오다니, 정말 자넨 대단한 친구군.{nl}문제는 이쯤 하고 다른 걸 내 볼까?
QUEST_LV_0100_20150312_001178	별건 아냐. {nl}3층의 실험실에서 흩어진 책 페이지를 전부 모아오면 퀴즈를 맞힌 걸로 인정해 주지.
QUEST_LV_0100_20150312_001179	내겐 정말 중요한 책인데 도저히 자릴 비울 수 있어야 말이지.
QUEST_LV_0100_20150312_001180	그래, 맞아! 바로 이거야.{nl}
QUEST_LV_0100_20150312_001181	이건 쏘마터지 마스터가 네게 전해 달래.{nl}네가 해내지 못했다면 내가 꿀꺽 했을 텐데 참 아쉽군. 
QUEST_LV_0100_20150312_001182	당신의 이야기는 익히 들었습니다. {nl}마법사의 탑에서 엄청난 활약을 하셨다지요?{nl}
QUEST_LV_0100_20150312_001183	그렇기에 당신께 꼭 드리고 싶은 부탁이 있습니다.{nl}
QUEST_LV_0100_20150312_001184	도마뱀이 갇혀 있는 호박입니다. {nl}저도 어딘가에 존재한다고만 들었기에.. 당신이라면 꼭 찾아주시리라 믿습니다.
QUEST_LV_0100_20150312_001185	감사합니다. 정말 탄성이 절로 나오는 보석이군요.{nl}사두가 현세의 물건에 관심을 두는 것은 그다지 흔한 일은 아닙니다만.{nl}
QUEST_LV_0100_20150312_001186	그만큼 중요한 물건이라는 얘깁니다.
QUEST_LV_0100_20150312_001187	알 수 없는 존재
QUEST_LV_0100_20150312_001188	누가 감히 나와 대면하려 하는가.{nl}비밀의 숫자를 말하라. 그렇지 않고선 입을 열 수 없다.
QUEST_LV_0100_20150312_001189	당돌한 녀석이구나.{nl}수정광산 1광구에 다섯 개의 단서가 있다.{nl}서두를 것 없다. 오랜 시간이 걸리리라.
QUEST_LV_0100_20150312_001190	찾았구나. {nl}그렇다면 이제부터 시작하겠다.
QUEST_LV_0100_20150312_001191	수수께끼를 내겠다.{nl}네가 당연히 해야 하는 것. 가장 많이 해온 것. 앞으로도 해야 할 것이다.{nl}질문의 답은 행동으로 답하라.
QUEST_LV_0100_20150312_001192	수고했다.{nl}합당한 보상이 있을 것이다.
QUEST_LV_0100_20150312_001193	승패를 좌우하는 요소가 무엇일 것 같나.{nl}멍청하게 공격만 하고 있다간 제 살 깎이는 줄도 모르고 크게 당할 수도 있어.
QUEST_LV_0100_20150312_001194	최강의 무기를 하나만 꼽으라면 전 신뢰라고 말씀드리겠습니다.{nl}마음이 잘 맞는 동료 말이지요.
QUEST_LV_0100_20150312_001195	쏘마터지는 배운다고 강해지는 것이 아니에요.{nl}스스로 깨달아야 하죠.
QUEST_LV_0100_20150312_001196	엘레멘탈리스트는 만물의 근원에 대한 이해가 곧 힘이 됩니다.{nl}바람, 물, 불, 땅. 가장 단순한 형태에서 가장 강력한 힘을 이끌어내지요.
QUEST_LV_0100_20150312_001197	은신, 탐지, 덫 설치..{nl}정찰의 대가를 꼽으라고 한다면 당연히 스카우트지.
QUEST_LV_0100_20150312_001198	우리 사두는 영원의 여행을 떠난답니다.{nl}그 여행의 끝은 내세의 안식으로 이어지겠지요.
QUEST_LV_0100_20150312_001199	전투에 치사한 게 어딨어?{nl}독이든 암기든 뭐든 다 퍼부어서라도 어떻게든 살아남는 게 이기는 거지. 안 그래?
QUEST_LV_0100_20150312_001200	어떻게든 빨리 찾지 않으면..{nl}마법사의 탑도 이젠 정말 끝일지도..
QUEST_LV_0100_20150312_001201	합당한 대가만 있다면 뭐. 내 기술을 배우고 싶다는 사람을 뭐하러 막겠어?{nl}오히려 환영할만한 일이지.{nl}따라다니면서 배우라고 하진 않지만 말야.{nl}
QUEST_LV_0100_20150312_001202	하지만 글쎄다. {nl}군대까지 들어와서 가르치라고 하는 건 좀.. {nl}다른 문제가 아닐까?
QUEST_LV_0100_20150312_001203	어서 오십쇼! 뭐가 필요하십니까요?{nl}물건은 예전같진 않지만, 그래도 최선을 다해 구비해 놓았지요.
QUEST_LV_0100_20150312_001204	노인
QUEST_LV_0100_20150312_001205	자네도 이 도시에 오면서 수 많은 유적들을 보았겠지.{nl}허나 유구한 역사 앞에서는 영웅들도 그저 한 줌의 먼지 아니겠나.{nl}
QUEST_LV_0100_20150312_001206	특히 메이번의 제자 중 루클리스는.. 정말 안타깝게 되었어.
QUEST_LV_0100_20150312_001207	저 거대 여신상에는 재미있는 이야기가 전해지지.{nl}기회가 된다면 
QUEST_LV_0100_20150312_001208	페디미안의 은화
QUEST_LV_0100_20150312_001209	라는 책을 읽어보는 것도 좋을 거야.
QUEST_LV_0100_20150312_001210	창은 순수한 살상 무기 그 자체입니다.{nl}그 덕분에 누구나 쉽게 접하고 익힐 수 있는 최고의 무기이지요.
QUEST_LV_0100_20150312_001211	골렘이라니 정말 굉장하군요.{nl}제가 가르쳐 드린 건 잘 기억하고 계시죠?
QUEST_LV_0100_20150312_001212	역시 계시자는 다른가봐요.{nl}하지만 다른 계시자와도 다른 것 같네요.
QUEST_LV_0100_20150312_001213	골렘을 잡다니 정말 대단하시네요.{nl}그런 건 어디서 배우신 거죠?
QUEST_LV_0100_20150312_001214	자네가 우릴 도와준 건 참 고맙게 생각하고 있어.{nl}클라페다에서 우스카님이 기다리고 있으니 어서 가 보게.
QUEST_LV_0100_20150312_001215	언젠간 여신께서 돌아오실 것이라고 난 굳게 믿고 있네.{nl}암. 믿어야지. 우리가 여신을 믿지 않으면 누가 믿겠다는 건가?
QUEST_LV_0100_20150312_001216	어서 광산 마을의 지원을 부탁드립니다.{nl}당신 정도의 실력자라면 큰 도움이 될 것입니다.
QUEST_LV_0100_20150312_001217	이야기는 들었습니다. 부베 투사를 해치웠다지요?{nl}정말 대단하십니다.
QUEST_LV_0100_20150312_001218	멀리서 지켜보는 내내 조마조마했습니다만, 정말 멋졌습니다.
QUEST_LV_0100_20150312_001219	솔직히 좀 두렵습니다.{nl}광산 마을에 이어 동쪽 숲까지.. 클라페다도 점점 위험해지는군요.
QUEST_LV_0100_20150312_001220	광산마을이 매우 걱정되긴 합니다만. {nl}그래도 이만큼이나 조용해진건 전부 당신 덕분이지요.
QUEST_LV_0100_20150312_001221	치유사 아가씨
QUEST_LV_0100_20150312_001222	저희를 구해주신 계시자님께 여신의 가호가 깃들길 늘 기도드리고 있답니다.
QUEST_LV_0100_20150312_001223	피난민들을 돕고 있어요.{nl}몬스터가 마을을 습격했거든요.
QUEST_LV_0100_20150312_001224	광산 소장 브링커
QUEST_LV_0100_20150312_001225	아직은 많이 불안하오.{nl}그래도 예전보단 나은 게 모두 당신 덕 아니겠소?
QUEST_LV_0100_20150312_001226	커닝햄의 이야기가 사실이었다니.. 조금 연구해 볼 필요가 있겠습니다.
QUEST_LV_0100_20150312_001227	모든 것에는 마나라는 샘이 있어요.{nl}그리고 원한다면, 서로가 서로의 마나를 이을 수도 있겠죠.{nl}마치 수로를 파는 것처럼요.
QUEST_LV_0100_20150312_001228	혹시 곡괭이질 하는 부베들을 보았소?{nl}수정도 아니고, 도대체 무얼 찾는 건지..
QUEST_LV_0100_20150312_001229	우릴 구해줘서 정말 고맙소.{nl}
QUEST_LV_0100_20150312_001230	아직도 폐쇄된 구역에 들어갈 거라면 부베들이 가지고 있는 묘한 돌을 모아 보시오.{nl}그걸 수정으로 막힌 벽에 갖다 대니까 스르륵 열리더군.
QUEST_LV_0100_20150312_001231	여기서 뭘 하시는 거지요?{nl}빨리 광산으로 들어가세요.{nl}1층에서 만나기로 하지 않았습니까?
QUEST_LV_0100_20150312_001232	그 어떤 마족도 여길 넘어갈 수 없을 겁니다.{nl}팔라딘 마스터님을 방해할 수 없도록 제가 목숨을 바쳐서라도 사수할 겁니다.
QUEST_LV_0100_20150312_001233	확고한 신념은 우리의 방패일세.{nl}우리는 항상 여신의 뜻에 따라 정의와 신념을 위해 싸워 왔네.
QUEST_LV_0100_20150312_001234	장하다.{nl}팔라딘 마스터로써 자네의 업적에 경의를 표하겠네.
QUEST_LV_0100_20150312_001235	파수꾼 하메스
QUEST_LV_0100_20150312_001236	마족에게서 어떻게든 여길 지켜내야해.{nl}여긴 신성한 땅이란 말이다.
QUEST_LV_0100_20150312_001237	그 맹약만 아니었어도 벌써 도망갔겠지만.{nl}그래도 난 위대한 파수꾼의 아들이라고.
QUEST_LV_0100_20150312_001238	어떻게든 마족들을 막아 내야지요.{nl}성당의 형제들에게 위험을 떠넘길 순 없습니다.
QUEST_LV_0100_20150312_001239	결계 때문에 들어갈 수가 없구나.{nl}문을 열려면 지하 1층으로 돌아서 들어가야겠어.
QUEST_LV_0100_20150312_001240	자네를 다시 만났을 때는 이 세상에 평화가 찾아와 있을까.. 꼭 그랬으면 좋겠네.
QUEST_LV_0100_20150312_001241	마족이 여기까지 밀고 내려올거라는 건 예상 못했어.{nl}다른 형제들이 잘 버텨주길 바래야지.
QUEST_LV_0100_20150312_001242	지켜야 할 게 많으니까 왠간하면 마족들을 최대한 자극하지 말고 조용히 처리해야해.{nl}계시자인 네가 와 주니 정말 든든하네.
QUEST_LV_0100_20150312_001243	솔직히 팔라딘들만으론 버텨낼 수 없을 거라 생각했어.{nl}믿음이 부족했군.
QUEST_LV_0100_20150312_001244	숨는 것보단 당당하게 나와 싸우는 게 더 좋아.{nl}상대가 마족이라면 더 좋고.
QUEST_LV_0100_20150312_001245	인간이 마왕을 물리칠 수도 있는 거군요.{nl}방금 듣고서도 정말 믿기지가 않네요.
QUEST_LV_0100_20150312_001246	제스티를 죽이지 못한 건 아쉽네만 그래도 참 대단하구나.{nl}이제 막바지야..
QUEST_LV_0100_20150312_001247	정말 고생이 많았지.{nl}자네의 앞길에 행운이 깃들기를 빌도록 하지.
QUEST_LV_0100_20150312_001248	이제부턴 여기 계신 분들의 안전에 더욱 신경 써야겠습니다.{nl}요나스님을 모시던 시종은 어딜 간 걸까.
QUEST_LV_0100_20150312_001249	연구에 몰두하다 보면 몬스터가 오는 지도 모를 때가 있어.{nl}그 땐, 정말 아찔했지.
QUEST_LV_0100_20150312_001250	다음부터라도 주위를 잘 살피게. {nl}나까지 휘말릴 뻔 했지 않았는가.
QUEST_LV_0100_20150312_001251	왠만하면 다 기억하고 있다고 생각했는데.{nl}치매가 오는건가. 같이 일하던 그 양반 얼굴이 기억이 안나.
QUEST_LV_0100_20150312_001252	예전에 같이 일하던 사람이 있었는데.{nl}이상하게 기억이 안 난단 말야.
QUEST_LV_0100_20150312_001253	이런 곳에서 뭉그적거릴 시간이 없는데..
QUEST_LV_0100_20150312_001254	저번에 도와주셨던 건 정말 감사합니다.{nl}지원품이라곤 연구자료 뿐인데 몬스터가 왜 노리는 걸까요.
QUEST_LV_0100_20150312_001255	닐스에게 참 못할 짓을 했어.{nl}다 기억나 버리니 이거 창피하구먼.
QUEST_LV_0100_20150312_001256	경비병
QUEST_LV_0100_20150312_001257	여기서 발굴된 유물은 외부로 반출하실 수 없습니다.{nl}아무리 계시자님이더라도 말입니다.
QUEST_LV_0100_20150312_001258	이곳은 많은 학자들이 연구하는 곳이므로 정숙해 주세요.
QUEST_LV_0100_20150312_001259	물자가 귀한 때일수록 나 같은 상인들의 수완이 빛을 발하는 게 아니겠소? {nl}그게 세상 이치요.
QUEST_LV_0100_20150312_001260	이게 뭐라고 몬스터들이 가져간담.{nl}그나마 자료가 이 정도라도 남아있어서 다행이에요.
QUEST_LV_0100_20150312_001261	살면서 이렇게 위험한데까지 나오긴 처음이요.{nl}이렇게 척박한 곳인데 몬스터가 왠말인지.
QUEST_LV_0100_20150312_001262	고라쓰
QUEST_LV_0100_20150312_001263	실종된 사람들이 한 둘이 아니라던데 이 친구는 또 어딜 간 거지?
QUEST_LV_0100_20150312_001264	바다트
QUEST_LV_0100_20150312_001265	또 연구자료를 잃어버렸어.{nl}이게 도대체 몇 번째야?
QUEST_LV_0100_20150312_001266	석공 피포티
QUEST_LV_0100_20150312_001267	그런 일은 하지 말았어야 했는데.{nl}다 나 때문이야.
QUEST_LV_0100_20150312_001268	사학자들에게 얌전히 조언이나 해 주다가 돌아갈 것을.{nl}다 내 잘못이야.
QUEST_LV_0100_20150312_001269	결정석을 가지고 부러진 기둥 협곡의 구스타스의 제자들을 찾아주세요.{nl}봉인에 대해 가르쳐 드릴 겁니다.
QUEST_LV_0100_20150312_001270	케빈
QUEST_LV_0100_20150312_001271	여긴 정말 이상한 곳이야.{nl}학자 샌님들도, 검 밖에 모르는 용병들도 모두 여기서 헤어나질 못하고 있잖아?{nl}물론 우리도 마찬가지지만.
QUEST_LV_0100_20150312_001272	조각가 힐다
QUEST_LV_0100_20150312_001273	이 기둥들을 보세요.{nl}정말 아름답지 않습니까?
QUEST_LV_0100_20150312_001274	이 기둥들의 아름다움은 몬스터의 무서움도 다 잊게 해주는군요.{nl}정말 대단해요.
QUEST_LV_0100_20150312_001275	멋진 장식이 있는 기둥들도 좋지만 어떤 기둥들은 읽을 수도 있어요.{nl}가끔 살펴보는 것도 좋겠지요.
QUEST_LV_0100_20150312_001276	이 황량한 협곡이 아름다운 이유는 어딘가에 비밀을 숨겨두고 있기 때문이지.
QUEST_LV_0100_20150312_001277	이제 가문의 첫 번째 사명이 이루어졌을 뿐이다.{nl}지금부터 시작이겠지.
QUEST_LV_0100_20150312_001278	보급대 대장 비오
QUEST_LV_0100_20150312_001279	오늘은 좀 잠잠하군.{nl}몬스터들 말이오.
QUEST_LV_0100_20150312_001280	우린 베테랑이오.{nl}용병 생활이 몇 년인데 소식이 끊겼다고 해서 당황할 시기는 지났지.
QUEST_LV_0100_20150312_001281	용병 에타
QUEST_LV_0100_20150312_001282	금방 돌아갈테니까 걱정 말게.{nl}예전 같았으면 이런 것 쯤은..
QUEST_LV_0100_20150312_001283	대장님이 이번엔 무슨 잔소리를 하시려나..
QUEST_LV_0100_20150312_001284	고고학자 라우디
QUEST_LV_0100_20150312_001285	여신과 마족.. 자카리엘 왕릉과 유적의 비밀..
QUEST_LV_0100_20150312_001286	모르쿠스 요나스
QUEST_LV_0100_20150312_001287	영감님이 지겹도록 말하던 그 사람은 진짜 오긴 하는 건가..
QUEST_LV_0100_20150312_001288	영감님이 그랬어. {nl}운명을 거스르는 것도 결국은 운명 안에 포함된 거라고.{nl}우리가 이렇게 발버둥치는 것도 전부 예정에 포함된 것이라는 말이겠지?
QUEST_LV_0100_20150312_001289	왜 아무도 기억을 못하는 걸까요.{nl}분명히 은발의 남자가.. 흠.
QUEST_LV_0100_20150312_001290	알 수 없는 누군가가 꾸미고 있는 알 수 없는 일.. {nl}아, 이건 불안을 넘어서서 정말 무섭네요..
QUEST_LV_0100_20150312_001291	연구에 매진해야 할 때인데, 전혀 집중이 되질 않아.{nl}게다가 조수는 또 어딜 간 건지.
QUEST_LV_0100_20150312_001292	아이리네가 없었으면 정말로 죽었을 거요.{nl}아, 물론 당신도 고맙소.
QUEST_LV_0100_20150312_001293	아이리네는 내 생명의 은인이요.{nl}당신도 물론이고.
QUEST_LV_0100_20150312_001294	이야기는 들었지만 사실 잘 믿겨지진 않습니다.{nl}부베 투사를 해치웠다니요.
QUEST_LV_0100_20150312_001295	선생님은 어디 계신 걸까요. 정말 걱정이 돼서 미칠 것만 같아요.
QUEST_LV_0100_20150312_001296	데지크 선생님이 없었으면 전 정말 몬스터들 사이에서 미쳐버렸을 거예요.{nl}아, 물론 당신이 구해주신 것도 감사하죠.
QUEST_LV_0100_20150312_001297	여긴 곧 철수할 예정입니다만, 어쩐 일이십니까?{nl}상부에서 신규 인력을 보내 준다는 말은 없었는데..
QUEST_LV_0100_20150312_001298	빨리 철수해야죠.{nl}어떤 돌이 어떤 몬스터를 불러올지 아무도 모르니까요.{nl}대체 이게 뭔 난리람..
QUEST_LV_0100_20150312_001299	고고학적 가치가 떨어져서 철수해야 한다는 게 말이 된다고 생각하시나요?{nl}밟는 땅마다 유물 천지인데!!
QUEST_LV_0100_20150312_001300	내 느낌이 틀리지 않을 거예요. 절대로 무슨 일인가가 일어나고 있어요. {nl}이대로 포기할 수 없어.
QUEST_LV_0100_20150312_001301	내가 원하는 게 분명히 있을텐데 이거 도저히 방법이 없단 말야.{nl}흠. 이를 어쩐다.
QUEST_LV_0100_20150312_001302	이 멋진 곳에서 철수해야 한다니 마음이 참 아프구먼.{nl}하지만 할 수 없지.
QUEST_LV_0100_20150312_001303	미쳤다고 여기 더 있고 싶겠어?{nl}나는 최대한 빠르게 여길 뜰거야. 나중에 또 보자고!
QUEST_LV_0100_20150312_001304	사학자 시레니아 오델
QUEST_LV_0100_20150312_001305	이 느낌은.. {nl}사학자로서의 느낌일까요, 아니면 인간의 본성에서 나오는 공포일까요..
QUEST_LV_0100_20150312_001306	탐험가 바키스
QUEST_LV_0100_20150312_001307	탐험가? 물론 위험하지.{nl}하지만 뭔가를 발견했을 때의 그 짜릿함이 날 계속 이끌어.
QUEST_LV_0100_20150312_001308	사학자 렉시퍼
QUEST_LV_0100_20150312_001309	옛말에 이런 말이 있습니다.{nl}괴물과 싸우는 사람은 스스로 괴물이 되지 않도록 조심해야 한다.{nl}그대가 오랫동안 심연을 들여다보면, 심연 역시 그대를 들여다본다..{nl}
QUEST_LV_0100_20150312_001310	왠지 당신과는 곧 다시 만날 날이 올 것 같군요.{nl}그럼 그때까지 안녕히..
QUEST_LV_0100_20150312_001311	사학자들이 초대해서 여기까지 왔어.{nl}석공으로써 조언이 듣고싶다나.
QUEST_LV_0100_20150312_001312	사학자들에게 얌전히 조언이나 해 주다가 돌아갈 것을.{nl}다 내 잘못이겠지.
QUEST_LV_0100_20150312_001313	연락관 베일
QUEST_LV_0100_20150312_001314	등록되어있지 않은 분의 안전까지 저희가 책임져 드릴 수 없습니다.{nl}웬만하면 안전한 곳으로 돌아가십시오.
QUEST_LV_0100_20150312_001315	도움이 되지 못해 죄송합니다만, 저희 명단엔 없군요.
QUEST_LV_0100_20150312_001316	사학자 콜린
QUEST_LV_0100_20150312_001317	글쎄요, 아무리 생각해도 전 아는 바가 없군요.{nl}음.. 전혀요. 
QUEST_LV_0100_20150312_001318	어휴, 이 많은 자료를 언제 다 정리한담?
QUEST_LV_0100_20150312_001319	마족의 이름을 사칭하는 사람도 있다니, 확실히 제정신은 아닌 것 같네요.
QUEST_LV_0100_20150312_001320	부상당한 사학자 라우라스
QUEST_LV_0100_20150312_001321	발굴지를 휘젓고 다니는 남자가 있어.{nl}제정신이 아니야. 어떻게 몬스터를 부리는 거지?
QUEST_LV_0100_20150312_001322	빨리요! 어떻게든 렉시퍼를 방해해야 해요.{nl}여신의 의지가 뭐든지 간에 그의 손에 들어가 봤자 좋을 일이 없을 테니까요.
QUEST_LV_0100_20150312_001323	루클리스 추모비 탁본
QUEST_LV_0100_20150312_001324	누가 루클리스의 목을 베었는가.{nl}누가 루클리스를 반역자라 하는가.{nl}
QUEST_LV_0100_20150312_001325	그의 영혼이 사그라들자 국왕의 폭정은 날뛰었고 백성의 삶은 피폐해졌다.{nl}그와 함께 죽지 못한 이 죄인의 몸, 그의 정신을 이 추모비에 남기려 한다.{nl}
QUEST_LV_0100_20150312_001326	그대가 검사가 아니어도 좋다.{nl}그대가 선택받은 자가 아니어도 좋다.{nl}
QUEST_LV_0100_20150312_001327	허나 루클리스가 그대에게 남겨줄 빛은 혼란한 세상을 위해 사용되어야 한다.{nl}만일 그대가 경솔하여 살생에만 몰두한다면 양날의 검이 되어 그대의 목을 겨누리라.{nl}
QUEST_LV_0100_20150312_001328	제 연구를 도와 줄 분을 찾고 있습니다.{nl}반역자 루클리스를 연구한다는 이유로 지원이 끊겨버렸거든요.{nl}{nl}
QUEST_LV_0100_20150312_001329	모든 게 제 불찰입니다.{nl}스미드가 죽어버리다니.. 제가 혼자 남아 무얼 하겠습니까.
QUEST_LV_0100_20150312_001330	어디 뭐 값나가는 거 없을까?{nl}일단 레이몬드에게 고용된 몸이긴 하다만.
QUEST_LV_0100_20150312_001331	무명비
QUEST_LV_0100_20150312_001332	지금은 읽을 수 없다.
QUEST_LV_0100_20150312_001333	여긴 말도 못하게 위험한 곳이죠.{nl}스승님은 위험하다면서 곁에 붙어 가만있으라고 하셨지만.. {nl}루클리스의 비밀을 밝힐 기회 앞에서 가만 있을 수가 있어야 말이죠. 
QUEST_LV_0100_20150312_001334	그래서 이렇게.. 조금 멀리 나와 있습니다.
QUEST_LV_0100_20150312_001335	이건 정말 대단합니다! 학자로서 정말 더 탐구하고 싶어지는걸요! {nl}하지만 이렇게 나와 있는 것이 괜찮은 일인지는..
QUEST_LV_0100_20150312_001336	물질의 제련을 통하여 자신의 영혼을 더 높은 곳으로 이끄는 것.{nl}그게 우리 알케미스트들의 궁극적인 목표입니다.
QUEST_LV_0100_20150312_001337	네더보바인이 또 난동인가?{nl}어떤 몬스터든 우리 로델레로가 버티고 있는 한 페디미안으로 한 발자국도 들어올 수 없지.{nl}
QUEST_LV_0100_20150312_001338	네더보바인을 퇴치하러 가신다고요. {nl}훌륭합니다. 응원하겠습니다.
QUEST_LV_0100_20150312_001339	시간을 다루는 마법이야말로 모든 마법의 정수라고 할 수 있지요.{nl}아가일라 플러리님께서 하신 말씀이에요.
QUEST_LV_0100_20150312_001340	원래 난 숲에서 살았지만 뜻이 있어서 페디미안으로 왔어.{nl}페디미안의 반 이상이 날아갔는데 나라도 도움이 된다면 도와야지.
QUEST_LV_0100_20150312_001341	페디미안 밖에서 네더보바인이 난동 중이라는 이야기는 들었습니다.{nl}수행 중인 몸으로써 적극적으로 나서지 못한다는 게 부끄럽군요.
QUEST_LV_0100_20150312_001342	독이 불공평하다는건 정말 모르고 하는 소리야.{nl}이겨야 살아남지. 정정당당하기만 해서는 이 험난한 세상을 살아갈 수 없어.
QUEST_LV_0100_20150312_001343	페디미안 밖에서 난동 중인 네더보바인을 처치하러 간다며?{nl}네가 아니었으면 내가 나섰을 텐데.{nl}아깝네. 그럼 수고해줘.
QUEST_LV_0100_20150312_001344	아름다웠던 이 도시가 이렇게 파괴되고도 아직도 위협이 되는 것들이 많지.{nl}내가 나서는 것도 좋겠다만.. 관두지. {nl}공짜로 봉사해 줄 녀석들은 널렸으니까.{nl}
QUEST_LV_0100_20150312_001345	네더보바인이라니.. 그래도 처치하겠다고 나서주신 분이 계셔서 다행입니다.
QUEST_LV_0100_20150312_001346	할 수만 있다면 예전으로 되돌아가고 싶어요.{nl}지금의 저라면, 제 마법으로 페디미안을 구하고도 남았을 거예요.
QUEST_LV_0100_20150312_001347	범상치 않은 분이라고 생각했어요.{nl}나서 주신 것만으로 감사한 일입니다.
QUEST_LV_0100_20150312_001348	좀 더 자세히 살펴보고 싶은데 방해꾼들이 너무 많네요.{nl}잠시 동안만 몬스터에게서 보호해 주실 수 있을까요?
QUEST_LV_0100_20150312_001349	이렇게 멋진 양식들을 제 눈으로 보게 될 거라곤 생각 못했어요.{nl}기둥의 뜰로 가면 더 멋진 게 있을지도 몰라요. 따라오세요.
QUEST_LV_0100_20150312_001350	배회하는 영혼은 전리품을 페디미안의 누군가에게 전해주길 바라는 것 같다.
QUEST_LV_0100_20150312_001351	작업을 완료하자 유니콘이 나타났다
QUEST_LV_0100_20150312_001352	라이모나스님의 안부 고맙습니다.{nl}어서 클라페다로 들어가시지요. 우스카님께서 기다리고 계십니다.
QUEST_LV_0100_20150312_001353	클라페다 경비대장에게 내 안부 전해주는 거, 꼭 잊지 말게.
QUEST_LV_0100_20150312_001354	준비가 다 되시면 곧바로 동쪽 숲에 주둔하고 있는 아라스를 만나 주십시오.
QUEST_LV_0100_20150312_001355	어서오세요!{nl}앗, 계시자님이시군요. 정말 뵙고 싶었어요.{nl}
QUEST_LV_0100_20150312_001356	이건 워프 스크롤이에요.{nl}사용하면 원하는 여신상으로 이동하거나 원래 자리로 되돌아 올 수 있지요.{nl}
QUEST_LV_0100_20150312_001357	기사단에서 요청한 것보다 더 넉넉하게 드릴 터이니 꼭 여신님들을 찾아주세요.
QUEST_LV_0100_20150312_001358	아직도 대형 케파가 남아 있는 것 같아요.{nl}한번 살펴 봐 주시겠어요?
QUEST_LV_0100_20150312_001359	역시 있었지요?{nl}제 감은 틀린 적이 없다니까요.
QUEST_LV_0100_20150312_001360	클라페다가 코 앞인데도 보급사정이 열악합니다.{nl}여기도 이런데 다른데는 어떻겠습니까.
QUEST_LV_0100_20150312_001361	제 부하들이 돌아올 시간이 지났는데도 감감 무소식입니다.{nl}제가 바빠서 직접 나서지 못한다는 걸 알고 있거든요.
QUEST_LV_0100_20150312_001362	부하들은 들롱 쉼터로 간다고 했습니다.{nl}골렘이 나올지도 모르는데 참 태평한 부하들입니다.
QUEST_LV_0100_20150312_001363	락토르투가가 곧 여길 덮칠 겁니다.{nl}절대로 방어선을 넘지 못하도록 힘을 빌려주십시오.
QUEST_LV_0100_20150312_001364	혹시 새끼 포아타를 보신 적 없습니까?{nl}빨리 멀리 내쫓아야 어미가 얼씬거리지 않을 텐데요.
QUEST_LV_0100_20150312_001365	부베들이 마을 바깥에 기지까지 만들어 놨어.{nl}이젠 병사들도 없는데 기지의 부베들을 내쫓지 않으면 정말 큰일날지도 몰라.
QUEST_LV_0100_20150312_001366	자네라도 이렇게 나서 주니 참 고맙네그려.
QUEST_LV_0100_20150312_001367	이 감사를 어찌 표현해야 할지.{nl}이건 분명히 여신께서 자네를 보내주신게 분명해.
QUEST_LV_0100_20150312_001368	이 환자분께서 체이퍼가 나타났을 거라고 하셔서요.{nl}혹시 모르니 한 번 살펴보고 와 주시겠어요?
QUEST_LV_0100_20150312_001369	전 지금 이 분을 치료 해야 해서.. 그럼 잘 부탁드리겠습니다.
QUEST_LV_0100_20150312_001370	그 피난민 분들이 아마, 몬스터들 때문에 여기까지 못 오고 있을 거예요.
QUEST_LV_0100_20150312_001371	그냥 넘기기엔 여기서 오래 근무하신 분이라 마음에 걸리네요.
QUEST_LV_0100_20150312_001372	감사합니다. 이제 안심하고 마을로 돌아갈 수 있겠어요.{nl}여신의 가호가 늘 함께 하길.
QUEST_LV_0100_20150312_001373	부하들은 한 번 골렘한테 걸려 봐야 정신을 차릴 겁니다.
QUEST_LV_0100_20150312_001374	평소엔 아무리 찾아봐도 보이지 않는단 말예요.{nl}참 이상하지요?
QUEST_LV_0100_20150312_001375	그 친구가 무사히 돌아갔다니 다행이군요.{nl}이 근처에 몰렉이 돌아다닌다는 이야길 들어서 불안했거든요.
QUEST_LV_0100_20150312_001376	봉인을 푸신 후엔 계속해서 그 곳의 형제들에게서 다음 봉인의 안내를 받으십시오.
QUEST_LV_0100_20150312_001377	봉인해제 결정석을 가지고 계시는군요.{nl}요나스님께서 보내신 분이 맞지요?{nl}
QUEST_LV_0100_20150312_001378	이제부터 아주 중요한 봉인들을 풀 겁니다.{nl}파사가 절벽 위에 첫 번째 봉인이 있습니다.
QUEST_LV_0100_20150312_001379	파사가 언덕의 봉인을 훌륭히 푸셨다는 이야기를 전해 들었습니다.{nl}이젠 기둥의 뜰에 있는 형제들에게서 안내를 받으세요. 
QUEST_LV_0100_20150312_001380	봉인을 푸셨으면 부러진 기둥 협곡의 다음 봉인으로 가셔야 할 겁니다.
QUEST_LV_0100_20150312_001381	봉인을 푼 뒤에는 구스타스 요나스님을 찾아가세요.{nl}아주 반갑게 맞아주실 거예요.
QUEST_LV_0100_20150312_001382	몬스터들은 정리 되었나요?{nl}사실 중요한 일은 지금부터입니다.
QUEST_LV_0100_20150312_001383	너무 위험해서 제가 미처 가져오지 못한 유물들의 회수를 부탁드리고 싶습니다.{nl}알쿠네 언덕길에 있는 돌기둥을 조사하시면 됩니다.
QUEST_LV_0100_20150312_001384	가끔 유적 장치들이 동작할 때가 있는데 무슨 일이 벌어질 지 모릅니다.{nl}부디 조심하세요.
QUEST_LV_0100_20150312_001385	그래. 잘 해주었다.{nl}그럼 난 이만 가보도록 하지.
QUEST_LV_0100_20150312_001386	기운 빠진 경비병
QUEST_LV_0100_20150312_001387	흔적 없는 폐허에서 호그마들에게 그만 당해버렸어요.{nl}다행히 목숨은 건졌지만, 상자를 되찾아야 할 텐데요..
QUEST_LV_0100_20150312_001388	마음 써 줘서 정말 고맙네요.{nl}호그마들이 지키고 있을 테니 조심하세요.
QUEST_LV_0100_20150312_001389	아마 멀리 가져가진 않았을거예요.{nl}목걸이만이라도 안전해야 할 텐데요.
QUEST_LV_0100_20150312_001390	상자 안엔 아무것도 없었다고요?{nl}맙소사, 정말 큰일이에요.
QUEST_LV_0100_20150312_001391	다른 건 몰라도 그 목걸이만큼은 반드시 찾아야 해요.{nl}그렇지 않으면 아마 전 쫓겨날 테니까요.
QUEST_LV_0100_20150312_001392	이 스크롤을 사용하면 목걸이에서 빛이 날 거예요.{nl}땅에 떨어져 있든, 호그마가 가지고 있든 금방 찾을 수 있겠지요.
QUEST_LV_0100_20150312_001393	아마 그런 목걸이라면 우두머리가 탐을 내지 않을까요?
QUEST_LV_0100_20150312_001394	정말 감사합니다!{nl}여기서 조금만 더 체력을 회복하고 나서 경비대로 복귀해야겠어요.
QUEST_LV_0100_20150312_001395	뭘 망설이고 있지? {nl}시간을 끌어서 네게 좋을 것이 없을 텐데.
QUEST_LV_0100_20150312_001396	기운 없는 경비병
QUEST_LV_0100_20150312_001397	아직도 기운이 없네요. 아까는 너무 놀라서..
QUEST_LV_0100_20150312_001398	렉시퍼는 도대체 무엇을 하려는 걸까요?
QUEST_LV_0100_20150312_001399	체데크의 제단도 당해버렸다고요?{nl}하지만 나머지 제단을 지킨다면, 아직 우리에게도 승산은 있을 거에요.
QUEST_LV_0100_20150312_001400	어서 스비에사의 제단으로 가 주세요.{nl}저도 곧 따라가겠어요.
QUEST_LV_0100_20150312_001401	뒤돌아 보지 말고 바로 달리세요!
QUEST_LV_0100_20150312_001402	석재를 살펴보다 보면 분명 덴옵틱이 나타날 겁니다.
QUEST_LV_0100_20150312_001403	자, 여기 봉인을 해제하는 스크롤을 주겠네.
QUEST_LV_0100_20150312_001404	이렇게 가야 한다니..{nl}어머니, 효도도 못했는데..
QUEST_LV_0100_20150312_001405	죄송합니다.. 죄송합니다..
QUEST_LV_0100_20150312_001406	그건 무엇입니까?{nl}서큐버스의 눈..? 물리치신 것도 반갑지만 그걸 좀 줘 보세요!
QUEST_LV_0100_20150312_001407	말씀 드렸었다시피.. 전 손재주가 좀 좋아서, 어릴 때 부터 관심이 많았어요.{nl}연금술, 마법, 약재.. 그 서큐버스의 눈을 좀 압니다!{nl}대성당의 축복을 간직한 예쁜 목걸이가 탐이 나서 서큐버스가 제 눈에 넣어버린 그 눈!{nl}제가 그걸로 다시 목걸이를 만들어 드릴게요!
QUEST_LV_0100_20150312_001408	오래 안걸립니다.{nl}잠시만요.
QUEST_LV_0100_20150312_001409	다 됐습니다!{nl}계시자님께 잘 어울리겠어요!
QUEST_LV_0100_20150312_001410	이건 포기하고 중앙에 있는 대형 이동 마법진으로 가자.
QUEST_LV_0100_20150312_001411	마족이 탑을 공격한 건 이번이 처음이 아니지만 이렇게까지 길어지진 않았어.{nl}덕분에 세간에선 가비야께서 사라진 걸로 되어 있다지?
QUEST_LV_0100_20150312_001412	함정이였어.{nl}마치 우리의 움직임을 전부 읽고 있는 것 같아.{nl}
QUEST_LV_0100_20150312_001413	어쩔 수 없어.{nl}좀 늦더라도 이동 마법진은 포기하고 탑으로 밀려드는 몬스터 먼저 해결하자.{nl}{nl}
QUEST_LV_0100_20150312_001414	폐쇄장치는 복도의 왼쪽 끝에 있어.{nl}장치만 빨리 작동시키고 윗층으로 가자.
QUEST_LV_0100_20150312_001415	폐쇄장치는 왼쪽 복도 끝에 있어.{nl}분위기로 봐서는 아직 멀쩡한 것 같아.
QUEST_LV_0100_20150312_001416	됐어! {nl}이제 더 이상 몬스터가 늘어날 일은 없을거야.{nl}
QUEST_LV_0100_20150312_001417	빨리 다음 층으로 가자.{nl}가비야님이 우릴 기다리고 계셔.{nl}
QUEST_LV_0100_20150312_001418	폐도 피난민
QUEST_LV_0100_20150312_001419	모든 것을 잃었어. {nl}이젠 어떻게 살아가야 할지 모르겠어.{nl}신수의 날만 아니었어도 내 삶이 이렇게 망가졌을까?
QUEST_LV_0100_20150312_001420	4년 전, 그러니까 지금은 신수의 날이라고 부르는 그 날의 밤이었어.{nl}수도의 한복판에서 갑자기 거대한 나무가 솟구쳐 올라오면서 폭주했고 땅과 하늘이 뒤집어졌지.{nl}
QUEST_LV_0100_20150312_001421	나무가 그렇게 거대하게 자랄 수도 있는지 처음 알았어.{nl}그렇게 수도의 모든 것이 파괴되어 버렸지.{nl}
QUEST_LV_0100_20150312_001422	모든 것이 너무 순식간에 벌어진 일이라 아무도 어떻게 해볼 생각을 할 수 없었어.{nl}달아난다든가 어떻게 막아볼 생각도.. 머릿속이 새하얗게 되더군.
QUEST_LV_0100_20150312_001423	하지만 수도가 폐허가 된 것으로 끝이 아니었어.{nl}신수의 날은 그저 대재앙의 서막을 알리는 신호일 뿐이었지.{nl}
QUEST_LV_0100_20150312_001424	정신을 차리고 나서 사람들은 마구 도망쳤지만, 어느새 나 혼자만 남아 있었어.{nl}갑자기 식물들이 마구 자라났고 기괴한 몬스터로 변해 사람들을 집어삼켰거든.{nl}
QUEST_LV_0100_20150312_001425	그만. 이제 그만 물어보게.{nl}이젠.. 더 이상 떠올리고 싶지 않아.
QUEST_LV_0100_20150312_001426	여기서부턴 자카리엘 왕릉 발굴지입니다.{nl}통행은 자유롭습니다만, 연구에 방해되지 않게 조심해 주세요.
QUEST_LV_0100_20150312_001427	발굴지 책임자는 닐스님이십니다.{nl}용무가 있거든 조사단 캠프에 있는 닐스님을 찾아 주세요.
QUEST_LV_0100_20150312_001428	일반인의 출입을 금지하는 건 아닙니다만 안전까진 저희가 책임지지 않습니다.
QUEST_LV_0100_20150312_001429	이곳 자카리엘 왕릉 연구진은 왕실의 지원을 받고 있습니다.{nl}책임자는 연락관 닐스님이니 이곳에 용건이 있거든 조사단 캠프에 있는 닐스님을 찾아 주십시오.
QUEST_LV_0100_20150312_001430	왕릉은 지켜져야 한다.{nl}지킬 수 없는 상황이라면 스스로 파괴될 것이다.
QUEST_LV_0100_20150312_001431	페디미안은 워낙 오래된 도시이다 보니 주변에 재미난 유적들이 많습니다.{nl}마법사의 탑이라던가 저주받은 도시라던가.. 대성당도 있지요.
QUEST_LV_0100_20150312_001432	수 백년 전의 대마법사로 이름을 날리던 아가일라 플러리가 세운 탑입니다.{nl}현존하는 거의 대부분의 마법은 그 탑에서 나온거나 다름이 없지요.
QUEST_LV_0100_20150312_001433	돌이 되는 저주를 받아 버려진 도시입니다. {nl}순례자의 길 너머에 있지요.{nl}
QUEST_LV_0100_20150312_001434	예전엔 반역자 루클리스를 지지하던 사람들이 살던 곳이였다더군요.{nl}그 저주는 지금도 유효해서 들어갔다간 큰일날 겁니다.
QUEST_LV_0100_20150312_001435	제미나 여신께선 언제나 저흴 지켜주고 계세요.{nl}제 오빠도 제미나께서 돌봐 주시고 있을 거라 믿고 있어요.
QUEST_LV_0100_20150312_001436	얼마나 더 제미나 여신께 기도를 올려야 여신께서 제 기도를 들어 주실까요?
QUEST_LV_0100_20150312_001437	여기는 성도 페디미안의 신성지구입니다.{nl}상업지구는 현재 폐쇄중이니 들어가시지 마시길 바랍니다.
QUEST_LV_0100_20150312_001438	성도 페디미안은 원래 여기 신성지구 말고도 상업지구가 있었지요.{nl}하지만 신수의 날에 대지진으로 상업지구는 완전히 파괴되었습니다.{nl}
QUEST_LV_0100_20150312_001439	지금도 계속 복구중입니다만, 워낙 오래된 도시이다 보니..{nl}그나마 신성지구라도 남아있는 건 다 제미나님의 은총 때문이겠지요.
QUEST_LV_0100_20150312_001440	신도 알비다스
QUEST_LV_0100_20150312_001441	사울레 여신을 믿고 따르기 때문에 이런 고난도 받아들일 수 있는 겁니다.{nl}신앙심 없이 이런 지독한 곳에 누가 머물고 싶겠습니까?
QUEST_LV_0100_20150312_001442	신도 라민타
QUEST_LV_0100_20150312_001443	사악한 기운이 다른 숲으로 퍼진다면..{nl}아마 그 숲도 가시숲처럼 일그러지고 말 거예요.{nl}그리고 왕국 전체가.. 좀 무섭네요.
QUEST_LV_0100_20150312_001444	신도 에발다스
QUEST_LV_0100_20150312_001445	사악한 기운은 끝도 없고 다들 지쳐가고 있으니 일이라도 즐겁게 해야지요.{nl}하지만 언제까지 이런 기분으로 있을 지는 나도 모르겠어요.
QUEST_LV_0100_20150312_001446	신도 자네타
QUEST_LV_0100_20150312_001447	세상 사람들에게 아직 우리가 여기 있다고 말해주고 싶은데.{nl}여신께선 계시의 때가 되면 다 잘 될거라고만 하시네요.
QUEST_LV_0100_20150312_001448	신도 시마스
QUEST_LV_0100_20150312_001449	사실 전 여기보단 낙우림에 가고 싶습니다.{nl}제 눈으로 꼭 사악한 기운의 근원을 보고 싶거든요.
QUEST_LV_0100_20150312_001450	골렘이 나온다는 소문이 돌고 있으니 왠간하면 깊은 곳 까진 들어가시지 마십시오.{nl}몬스터가 적은 큰 길로만 다니시던지 바로 클라페다로 가시는 게 안전할 겁니다.
QUEST_LV_0100_20150312_001451	여신의 꿈을 꿨다고 말하는 계시자 중에서도 괜찮은 사람도 있었군요.
QUEST_LV_0100_20150312_001452	여신의 꿈을 꾸었다는 사람이 있다니 안심되긴 합니다만.{nl}그 수가 너무 많은 것 같습니다.
QUEST_LV_0100_20150312_001453	사라진 여신께서 나오는 꿈이라니, 뭔가 대단하지 않습니까?
QUEST_LV_0100_20150312_001454	같이 작업하던 동료가 사라졌어.{nl}분명히 반딧불이 숲에선 같이 있었는데 무서워서 갈 수가 없어.
QUEST_LV_0100_20150312_001455	도대체 어딜 간 거지. 불안한데.
QUEST_LV_0100_20150312_001456	내 동료가 죽었다고?{nl}말도 안돼. 내가 꼬드기지만 않었더라도..{nl}
QUEST_LV_0100_20150312_001457	소중한 동료가 죽었으니 이 지도가 무슨 소용이 있겠어.{nl}대신 내 동료가 무사히 여신의 품으로 가길 기도해줘.
QUEST_LV_0100_20150312_001458	망했어. 몬스터가 내 가방을 빼앗아갔어.{nl}내 탐험의 모든 것이 담겨 있는 가방인데 어떡하면 좋아?{nl}
QUEST_LV_0100_20150312_001459	여신께서 도우셨군!{nl}그 몬스터들은 아래쪽으로 사라졌어.
QUEST_LV_0100_20150312_001460	아직 해야 할 일이 많은데..
QUEST_LV_0100_20150312_001461	내 일지만 있으면 탐험을 계속할 수 있어.{nl}행복해..
QUEST_LV_0100_20150312_001462	오랜만이야. {nl}한 가지 부탁이 있는데 들어줄래?{nl}
QUEST_LV_0100_20150312_001463	내 동료를 위해서라도 추모비를 세우고 싶어.{nl}하지만 재료도 도구도 아무것도 없어.
QUEST_LV_0100_20150312_001464	고마워. 도구는 클라페다의 대장장이가 팔 거야.{nl}그 전에 높이굽은 길에 있는 바위가 품질이 좋기로 유명하니 우선 부탁할게.
QUEST_LV_0100_20150312_001465	석공용 도구? {nl}10,000 실버만 받겠네.{nl}{nl}
QUEST_LV_0100_20150312_001466	응. 나도 마침 구상을 끝낸 참이였어.{nl}금방 만들 테니 잠시만 기다려 줘.
QUEST_LV_0100_20150312_001467	완성했어. 굽어보는 교차로의 왕릉의 입구에 세워줘.{nl}이걸로 위로가 될까.
QUEST_LV_0100_20150312_001468	내 동료가 계속 생각나.{nl}다신 볼 수 없겠지..
QUEST_LV_0100_20150312_001469	바키스 영혼
QUEST_LV_0100_20150312_001470	나의 모든 것을 두고 떠날 순 없어..
QUEST_LV_0100_20150312_001471	이제 더 이상 이 땅에 여한은 없어.{nl}어서 여신의 품으로..
QUEST_LV_0100_20150312_001472	만든 지는 오래됐지만 어떤 돌도 끄떡없이 쪼갤 수 있을 걸세.
QUEST_LV_0100_20150312_001473	추모비
QUEST_LV_0100_20150312_001474	우리는 모두 협곡의 메마른 바람이 되었다.{nl}우리는 떠났지만 우리가 함께 했던 시간들은 당신 곁에 영원히 남아 있을 것이다.
QUEST_LV_0100_20150312_001475	건축가 라우디
QUEST_LV_0100_20150312_001476	이곳 건축물 복원을 의뢰받았지만, 신수의 날 이후 결국 고립되고 말았습니다.{nl}의뢰자는 생사를 알 수 없고 재료도 부족하지만 제 이름을 걸고 꼭 복원을 끝내 보이고 말겠습니다.
QUEST_LV_0100_20150312_001477	이제 나머지 봉인을 푸는 데 필요한 열쇠를 찾을 거야.{nl}이 스크롤로 공간의 틈새를 열어서 말이지. 
QUEST_LV_0100_20150312_001478	공간의 틈새는 어디에나 있을 수 있지만, 어디에도 없을 수도 있지.
QUEST_LV_0100_20150312_001479	음. 역시 듣던 대로 대단하군.{nl}석주대로 가면 롤란다스님께서 널 기다리고 있을 거야. 
QUEST_LV_0100_20150312_001480	적을 모아서 한번에 처치하려면 함정만한 게 없지.{nl}물론 도망치는데에도 함정이 최고야.
QUEST_LV_0100_20150312_001481	컴패니언을 단순하게 애완동물이라고만 생각한다면 큰 오산이에요.{nl}헌터에겐 떼어놓을 수 없는 친구나 다름 없으니까요.
QUEST_LV_0100_20150312_001482	우리 가문은 자네를 아주 오랫동안 기다려 왔어.{nl}이 발화제로 꼭대기에 있는 봉화에 불을 피우게.
QUEST_LV_0100_20150312_001483	선택받은 자인 그대가 왔으니 맞이할 준비를 하라고 신호를 보내는 게지.{nl}봉화를 피운 뒤엔 닐스에게 미안하다고 전해주게.
QUEST_LV_0100_20150312_001484	이 다비오님께서 구하지 못한 물건이란 없소.{nl}돈만 쥐어 준다면 말이지.
QUEST_LV_0100_20150312_001485	필요한 물건이 있소?{nl}돈만 충분하다면야 뭐든지 구해다 드리지.{nl}하지만 꽤 비쌀 거요.
QUEST_LV_0100_20150312_001486	용병 없이 돌아다닐 생각은 마세요.{nl}용병들도 당해내기 힘든 몬스터들이 득실거린다고요.
QUEST_LV_0100_20150312_001487	부하들이 돌아올 때가 되었는데 소식이 없소.{nl}행여 보게 된다면 다시 캠프로 돌아오라 전해 줄 수 있소?
QUEST_LV_0100_20150312_001488	그래도 대장이라고 내가 챙겨야지 누가 챙기겠소.{nl}이번 기회에 다시 정신교육을 해야지, 원.
QUEST_LV_0100_20150312_001489	이래선 대장 얼굴을 볼 낯이 없어요.{nl}웬디고가 훔쳐간 보급품을 되찾아야 하는데 상처가 너무 깊습니다.
QUEST_LV_0100_20150312_001490	이깟 상처만 아니었다면 금방 해치울 몬스터였습니다.{nl}정말 화가 나네요.
QUEST_LV_0100_20150312_001491	고맙습니다.{nl}보급품을 다 찾았으니 다시 힘을 내 볼까요.
QUEST_LV_0100_20150312_001492	생각보다 상처가 꽤 깊어서 움직이기 힘드네요.{nl}협곡 아피니스가 진통 효과에 좋다 들었긴 합니다만..
QUEST_LV_0100_20150312_001493	맞아요, 그게 협곡 아피니스예요.{nl}부작용이 좀 걱정되지만, 무사히 지나가길 바라야지요.
QUEST_LV_0100_20150312_001494	협곡 아피니스는 아직인가요?{nl}가만히 숨만 쉬어도 정신을 잃을 것 같아요..
QUEST_LV_0100_20150312_001495	예상대로 피는 멎었지만 몸에 감각이 없어요.{nl}내가 무사히 돌아갈 수 있도록 주변의 몬스터를 조금 잡아주시겠어요?
QUEST_LV_0100_20150312_001496	이거 생각보다 더 저릿저릿한데요?{nl}빨리 움직일 수 있도록 조금씩 힘을 줘봐야겠어요.
QUEST_LV_0100_20150312_001497	조금 더 기운이 돌아오면 대장한테 돌아가야겠어요.{nl}정말 감사합니다.
QUEST_LV_0100_20150312_001498	대장이 날 찾나?{nl}미안하군. 내가 놓친 사냥감을 잡기 전까진 돌아갈 순 없네.
QUEST_LV_0100_20150312_001499	그냥 돌이 아니라, 영기가 잔뜩 서려 있는.. {nl}그냥 딱 보면 알 거야. 사냥꾼의 감으로.
QUEST_LV_0100_20150312_001500	사우가스를 다시 만날 줄이야, 이거 좋아해야 할지 말아야 할지.
