QUEST_JOBSTEP_20150317_000001	
QUEST_JOBSTEP_20150317_000002	
QUEST_JOBSTEP_20150317_000003	
QUEST_JOBSTEP_20150317_000004	Peltasta Master
QUEST_JOBSTEP_20150317_000006	
QUEST_JOBSTEP_20150317_000007	
QUEST_JOBSTEP_20150317_000008	Highlander Master
QUEST_JOBSTEP_20150317_000010	Hurry up!{nl}It's a simple challenge, but the Vubbes are a threat to the Miners' Village.
QUEST_JOBSTEP_20150317_000011	Good work, I permit your initiation in becoming a Highlander. {Nl} Keep up with your hard work and dedication.
QUEST_JOBSTEP_20150317_000012	Pyromancer Master
QUEST_JOBSTEP_20150317_000013	
QUEST_JOBSTEP_20150317_000014	
QUEST_JOBSTEP_20150317_000015	
QUEST_JOBSTEP_20150317_000016	
QUEST_JOBSTEP_20150317_000017	
QUEST_JOBSTEP_20150317_000018	
QUEST_JOBSTEP_20150317_000019	Cryomancer Master
QUEST_JOBSTEP_20150317_000020	
QUEST_JOBSTEP_20150317_000021	
QUEST_JOBSTEP_20150317_000022	
QUEST_JOBSTEP_20150317_000023	
QUEST_JOBSTEP_20150317_000024	
QUEST_JOBSTEP_20150317_000025	
QUEST_JOBSTEP_20150317_000026	
QUEST_JOBSTEP_20150317_000027	
QUEST_JOBSTEP_20150317_000028	
QUEST_JOBSTEP_20150317_000029	
QUEST_JOBSTEP_20150317_000030	
QUEST_JOBSTEP_20150317_000031	Hunter Master
QUEST_JOBSTEP_20150317_000032	
QUEST_JOBSTEP_20150317_000033	
QUEST_JOBSTEP_20150317_000034	
QUEST_JOBSTEP_20150317_000035	Barbarian Master
QUEST_JOBSTEP_20150317_000036	
QUEST_JOBSTEP_20150317_000037	
QUEST_JOBSTEP_20150317_000038	
QUEST_JOBSTEP_20150317_000040	
QUEST_JOBSTEP_20150317_000041	Psychokino Master
QUEST_JOBSTEP_20150317_000046	
QUEST_JOBSTEP_20150317_000047	
QUEST_JOBSTEP_20150317_000048	
QUEST_JOBSTEP_20150317_000049	Linker Master
QUEST_JOBSTEP_20150317_000050	
QUEST_JOBSTEP_20150317_000051	
QUEST_JOBSTEP_20150317_000053	
QUEST_JOBSTEP_20150317_000055	
QUEST_JOBSTEP_20150317_000057	
QUEST_JOBSTEP_20150317_000058	
QUEST_JOBSTEP_20150317_000060	
QUEST_JOBSTEP_20150317_000061	
QUEST_JOBSTEP_20150317_000062	
QUEST_JOBSTEP_20150317_000063	Cleric Master
QUEST_JOBSTEP_20150317_000064	
QUEST_JOBSTEP_20150317_000065	
QUEST_JOBSTEP_20150317_000066	
QUEST_JOBSTEP_20150317_000067	
QUEST_JOBSTEP_20150317_000068	The book used to be in Miner's town but it was lost when the Vubbes raided. {nl} Try going to the Vubbe Outpost.
QUEST_JOBSTEP_20150317_000069	
QUEST_JOBSTEP_20150317_000072	
QUEST_JOBSTEP_20150317_000074	
QUEST_JOBSTEP_20150317_000075	
QUEST_JOBSTEP_20150317_000076	
QUEST_JOBSTEP_20150317_000077	
QUEST_JOBSTEP_20150317_000078	
QUEST_JOBSTEP_20150317_000079	
QUEST_JOBSTEP_20150317_000080	
QUEST_JOBSTEP_20150317_000081	
QUEST_JOBSTEP_20150317_000082	
QUEST_JOBSTEP_20150317_000083	
QUEST_JOBSTEP_20150317_000084	There is one in Miner's Village but it was lost when the Vubbes raided. {nl} I'm sure it's in the Vubbe Outpost.
QUEST_JOBSTEP_20150317_000085	
QUEST_JOBSTEP_20150317_000086	
QUEST_JOBSTEP_20150317_000087	
QUEST_JOBSTEP_20150317_000088	
QUEST_JOBSTEP_20150317_000089	
QUEST_JOBSTEP_20150317_000090	5,000 silver.. Yeah, that is correct.{nl}I'll hand over the book to you as promised. 
QUEST_JOBSTEP_20150317_000091	
QUEST_JOBSTEP_20150317_000092	
QUEST_JOBSTEP_20150317_000093	
QUEST_JOBSTEP_20150317_000094	
QUEST_JOBSTEP_20150317_000095	
QUEST_JOBSTEP_20150317_000096	
QUEST_JOBSTEP_20150317_000097	
QUEST_JOBSTEP_20150317_000098	
QUEST_JOBSTEP_20150317_000099	
QUEST_JOBSTEP_20150317_000100	
QUEST_JOBSTEP_20150317_000101	
QUEST_JOBSTEP_20150317_000102	
QUEST_JOBSTEP_20150317_000103	
QUEST_JOBSTEP_20150317_000104	
QUEST_JOBSTEP_20150317_000105	
QUEST_JOBSTEP_20150317_000109	
QUEST_JOBSTEP_20150317_000110	
QUEST_JOBSTEP_20150317_000111	
QUEST_JOBSTEP_20150317_000112	
QUEST_JOBSTEP_20150317_000113	
QUEST_JOBSTEP_20150317_000114	
QUEST_JOBSTEP_20150317_000115	
QUEST_JOBSTEP_20150317_000116	
QUEST_JOBSTEP_20150317_000117	
QUEST_JOBSTEP_20150317_000118	
QUEST_JOBSTEP_20150317_000119	
QUEST_JOBSTEP_20150317_000123	
QUEST_JOBSTEP_20150317_000124	
QUEST_JOBSTEP_20150317_000125	
QUEST_JOBSTEP_20150317_000126	
QUEST_JOBSTEP_20150317_000127	
QUEST_JOBSTEP_20150317_000128	
QUEST_JOBSTEP_20150317_000129	
QUEST_JOBSTEP_20150317_000130	
QUEST_JOBSTEP_20150317_000131	
QUEST_JOBSTEP_20150317_000132	
QUEST_JOBSTEP_20150317_000133	
QUEST_JOBSTEP_20150317_000134	
QUEST_JOBSTEP_20150317_000136	
QUEST_JOBSTEP_20150317_000137	
QUEST_JOBSTEP_20150317_000138	
QUEST_JOBSTEP_20150317_000139	
QUEST_JOBSTEP_20150317_000144	
QUEST_JOBSTEP_20150317_000145	
QUEST_JOBSTEP_20150317_000148	
QUEST_JOBSTEP_20150317_000149	
QUEST_JOBSTEP_20150317_000150	
QUEST_JOBSTEP_20150317_000151	
QUEST_JOBSTEP_20150317_000152	
QUEST_JOBSTEP_20150317_000154	
QUEST_JOBSTEP_20150317_000155	
QUEST_JOBSTEP_20150317_000156	
QUEST_JOBSTEP_20150317_000157	
QUEST_JOBSTEP_20150317_000158	
QUEST_JOBSTEP_20150317_000159	
QUEST_JOBSTEP_20150317_000160	
QUEST_JOBSTEP_20150317_000161	
QUEST_JOBSTEP_20150317_000162	Krivis Master
QUEST_JOBSTEP_20150317_000163	
QUEST_JOBSTEP_20150317_000164	
QUEST_JOBSTEP_20150317_000165	
QUEST_JOBSTEP_20150317_000166	Swordsman Master
QUEST_JOBSTEP_20150317_000167	
QUEST_JOBSTEP_20150317_000168	
QUEST_JOBSTEP_20150317_000169	
QUEST_JOBSTEP_20150317_000171	
QUEST_JOBSTEP_20150317_000172	
QUEST_JOBSTEP_20150317_000173	
QUEST_JOBSTEP_20150317_000174	
QUEST_JOBSTEP_20150317_000176	
QUEST_JOBSTEP_20150317_000177	
QUEST_JOBSTEP_20150317_000178	
QUEST_JOBSTEP_20150317_000179	
QUEST_JOBSTEP_20150317_000180	
QUEST_JOBSTEP_20150317_000181	
QUEST_JOBSTEP_20150317_000182	
QUEST_JOBSTEP_20150317_000183	
QUEST_JOBSTEP_20150317_000184	
QUEST_JOBSTEP_20150317_000185	
QUEST_JOBSTEP_20150317_000186	
QUEST_JOBSTEP_20150317_000187	
QUEST_JOBSTEP_20150317_000188	
QUEST_JOBSTEP_20150317_000189	
QUEST_JOBSTEP_20150317_000190	
QUEST_JOBSTEP_20150317_000191	
QUEST_JOBSTEP_20150317_000192	
QUEST_JOBSTEP_20150317_000197	
QUEST_JOBSTEP_20150317_000198	
QUEST_JOBSTEP_20150317_000199	
QUEST_JOBSTEP_20150317_000202	
QUEST_JOBSTEP_20150317_000203	
QUEST_JOBSTEP_20150317_000204	
QUEST_JOBSTEP_20150317_000205	
QUEST_JOBSTEP_20150317_000206	
QUEST_JOBSTEP_20150317_000207	
QUEST_JOBSTEP_20150317_000208	
QUEST_JOBSTEP_20150317_000209	
QUEST_JOBSTEP_20150317_000210	
QUEST_JOBSTEP_20150317_000211	
QUEST_JOBSTEP_20150317_000214	
QUEST_JOBSTEP_20150317_000215	
QUEST_JOBSTEP_20150317_000216	
QUEST_JOBSTEP_20150317_000218	
QUEST_JOBSTEP_20150317_000220	
QUEST_JOBSTEP_20150317_000221	
QUEST_JOBSTEP_20150317_000223	
QUEST_JOBSTEP_20150317_000226	
QUEST_JOBSTEP_20150317_000227	
QUEST_JOBSTEP_20150317_000228	
QUEST_JOBSTEP_20150317_000229	
QUEST_JOBSTEP_20150317_000230	
QUEST_JOBSTEP_20150317_000231	
QUEST_JOBSTEP_20150317_000232	
QUEST_JOBSTEP_20150317_000233	
QUEST_JOBSTEP_20150317_000234	
QUEST_JOBSTEP_20150317_000235	
QUEST_JOBSTEP_20150317_000236	
QUEST_JOBSTEP_20150317_000237	
QUEST_JOBSTEP_20150317_000238	
QUEST_JOBSTEP_20150317_000242	
QUEST_JOBSTEP_20150317_000243	
QUEST_JOBSTEP_20150317_000244	
QUEST_JOBSTEP_20150317_000245	
QUEST_JOBSTEP_20150317_000247	
QUEST_JOBSTEP_20150317_000248	
QUEST_JOBSTEP_20150317_000249	
QUEST_JOBSTEP_20150317_000251	
QUEST_JOBSTEP_20150317_000252	
QUEST_JOBSTEP_20150317_000253	
QUEST_JOBSTEP_20150317_000254	
QUEST_JOBSTEP_20150317_000255	
QUEST_JOBSTEP_20150317_000256	
QUEST_JOBSTEP_20150317_000257	
QUEST_JOBSTEP_20150317_000258	
QUEST_JOBSTEP_20150317_000259	
QUEST_JOBSTEP_20150317_000260	
QUEST_JOBSTEP_20150317_000261	
QUEST_JOBSTEP_20150317_000262	
QUEST_JOBSTEP_20150317_000264	
QUEST_JOBSTEP_20150317_000268	
QUEST_JOBSTEP_20150317_000269	Sorcerer Master
QUEST_JOBSTEP_20150317_000270	
QUEST_JOBSTEP_20150317_000271	
QUEST_JOBSTEP_20150317_000272	
QUEST_JOBSTEP_20150317_000273	
QUEST_JOBSTEP_20150317_000274	
QUEST_JOBSTEP_20150317_000275	
QUEST_JOBSTEP_20150317_000276	
QUEST_JOBSTEP_20150317_000277	Druid Master
QUEST_JOBSTEP_20150317_000278	
QUEST_JOBSTEP_20150317_000279	
QUEST_JOBSTEP_20150317_000280	
QUEST_JOBSTEP_20150317_000281	
QUEST_JOBSTEP_20150317_000282	
QUEST_JOBSTEP_20150317_000283	
QUEST_JOBSTEP_20150317_000284	
QUEST_JOBSTEP_20150317_000285	
QUEST_JOBSTEP_20150317_000286	
QUEST_JOBSTEP_20150317_000287	
QUEST_JOBSTEP_20150317_000288	
QUEST_JOBSTEP_20150317_000292	
QUEST_JOBSTEP_20150317_000293	
QUEST_JOBSTEP_20150317_000294	
QUEST_JOBSTEP_20150317_000295	
QUEST_JOBSTEP_20150317_000296	
QUEST_JOBSTEP_20150317_000297	
QUEST_JOBSTEP_20150317_000298	
QUEST_JOBSTEP_20150317_000299	
QUEST_JOBSTEP_20150317_000300	
QUEST_JOBSTEP_20150317_000301	
QUEST_JOBSTEP_20150317_000302	
QUEST_JOBSTEP_20150317_000303	
QUEST_JOBSTEP_20150317_000304	
QUEST_JOBSTEP_20150317_000305	
QUEST_JOBSTEP_20150317_000306	
QUEST_JOBSTEP_20150317_000307	
QUEST_JOBSTEP_20150317_000308	
QUEST_JOBSTEP_20150317_000310	
QUEST_JOBSTEP_20150317_000311	Hackapell Master
QUEST_JOBSTEP_20150317_000312	
QUEST_JOBSTEP_20150317_000313	
QUEST_JOBSTEP_20150317_000314	
QUEST_JOBSTEP_20150317_000315	Wugushi Master
QUEST_JOBSTEP_20150317_000316	
QUEST_JOBSTEP_20150317_000318	
QUEST_JOBSTEP_20150317_000319	
QUEST_JOBSTEP_20150317_000320	
QUEST_JOBSTEP_20150317_000321	
QUEST_JOBSTEP_20150317_000322	
QUEST_JOBSTEP_20150317_000323	
QUEST_JOBSTEP_20150317_000324	
QUEST_JOBSTEP_20150317_000325	Thaumaturge Master
QUEST_JOBSTEP_20150317_000326	
QUEST_JOBSTEP_20150317_000329	
QUEST_JOBSTEP_20150317_000331	
QUEST_JOBSTEP_20150317_000332	Scout Master
QUEST_JOBSTEP_20150317_000333	
QUEST_JOBSTEP_20150317_000334	
QUEST_JOBSTEP_20150317_000335	
QUEST_JOBSTEP_20150317_000336	Paladin Master
QUEST_JOBSTEP_20150317_000337	
QUEST_JOBSTEP_20150317_000339	
QUEST_JOBSTEP_20150317_000340	
QUEST_JOBSTEP_20150317_000341	
QUEST_JOBSTEP_20150317_000342	
QUEST_JOBSTEP_20150317_000343	
QUEST_JOBSTEP_20150317_000344	
QUEST_JOBSTEP_20150317_000345	
QUEST_JOBSTEP_20150317_000346	
QUEST_JOBSTEP_20150317_000347	
QUEST_JOBSTEP_20150317_000348	
QUEST_JOBSTEP_20150317_000349	
QUEST_JOBSTEP_20150317_000350	
QUEST_JOBSTEP_20150317_000351	
QUEST_JOBSTEP_20150317_000352	
QUEST_JOBSTEP_20150317_000353	
QUEST_JOBSTEP_20150317_000354	
QUEST_JOBSTEP_20150317_000355	
QUEST_JOBSTEP_20150317_000356	
QUEST_JOBSTEP_20150317_000357	
QUEST_JOBSTEP_20150317_000359	Fletcher Master
QUEST_JOBSTEP_20150317_000360	
QUEST_JOBSTEP_20150317_000361	
QUEST_JOBSTEP_20150317_000362	
QUEST_JOBSTEP_20150317_000363	
QUEST_JOBSTEP_20150317_000364	
QUEST_JOBSTEP_20150317_000365	
QUEST_JOBSTEP_20150317_000366	
QUEST_JOBSTEP_20150317_000367	
QUEST_JOBSTEP_20150317_000369	
QUEST_JOBSTEP_20150317_000370	
QUEST_JOBSTEP_20150317_000371	
QUEST_JOBSTEP_20150317_000372	
QUEST_JOBSTEP_20150317_000373	
QUEST_JOBSTEP_20150317_000374	
QUEST_JOBSTEP_20150317_000375	
QUEST_JOBSTEP_20150317_000376	
QUEST_JOBSTEP_20150317_000377	
QUEST_JOBSTEP_20150317_000378	
QUEST_JOBSTEP_20150317_000379	
QUEST_JOBSTEP_20150317_000380	
QUEST_JOBSTEP_20150317_000381	
QUEST_JOBSTEP_20150317_000382	
QUEST_JOBSTEP_20150317_000383	
QUEST_JOBSTEP_20150317_000384	
QUEST_JOBSTEP_20150317_000385	
QUEST_JOBSTEP_20150317_000386	
QUEST_JOBSTEP_20150317_000388	
QUEST_JOBSTEP_20150317_000391	
QUEST_JOBSTEP_20150317_000394	
QUEST_JOBSTEP_20150317_000396	
QUEST_JOBSTEP_20150317_000397	
QUEST_JOBSTEP_20150317_000398	
QUEST_JOBSTEP_20150317_000399	
QUEST_JOBSTEP_20150317_000400	
QUEST_JOBSTEP_20150317_000401	Rogue Master
QUEST_JOBSTEP_20150317_000403	
QUEST_JOBSTEP_20150317_000404	
QUEST_JOBSTEP_20150317_000405	
QUEST_JOBSTEP_20150317_000406	
QUEST_JOBSTEP_20150317_000407	
QUEST_JOBSTEP_20150317_000409	
QUEST_JOBSTEP_20150317_000411	
QUEST_JOBSTEP_20150317_000413	
QUEST_JOBSTEP_20150317_000414	
QUEST_JOBSTEP_20150317_000417	
QUEST_JOBSTEP_20150317_000418	
QUEST_JOBSTEP_20150317_000420	
QUEST_JOBSTEP_20150317_000421	
QUEST_JOBSTEP_20150317_000424	
QUEST_JOBSTEP_20150317_000425	
QUEST_JOBSTEP_20150317_000426	
QUEST_JOBSTEP_20150317_000427	
QUEST_JOBSTEP_20150317_000428	
QUEST_JOBSTEP_20150317_000430	
QUEST_JOBSTEP_20150317_000431	
QUEST_JOBSTEP_20150317_000432	
QUEST_JOBSTEP_20150317_000433	
QUEST_JOBSTEP_20150317_000434	
QUEST_JOBSTEP_20150317_000435	
QUEST_JOBSTEP_20150317_000436	
QUEST_JOBSTEP_20150317_000437	
QUEST_JOBSTEP_20150317_000438	
QUEST_JOBSTEP_20150317_000439	
QUEST_JOBSTEP_20150317_000441	
QUEST_JOBSTEP_20150317_000442	
QUEST_JOBSTEP_20150317_000443	
QUEST_JOBSTEP_20150317_000445	
QUEST_JOBSTEP_20150317_000446	
QUEST_JOBSTEP_20150317_000447	
QUEST_JOBSTEP_20150317_000448	
QUEST_JOBSTEP_20150317_000449	
QUEST_JOBSTEP_20150317_000451	
QUEST_JOBSTEP_20150317_000452	
QUEST_JOBSTEP_20150317_000454	
QUEST_JOBSTEP_20150317_000455	
QUEST_JOBSTEP_20150317_000456	
QUEST_JOBSTEP_20150317_000457	
QUEST_JOBSTEP_20150317_000458	
QUEST_JOBSTEP_20150317_000459	Schwarzer Reiter Master
QUEST_JOBSTEP_20150317_000466	
QUEST_JOBSTEP_20150317_000467	
QUEST_JOBSTEP_20150317_000468	
QUEST_JOBSTEP_20150317_000471	
QUEST_JOBSTEP_20150317_000472	
QUEST_JOBSTEP_20150317_000473	
QUEST_JOBSTEP_20150317_000474	
QUEST_JOBSTEP_20150317_000475	
QUEST_JOBSTEP_20150317_000476	
QUEST_JOBSTEP_20150317_000477	
QUEST_JOBSTEP_20150317_000478	
QUEST_JOBSTEP_20150317_000479	
QUEST_JOBSTEP_20150317_000480	
QUEST_JOBSTEP_20150317_000481	
QUEST_JOBSTEP_20150317_000482	
QUEST_JOBSTEP_20150317_000483	
QUEST_JOBSTEP_20150317_000484	
QUEST_JOBSTEP_20150317_000485	
QUEST_JOBSTEP_20150317_000486	
QUEST_JOBSTEP_20150317_000487	
QUEST_JOBSTEP_20150317_000488	
QUEST_JOBSTEP_20150317_000489	
QUEST_JOBSTEP_20150317_000490	
QUEST_JOBSTEP_20150317_000491	
QUEST_JOBSTEP_20150317_000492	
QUEST_JOBSTEP_20150317_000493	
QUEST_JOBSTEP_20150317_000494	Anyone who follows the words of the Goddess can receive her powers to drive out evil spirits. {nl} But its strength will depend on the depth of faith.
QUEST_JOBSTEP_20150317_000495	
QUEST_JOBSTEP_20150317_000496	
QUEST_JOBSTEP_20150317_000497	
QUEST_JOBSTEP_20150317_000498	
QUEST_JOBSTEP_20150317_000499	
QUEST_JOBSTEP_20150317_000500	
QUEST_JOBSTEP_20150317_000501	
QUEST_JOBSTEP_20150317_000502	
QUEST_JOBSTEP_20150317_000503	
QUEST_JOBSTEP_20150317_000504	
QUEST_JOBSTEP_20150317_000505	
QUEST_JOBSTEP_20150317_000506	
QUEST_JOBSTEP_20150317_000507	
QUEST_JOBSTEP_20150317_000508	
QUEST_JOBSTEP_20150317_000509	
QUEST_JOBSTEP_20150317_000510	
QUEST_JOBSTEP_20150317_000511	
QUEST_JOBSTEP_20150317_000512	
QUEST_JOBSTEP_20150317_000513	
QUEST_JOBSTEP_20150317_000514	
QUEST_JOBSTEP_20150317_000515	
QUEST_JOBSTEP_20150317_000516	
QUEST_JOBSTEP_20150317_000517	
QUEST_JOBSTEP_20150317_000518	
QUEST_JOBSTEP_20150317_000519	
QUEST_JOBSTEP_20150317_000520	
QUEST_JOBSTEP_20150317_000521	
QUEST_JOBSTEP_20150317_000522	
QUEST_JOBSTEP_20150317_000523	
QUEST_JOBSTEP_20150317_000524	
QUEST_JOBSTEP_20150317_000525	
QUEST_JOBSTEP_20150317_000526	
QUEST_JOBSTEP_20150317_000528	
QUEST_JOBSTEP_20150317_000530	
QUEST_JOBSTEP_20150317_000531	
QUEST_JOBSTEP_20150317_000532	
QUEST_JOBSTEP_20150317_000533	
QUEST_JOBSTEP_20150317_000534	
QUEST_JOBSTEP_20150317_000535	Monk Master
QUEST_JOBSTEP_20150317_000536	
QUEST_JOBSTEP_20150317_000537	
QUEST_JOBSTEP_20150317_000538	Pardoner Master
QUEST_JOBSTEP_20150317_000539	
QUEST_JOBSTEP_20150317_000540	
QUEST_JOBSTEP_20150317_000541	
QUEST_JOBSTEP_20150317_000543	
QUEST_JOBSTEP_20150317_000544	
QUEST_JOBSTEP_20150317_000545	
QUEST_JOBSTEP_20150317_000546	
QUEST_JOBSTEP_20150317_000547	
QUEST_JOBSTEP_20150317_000548	
QUEST_JOBSTEP_20150317_000549	
QUEST_JOBSTEP_20150317_000550	
QUEST_JOBSTEP_20150317_000551	
QUEST_JOBSTEP_20150317_000552	
QUEST_JOBSTEP_20150317_000553	
QUEST_JOBSTEP_20150317_000554	
QUEST_JOBSTEP_20150317_000555	
QUEST_JOBSTEP_20150317_000556	
QUEST_JOBSTEP_20150317_000557	
QUEST_JOBSTEP_20150317_000558	
QUEST_JOBSTEP_20150317_000559	
QUEST_JOBSTEP_20150317_000560	
QUEST_JOBSTEP_20150317_000561	
QUEST_JOBSTEP_20150317_000562	
QUEST_JOBSTEP_20150317_000563	
QUEST_JOBSTEP_20150317_000564	
QUEST_JOBSTEP_20150317_000565	
QUEST_JOBSTEP_20150317_000566	
QUEST_JOBSTEP_20150317_000567	
QUEST_JOBSTEP_20150317_000568	
QUEST_JOBSTEP_20150317_000569	
QUEST_JOBSTEP_20150317_000572	
QUEST_JOBSTEP_20150317_000573	
QUEST_JOBSTEP_20150317_000574	
QUEST_JOBSTEP_20150317_000575	
QUEST_JOBSTEP_20150317_000577	
QUEST_JOBSTEP_20150317_000578	
QUEST_JOBSTEP_20150317_000579	Chronomancer Master
QUEST_JOBSTEP_20150317_000581	
QUEST_JOBSTEP_20150317_000582	
QUEST_JOBSTEP_20150317_000583	
QUEST_JOBSTEP_20150317_000584	
QUEST_JOBSTEP_20150317_000585	
QUEST_JOBSTEP_20150317_000586	
QUEST_JOBSTEP_20150317_000587	
QUEST_JOBSTEP_20150317_000588	
QUEST_JOBSTEP_20150317_000589	
QUEST_JOBSTEP_20150317_000590	
QUEST_JOBSTEP_20150317_000591	
QUEST_JOBSTEP_20150317_000592	
QUEST_JOBSTEP_20150317_000593	
QUEST_JOBSTEP_20150317_000594	
QUEST_JOBSTEP_20150317_000595	
QUEST_JOBSTEP_20150317_000596	
QUEST_JOBSTEP_20150317_000597	
QUEST_JOBSTEP_20150317_000598	
QUEST_JOBSTEP_20150317_000599	
QUEST_JOBSTEP_20150317_000600	
QUEST_JOBSTEP_20150317_000601	
QUEST_JOBSTEP_20150317_000602	
QUEST_JOBSTEP_20150317_000604	
QUEST_JOBSTEP_20150317_000607	
QUEST_JOBSTEP_20150317_000608	
QUEST_JOBSTEP_20150317_000609	
QUEST_JOBSTEP_20150317_000610	
QUEST_JOBSTEP_20150317_000611	
QUEST_JOBSTEP_20150317_000612	
QUEST_JOBSTEP_20150317_000613	
QUEST_JOBSTEP_20150317_000614	
QUEST_JOBSTEP_20150317_000615	
QUEST_JOBSTEP_20150317_000616	
QUEST_JOBSTEP_20150317_000617	
QUEST_JOBSTEP_20150317_000618	
QUEST_JOBSTEP_20150317_000619	
QUEST_JOBSTEP_20150317_000620	
QUEST_JOBSTEP_20150317_000621	
QUEST_JOBSTEP_20150317_000622	
QUEST_JOBSTEP_20150317_000623	
QUEST_JOBSTEP_20150317_000624	Krivis Siblings
QUEST_JOBSTEP_20150317_000625	
QUEST_JOBSTEP_20150317_000626	
QUEST_JOBSTEP_20150317_000627	
QUEST_JOBSTEP_20150317_000628	
QUEST_JOBSTEP_20150317_000629	
QUEST_JOBSTEP_20150317_000630	
QUEST_JOBSTEP_20150317_000631	
QUEST_JOBSTEP_20150317_000632	
QUEST_JOBSTEP_20150317_000633	
QUEST_JOBSTEP_20150317_000634	
QUEST_JOBSTEP_20150317_000635	
QUEST_JOBSTEP_20150317_000636	
QUEST_JOBSTEP_20150317_000637	
QUEST_JOBSTEP_20150317_000638	
QUEST_JOBSTEP_20150317_000639	
QUEST_JOBSTEP_20150317_000640	
QUEST_JOBSTEP_20150317_000641	
QUEST_JOBSTEP_20150317_000642	
QUEST_JOBSTEP_20150317_000643	
QUEST_JOBSTEP_20150317_000644	
QUEST_JOBSTEP_20150317_000645	
QUEST_JOBSTEP_20150317_000646	
QUEST_JOBSTEP_20150317_000648	
QUEST_JOBSTEP_20150317_000649	
QUEST_JOBSTEP_20150317_000650	
QUEST_JOBSTEP_20150317_000651	
QUEST_JOBSTEP_20150317_000652	
QUEST_JOBSTEP_20150317_000653	
QUEST_JOBSTEP_20150317_000654	
QUEST_JOBSTEP_20150317_000655	
QUEST_JOBSTEP_20150317_000656	
QUEST_JOBSTEP_20150317_000657	
QUEST_JOBSTEP_20150317_000658	
QUEST_JOBSTEP_20150317_000660	
QUEST_JOBSTEP_20150317_000661	
QUEST_JOBSTEP_20150317_000663	
QUEST_JOBSTEP_20150317_000665	
QUEST_JOBSTEP_20150317_000666	
QUEST_JOBSTEP_20150317_000668	
QUEST_JOBSTEP_20150317_000669	
QUEST_JOBSTEP_20150317_000670	
QUEST_JOBSTEP_20150317_000671	
QUEST_JOBSTEP_20150317_000674	
QUEST_JOBSTEP_20150317_000675	
QUEST_JOBSTEP_20150317_000677	
QUEST_JOBSTEP_20150317_000678	
QUEST_JOBSTEP_20150317_000681	
QUEST_JOBSTEP_20150317_000682	
QUEST_JOBSTEP_20150317_000683	
QUEST_JOBSTEP_20150317_000684	
QUEST_JOBSTEP_20150317_000685	
QUEST_JOBSTEP_20150317_000686	
QUEST_JOBSTEP_20150317_000689	
QUEST_JOBSTEP_20150317_000690	
QUEST_JOBSTEP_20150317_000691	
QUEST_JOBSTEP_20150317_000692	
QUEST_JOBSTEP_20150317_000695	
QUEST_JOBSTEP_20150317_000696	
QUEST_JOBSTEP_20150317_000698	
QUEST_JOBSTEP_20150317_000699	
QUEST_JOBSTEP_20150317_000702	
QUEST_JOBSTEP_20150317_000705	
QUEST_JOBSTEP_20150317_000706	Oracle Master
QUEST_JOBSTEP_20150317_000707	
QUEST_JOBSTEP_20150317_000708	
QUEST_JOBSTEP_20150317_000710	Mirtis
QUEST_JOBSTEP_20150317_000711	
QUEST_JOBSTEP_20150317_000712	
QUEST_JOBSTEP_20150317_000713	
QUEST_JOBSTEP_20150317_000714	
QUEST_JOBSTEP_20150317_000715	
QUEST_JOBSTEP_20150317_000716	
QUEST_JOBSTEP_20150317_000717	
QUEST_JOBSTEP_20150317_000718	
QUEST_JOBSTEP_20150317_000719	
QUEST_JOBSTEP_20150317_000720	
QUEST_JOBSTEP_20150317_000721	Go
QUEST_JOBSTEP_20150317_000722	{S35} {nl} Lydia Schaffen and Fletcher {/}
QUEST_JOBSTEP_20150317_000723	
QUEST_JOBSTEP_20150317_000724	
QUEST_JOBSTEP_20150317_000725	
QUEST_JOBSTEP_20150317_000726	
QUEST_JOBSTEP_20150317_000727	
QUEST_JOBSTEP_20150317_000728	
QUEST_JOBSTEP_20150317_000729	
QUEST_JOBSTEP_20150317_000730	
QUEST_JOBSTEP_20150317_000731	
QUEST_JOBSTEP_20150317_000732	Intersection line of Lydia Schaffen
QUEST_JOBSTEP_20150317_000733	{S35} {nl} Lydia Schaffen line of intersection {/}
QUEST_JOBSTEP_20150317_000734	
QUEST_JOBSTEP_20150317_000735	
QUEST_JOBSTEP_20150317_000736	
QUEST_JOBSTEP_20150317_000737	
QUEST_JOBSTEP_20150317_000738	
QUEST_JOBSTEP_20150317_000739	
QUEST_JOBSTEP_20150317_000740	
QUEST_JOBSTEP_20150317_000741	
QUEST_JOBSTEP_20150317_000742	
QUEST_JOBSTEP_20150317_000743	
QUEST_JOBSTEP_20150317_000744	
QUEST_JOBSTEP_20150317_000745	
QUEST_JOBSTEP_20150317_000746	
QUEST_JOBSTEP_20150317_000747	
QUEST_JOBSTEP_20150317_000748	
QUEST_JOBSTEP_20150317_000749	
QUEST_JOBSTEP_20150317_000750	
QUEST_JOBSTEP_20150317_000751	
QUEST_JOBSTEP_20150317_000752	
QUEST_JOBSTEP_20150317_000753	
QUEST_JOBSTEP_20150317_000754	
QUEST_JOBSTEP_20150317_000755	
QUEST_JOBSTEP_20150317_000756	
QUEST_JOBSTEP_20150317_000757	
QUEST_JOBSTEP_20150317_000758	
QUEST_JOBSTEP_20150317_000759	
QUEST_JOBSTEP_20150317_000760	
QUEST_JOBSTEP_20150317_000761	
QUEST_JOBSTEP_20150317_000762	
QUEST_JOBSTEP_20150317_000763	
QUEST_JOBSTEP_20150317_000764	
QUEST_JOBSTEP_20150317_000765	
QUEST_JOBSTEP_20150317_000766	
QUEST_JOBSTEP_20150317_000767	
QUEST_JOBSTEP_20150317_000768	
QUEST_JOBSTEP_20150317_000769	
QUEST_JOBSTEP_20150317_000770	
QUEST_JOBSTEP_20150317_000771	
QUEST_JOBSTEP_20150317_000772	
QUEST_JOBSTEP_20150317_000773	
QUEST_JOBSTEP_20150317_000774	
QUEST_JOBSTEP_20150317_000775	
QUEST_JOBSTEP_20150317_000776	
QUEST_JOBSTEP_20150317_000777	
QUEST_JOBSTEP_20150317_000778	
QUEST_JOBSTEP_20150317_000779	
QUEST_JOBSTEP_20150317_000780	
QUEST_JOBSTEP_20150317_000781	
QUEST_JOBSTEP_20150317_000782	
QUEST_JOBSTEP_20150317_000783	Atman's Extension
QUEST_JOBSTEP_20150317_000784	Atman's Extension{/}
QUEST_JOBSTEP_20150317_000785	
QUEST_JOBSTEP_20150317_000786	
QUEST_JOBSTEP_20150317_000787	
QUEST_JOBSTEP_20150317_000788	
QUEST_JOBSTEP_20150317_000789	
QUEST_JOBSTEP_20150317_000790	
QUEST_JOBSTEP_20150317_000791	
QUEST_JOBSTEP_20150317_000792	Kadumel Era Armor
QUEST_JOBSTEP_20150317_000793	Kadumel Era Armor {/}
QUEST_JOBSTEP_20150317_000794	
QUEST_JOBSTEP_20150317_000795	
QUEST_JOBSTEP_20150317_000796	
QUEST_JOBSTEP_20150317_000797	
QUEST_JOBSTEP_20150317_000798	
QUEST_JOBSTEP_20150317_000799	
QUEST_JOBSTEP_20150317_000800	
QUEST_JOBSTEP_20150317_000801	
QUEST_JOBSTEP_20150317_000802	
QUEST_JOBSTEP_20150317_000803	
QUEST_JOBSTEP_20150317_000804	
QUEST_JOBSTEP_20150317_000805	
QUEST_JOBSTEP_20150317_000806	
QUEST_JOBSTEP_20150317_000807	
QUEST_JOBSTEP_20150317_000808	
QUEST_JOBSTEP_20150317_000809	
QUEST_JOBSTEP_20150317_000810	
QUEST_JOBSTEP_20150317_000811	
QUEST_JOBSTEP_20150317_000812	
QUEST_JOBSTEP_20150317_000813	
QUEST_JOBSTEP_20150317_000814	
QUEST_JOBSTEP_20150317_000815	
QUEST_JOBSTEP_20150317_000816	
QUEST_JOBSTEP_20150317_000817	
QUEST_JOBSTEP_20150317_000818	
QUEST_JOBSTEP_20150317_000819	Basic-type
QUEST_JOBSTEP_20150317_000820	
QUEST_JOBSTEP_20150317_000821	
QUEST_JOBSTEP_20150317_000822	
QUEST_JOBSTEP_20150317_000823	
QUEST_JOBSTEP_20150317_000824	
QUEST_JOBSTEP_20150317_000825	Worrisome Mission [Psychokino Advancement](1)
QUEST_JOBSTEP_20150317_000826	
QUEST_JOBSTEP_20150317_000827	
QUEST_JOBSTEP_20150317_000831	
QUEST_JOBSTEP_20150317_000832	
QUEST_JOBSTEP_20150317_000833	
QUEST_JOBSTEP_20150317_000834	
QUEST_JOBSTEP_20150317_000835	
QUEST_JOBSTEP_20150317_000836	
QUEST_JOBSTEP_20150317_000837	
QUEST_JOBSTEP_20150317_000839	
QUEST_JOBSTEP_20150317_000840	
QUEST_JOBSTEP_20150317_000841	
QUEST_JOBSTEP_20150317_000842	
QUEST_JOBSTEP_20150317_000843	
QUEST_JOBSTEP_20150317_000844	Dream Book of the Bow [Hunter Advancement] (1)
QUEST_JOBSTEP_20150317_000845	
QUEST_JOBSTEP_20150317_000846	
QUEST_JOBSTEP_20150317_000847	Dream Book of the Bow [Hunter Advancement] (2)
QUEST_JOBSTEP_20150317_000848	
QUEST_JOBSTEP_20150317_000849	Dream Book of the Bow [Hunter Advancement] (3)
QUEST_JOBSTEP_20150317_000850	I'll go to Archer Master
QUEST_JOBSTEP_20150317_000851	Dream Book of the Bow [Hunter Advancement] (4)
QUEST_JOBSTEP_20150317_000852	I'll deliver the pouch
QUEST_JOBSTEP_20150317_000853	Dream Book of the Bow 2 [Quarrel Shooter Advancement] (1)
QUEST_JOBSTEP_20150317_000854	Dream Book of the Bow 2 [Quarrel Shooter Advancement] (2)
QUEST_JOBSTEP_20150317_000855	
QUEST_JOBSTEP_20150317_000856	
QUEST_JOBSTEP_20150317_000857	Dream Book of the Bow 2 [Quarrel Shooter Advancement (3)
QUEST_JOBSTEP_20150317_000858	I'll go to Archer Master
QUEST_JOBSTEP_20150317_000859	I'll quit here
QUEST_JOBSTEP_20150317_000860	Dream Book of the Bow 2 [Quarrel Shooter Advancement (4)
QUEST_JOBSTEP_20150317_000861	Dream Book of the Bow 3 [Archer Advancement] (1)
QUEST_JOBSTEP_20150317_000862	
QUEST_JOBSTEP_20150317_000863	Dream Book of the Bow 3 [Archer Advancement] (2)
QUEST_JOBSTEP_20150317_000864	
QUEST_JOBSTEP_20150317_000865	Dream Book of the Bow 3 [Archer Advancement] (3)
QUEST_JOBSTEP_20150317_000866	
QUEST_JOBSTEP_20150317_000867	Dream Book of the Bow 3 [Archer Advancement] (4)
QUEST_JOBSTEP_20150317_000868	Dream Book of the Bow 4 [Ranger Advancement] (1)
QUEST_JOBSTEP_20150317_000869	Dream Book of the Bow 4 [Ranger Advancement] (2)
QUEST_JOBSTEP_20150317_000870	Dream Book of the Bow 4 [Ranger Advancement] (3)
QUEST_JOBSTEP_20150317_000871	Dream Book of the Bow 4 [Ranger Advancement] (4)
QUEST_JOBSTEP_20150317_000872	
QUEST_JOBSTEP_20150317_000873	Dream Book of the Bow 4 [Ranger Advancement] (5)
QUEST_JOBSTEP_20150317_000874	
QUEST_JOBSTEP_20150317_000875	
QUEST_JOBSTEP_20150317_000876	A Shield over a Flower [Highlander Advancement] (1)
QUEST_JOBSTEP_20150317_000877	
QUEST_JOBSTEP_20150317_000878	A Shield over a Flower [Highlander Advancement] (2)
QUEST_JOBSTEP_20150317_000879	The Reason to the Pledge [Peltasta Advancement] (1)
QUEST_JOBSTEP_20150317_000881	The Reason to the Pledge [Peltasta Advancement] (2)
QUEST_JOBSTEP_20150317_000886	Essence of Fire [Pyromancer Advancement] 
QUEST_JOBSTEP_20150317_000887	
QUEST_JOBSTEP_20150317_000888	
QUEST_JOBSTEP_20150317_000889	
QUEST_JOBSTEP_20150317_000890	I'll try to find them
QUEST_JOBSTEP_20150317_000891	
QUEST_JOBSTEP_20150317_000892	
QUEST_JOBSTEP_20150317_000893	I'll offer prayers
QUEST_JOBSTEP_20150317_000894	
QUEST_JOBSTEP_20150317_000895	
QUEST_JOBSTEP_20150317_000896	
QUEST_JOBSTEP_20150317_000897	
QUEST_JOBSTEP_20150317_000898	
QUEST_JOBSTEP_20150317_000899	Effort without Betrayal [Wizard Advancement] (1)
QUEST_JOBSTEP_20150317_000900	I'll help the research
QUEST_JOBSTEP_20150317_000901	Effort without Betrayal  [Wizard Advancement] (2)
QUEST_JOBSTEP_20150317_000902	
QUEST_JOBSTEP_20150317_000903	Perfect Holy Water [Cleric Advancement] (1)
QUEST_JOBSTEP_20150317_000904	
QUEST_JOBSTEP_20150317_000905	Perfect Holy Water [Cleric Advancement] (2)
QUEST_JOBSTEP_20150317_000906	
QUEST_JOBSTEP_20150317_000907	
QUEST_JOBSTEP_20150317_000908	
QUEST_JOBSTEP_20150317_000909	
QUEST_JOBSTEP_20150317_000910	The Unfortunate Demon [Psychokino Advancement]
QUEST_JOBSTEP_20150317_000911	
QUEST_JOBSTEP_20150317_000912	
QUEST_JOBSTEP_20150317_000913	Ok, I'll help you
QUEST_JOBSTEP_20150317_000914	
QUEST_JOBSTEP_20150317_000915	
QUEST_JOBSTEP_20150317_000916	
QUEST_JOBSTEP_20150317_000917	Fedimian supplement's [Archer Advancement] (1)
QUEST_JOBSTEP_20150317_000918	I'll go to Rodelero Master
QUEST_JOBSTEP_20150317_000919	Fedimian supplement's [Archer Advancement] (2)
QUEST_JOBSTEP_20150317_000920	I'll get rid of i
QUEST_JOBSTEP_20150317_000921	
QUEST_JOBSTEP_20150317_000922	Fedimian supplement's [Archer Advancement] (3)
QUEST_JOBSTEP_20150317_000923	
QUEST_JOBSTEP_20150317_000924	
QUEST_JOBSTEP_20150317_000925	
QUEST_JOBSTEP_20150317_000926	
QUEST_JOBSTEP_20150317_000927	Careful History [Sapper Advancement] (1)
QUEST_JOBSTEP_20150317_000928	
QUEST_JOBSTEP_20150317_000929	Careful History [Sapper Advancement] (2)
QUEST_JOBSTEP_20150317_000930	
QUEST_JOBSTEP_20150317_000931	Hidden card [Bokor source]
QUEST_JOBSTEP_20150317_000932	
QUEST_JOBSTEP_20150317_000933	Model search [Dievdirby Advancement] (1)
QUEST_JOBSTEP_20150317_000934	
QUEST_JOBSTEP_20150317_000935	Model search [Dievdirby Advancement] (2)
QUEST_JOBSTEP_20150317_000936	
QUEST_JOBSTEP_20150317_000937	
QUEST_JOBSTEP_20150317_000938	Model search [Dievdirby Advancement] (3)
QUEST_JOBSTEP_20150317_000939	
QUEST_JOBSTEP_20150317_000940	
QUEST_JOBSTEP_20150317_000941	
QUEST_JOBSTEP_20150317_000942	
QUEST_JOBSTEP_20150317_000943	
QUEST_JOBSTEP_20150317_000944	
QUEST_JOBSTEP_20150317_000945	
QUEST_JOBSTEP_20150317_000947	
QUEST_JOBSTEP_20150317_000948	
QUEST_JOBSTEP_20150317_000949	Fedimian guardian [Wizard Advancement] (1)
QUEST_JOBSTEP_20150317_000950	
QUEST_JOBSTEP_20150317_000951	
QUEST_JOBSTEP_20150317_000952	Fedimian guardian [Wizard Advancement] (2)
QUEST_JOBSTEP_20150317_000953	
QUEST_JOBSTEP_20150317_000954	
QUEST_JOBSTEP_20150317_000955	
QUEST_JOBSTEP_20150317_000956	Accept duel with Master
QUEST_JOBSTEP_20150317_000957	
QUEST_JOBSTEP_20150317_000958	
QUEST_JOBSTEP_20150317_000959	
QUEST_JOBSTEP_20150317_000960	
QUEST_JOBSTEP_20150317_000961	
QUEST_JOBSTEP_20150317_000962	Connection [Linker Advancement]
QUEST_JOBSTEP_20150317_000963	
QUEST_JOBSTEP_20150317_000964	
QUEST_JOBSTEP_20150317_000965	Freedom and Courage [Highlander Advancement]
QUEST_JOBSTEP_20150317_000966	
QUEST_JOBSTEP_20150317_000967	
QUEST_JOBSTEP_20150317_000968	
QUEST_JOBSTEP_20150317_000969	
QUEST_JOBSTEP_20150317_000970	
QUEST_JOBSTEP_20150317_000971	
QUEST_JOBSTEP_20150317_000972	
QUEST_JOBSTEP_20150317_000973	
QUEST_JOBSTEP_20150317_000974	
QUEST_JOBSTEP_20150317_000975	I'll get rid of the Minotaursos
QUEST_JOBSTEP_20150317_000976	
QUEST_JOBSTEP_20150317_000977	
QUEST_JOBSTEP_20150317_000978	
QUEST_JOBSTEP_20150317_000979	
QUEST_JOBSTEP_20150317_000980	
QUEST_JOBSTEP_20150317_000981	
QUEST_JOBSTEP_20150317_000982	
QUEST_JOBSTEP_20150317_000983	
QUEST_JOBSTEP_20150317_000984	
QUEST_JOBSTEP_20150317_000985	
QUEST_JOBSTEP_20150317_000986	
QUEST_JOBSTEP_20150317_000988	
QUEST_JOBSTEP_20150317_000989	
QUEST_JOBSTEP_20150317_000990	Goddess patronize road [Paladin Advancement]
QUEST_JOBSTEP_20150317_000991	
QUEST_JOBSTEP_20150317_000992	
QUEST_JOBSTEP_20150317_000993	
QUEST_JOBSTEP_20150317_000994	
QUEST_JOBSTEP_20150317_000995	I'll help Peltasta Master
QUEST_JOBSTEP_20150317_000996	
QUEST_JOBSTEP_20150317_000997	I'll help Knight Commander Uska.
QUEST_JOBSTEP_20150317_000998	
QUEST_JOBSTEP_20150317_000999	I'll go to Crystal Mine 2nd Gallery.
QUEST_JOBSTEP_20150317_001000	
QUEST_JOBSTEP_20150317_001001	I'll return to Highlander Master.
QUEST_JOBSTEP_20150317_001002	I'll be back after a while
QUEST_JOBSTEP_20150317_001003	interference of creatures that fly [Peltasta Advancement] (1)
QUEST_JOBSTEP_20150317_001004	I accept the request.
QUEST_JOBSTEP_20150317_001005	interference of creatures that fly [Peltasta Advancement] (2)
QUEST_JOBSTEP_20150317_001006	
QUEST_JOBSTEP_20150317_001007	interference of creatures that fly [Peltasta Advancement] (3)
QUEST_JOBSTEP_20150317_001008	
QUEST_JOBSTEP_20150317_001009	
QUEST_JOBSTEP_20150317_001010	interference of creatures that fly [Peltasta Advancement] (4)
QUEST_JOBSTEP_20150317_001011	I'll go back to Peltasta Master
QUEST_JOBSTEP_20150317_001012	
QUEST_JOBSTEP_20150317_001013	I'll get back the things
QUEST_JOBSTEP_20150317_001014	
QUEST_JOBSTEP_20150317_001015	Accept duel with the Master
QUEST_JOBSTEP_20150317_001016	The first arrow [Archer Advancement] (1)
QUEST_JOBSTEP_20150317_001017	I'll go to Fletcher Master
QUEST_JOBSTEP_20150317_001018	The first arrow [Archer Advancement] (2)
QUEST_JOBSTEP_20150317_001019	I'll go find some quality Charcoal Stones.
QUEST_JOBSTEP_20150317_001020	The first arrow [Archer Advancement] (3)
QUEST_JOBSTEP_20150317_001021	I'll go back to Archer Master.
QUEST_JOBSTEP_20150317_001022	I'll go in a while
QUEST_JOBSTEP_20150317_001023	
QUEST_JOBSTEP_20150317_001024	Accept the request.
QUEST_JOBSTEP_20150317_001025	
QUEST_JOBSTEP_20150317_001027	
QUEST_JOBSTEP_20150317_001028	
QUEST_JOBSTEP_20150317_001029	
QUEST_JOBSTEP_20150317_001031	
QUEST_JOBSTEP_20150317_001032	I will collect the poison
QUEST_JOBSTEP_20150317_001033	Sorry, it's too dangerous
QUEST_JOBSTEP_20150317_001034	
QUEST_JOBSTEP_20150317_001035	
QUEST_JOBSTEP_20150317_001036	I'll rub a copy
QUEST_JOBSTEP_20150317_001037	
QUEST_JOBSTEP_20150317_001038	Accept the test.
QUEST_JOBSTEP_20150317_001039	
QUEST_JOBSTEP_20150317_001040	
QUEST_JOBSTEP_20150317_001041	I will defeat the Yekub first
QUEST_JOBSTEP_20150317_001042	
QUEST_JOBSTEP_20150317_001043	I'll be back after practice
QUEST_JOBSTEP_20150317_001044	
QUEST_JOBSTEP_20150317_001045	Aim [Archer Advancement]
QUEST_JOBSTEP_20150317_001046	Accept the test.
QUEST_JOBSTEP_20150317_001047	
QUEST_JOBSTEP_20150317_001048	I'll catch the Reaverpeded
QUEST_JOBSTEP_20150317_001049	
QUEST_JOBSTEP_20150317_001050	I'll go and defeat them
QUEST_JOBSTEP_20150317_001051	
QUEST_JOBSTEP_20150317_001052	
QUEST_JOBSTEP_20150317_001053	I'll hunt the Minotaursus
QUEST_JOBSTEP_20150317_001054	
QUEST_JOBSTEP_20150317_001056	
QUEST_JOBSTEP_20150317_001057	Give me a mission to prove my abilities
QUEST_JOBSTEP_20150317_001058	I'll come back later
QUEST_JOBSTEP_20150317_001059	
QUEST_JOBSTEP_20150317_001060	Accept the duel
QUEST_JOBSTEP_20150317_001061	Refuse the duel
QUEST_JOBSTEP_20150317_001062	
QUEST_JOBSTEP_20150317_001064	
QUEST_JOBSTEP_20150317_001066	
QUEST_JOBSTEP_20150317_001067	What should I do?
QUEST_JOBSTEP_20150317_001068	I need more time to think.
QUEST_JOBSTEP_20150317_001069	
QUEST_JOBSTEP_20150317_001070	
QUEST_JOBSTEP_20150317_001071	
QUEST_JOBSTEP_20150317_001072	Evil aura purification [Priest Advancement]
QUEST_JOBSTEP_20150317_001073	I will defeat them.
QUEST_JOBSTEP_20150317_001074	
QUEST_JOBSTEP_20150317_001075	I will get the essence
QUEST_JOBSTEP_20150317_001076	Material Search [Dievdirby Advancement]
QUEST_JOBSTEP_20150317_001077	I'll get the materials for you
QUEST_JOBSTEP_20150317_001079	I'll help you
QUEST_JOBSTEP_20150317_001080	
QUEST_JOBSTEP_20150317_001081	I can do anything
QUEST_JOBSTEP_20150317_001082	
QUEST_JOBSTEP_20150317_001083	I'll bring evidence.
QUEST_JOBSTEP_20150317_001084	
QUEST_JOBSTEP_20150317_001085	I'll get you the payment
QUEST_JOBSTEP_20150317_001087	
QUEST_JOBSTEP_20150317_001088	Magi purification [Priest Advancement]
QUEST_JOBSTEP_20150317_001089	
QUEST_JOBSTEP_20150317_001090	
QUEST_JOBSTEP_20150317_001091	
QUEST_JOBSTEP_20150317_001092	
QUEST_JOBSTEP_20150317_001093	
QUEST_JOBSTEP_20150317_001094	
QUEST_JOBSTEP_20150317_001095	
QUEST_JOBSTEP_20150317_001096	
QUEST_JOBSTEP_20150317_001097	
QUEST_JOBSTEP_20150317_001098	
QUEST_JOBSTEP_20150317_001099	
QUEST_JOBSTEP_20150317_001100	
QUEST_JOBSTEP_20150317_001101	
QUEST_JOBSTEP_20150317_001102	I'll make the doll
QUEST_JOBSTEP_20150317_001103	
QUEST_JOBSTEP_20150317_001104	
QUEST_JOBSTEP_20150317_001105	
QUEST_JOBSTEP_20150317_001106	
QUEST_JOBSTEP_20150317_001107	
QUEST_JOBSTEP_20150317_001108	I'll come back next time
QUEST_JOBSTEP_20150317_001109	
QUEST_JOBSTEP_20150317_001110	
QUEST_JOBSTEP_20150317_001111	
QUEST_JOBSTEP_20150317_001112	I'll go to Centurion Master
QUEST_JOBSTEP_20150317_001113	It's too far
QUEST_JOBSTEP_20150317_001114	
QUEST_JOBSTEP_20150317_001115	I'll collect Nocotias
QUEST_JOBSTEP_20150317_001116	I'll just go back
QUEST_JOBSTEP_20150317_001117	
QUEST_JOBSTEP_20150317_001118	Eternal worship [Krivis Advancement] (1)
QUEST_JOBSTEP_20150317_001119	I'll go on a pilgrimage
QUEST_JOBSTEP_20150317_001120	Eternal worship [Krivis Advancement] (2)
QUEST_JOBSTEP_20150317_001121	I'll get rid of the monsters
QUEST_JOBSTEP_20150317_001122	Eternal worship [Krivis Advancement] (3)
QUEST_JOBSTEP_20150317_001123	I'll leave for Fedimian
QUEST_JOBSTEP_20150317_001124	I will stay just for a while
QUEST_JOBSTEP_20150317_001125	
QUEST_JOBSTEP_20150317_001126	I will go and purify the evil forces
QUEST_JOBSTEP_20150317_001127	Remaining memory [Bokor source] (1)
QUEST_JOBSTEP_20150317_001128	I will get the gem
QUEST_JOBSTEP_20150317_001129	Remaining memory [Bokor source] (2)
QUEST_JOBSTEP_20150317_001130	
QUEST_JOBSTEP_20150317_001131	I'll stop now, I'm afraid
QUEST_JOBSTEP_20150317_001132	Remaining memory [Bokor source] (3)
QUEST_JOBSTEP_20150317_001133	I will deliver it to Krivi Master
QUEST_JOBSTEP_20150317_001134	I will stop now. I'm scared
QUEST_JOBSTEP_20150317_001135	Remaining memory [Bokor source] (4)
QUEST_JOBSTEP_20150317_001136	I'll get rid of the Tutu
QUEST_JOBSTEP_20150317_001137	Maintenance of Statue [Dievdirby Advancement] (1)
QUEST_JOBSTEP_20150317_001138	Maintenance of Statue [Dievdirby Advancement] (2)
QUEST_JOBSTEP_20150317_001139	I will go to Krivi Master
QUEST_JOBSTEP_20150317_001140	Maintenance of Statue [Dievdirby Advancement] (3)
QUEST_JOBSTEP_20150317_001141	I will go to Priest Master
QUEST_JOBSTEP_20150317_001142	Maintenance of Statue [Dievdirby Advancement] (4)
QUEST_JOBSTEP_20150317_001143	
QUEST_JOBSTEP_20150317_001144	Maintenance of Statue [Dievdirby Advancement] (5)
QUEST_JOBSTEP_20150317_001145	I will go and take care of the Statue of Goddess
QUEST_JOBSTEP_20150317_001146	Give me some time to prepare
QUEST_JOBSTEP_20150317_001147	The selected person [Sadhu Advancement]
QUEST_JOBSTEP_20150317_001148	For the Church [Paladin Advancement]
QUEST_JOBSTEP_20150317_001149	Accept duel with master
QUEST_JOBSTEP_20150317_001150	Mind and body discipline [Monk Advancement]
QUEST_JOBSTEP_20150317_001151	Blessing of Wealth [Pardoner Advancement]
QUEST_JOBSTEP_20150317_001152	Blessing of Wealth [Pardoner Advancement] (3)
QUEST_JOBSTEP_20150317_001153	I'll defeat Mothstem
QUEST_JOBSTEP_20150317_001154	I give up
QUEST_JOBSTEP_20150317_001155	Blessing of Wealth [Pardoner Advancement] (2)
QUEST_JOBSTEP_20150317_001156	Activities of Wizard [Wizard Advancement]
QUEST_JOBSTEP_20150317_001157	I will take the test
QUEST_JOBSTEP_20150317_001158	
QUEST_JOBSTEP_20150317_001159	
QUEST_JOBSTEP_20150317_001160	I'll get ridd of the Poatas
QUEST_JOBSTEP_20150317_001161	Activities of Cryomancer [Cryomancer Advancement]
QUEST_JOBSTEP_20150317_001162	I will get rid of the Mushcarias
QUEST_JOBSTEP_20150317_001163	
QUEST_JOBSTEP_20150317_001164	I will take the test
QUEST_JOBSTEP_20150317_001165	
QUEST_JOBSTEP_20150317_001166	I'll defeat Vubbe Fighter
QUEST_JOBSTEP_20150317_001167	Activities of Thaurmaturge [Thaumaturge Advancement]
QUEST_JOBSTEP_20150317_001168	I'll defeat Salamander
QUEST_JOBSTEP_20150317_001170	I'll defeat Reaverpede
QUEST_JOBSTEP_20150317_001171	
QUEST_JOBSTEP_20150317_001172	I'll go get rid of the Devilglove
QUEST_JOBSTEP_20150317_001173	
QUEST_JOBSTEP_20150317_001175	
QUEST_JOBSTEP_20150317_001176	I'll get rid of the Honeypin
QUEST_JOBSTEP_20150317_001177	
QUEST_JOBSTEP_20150317_001178	
QUEST_JOBSTEP_20150317_001179	
QUEST_JOBSTEP_20150317_001180	I don't agree
QUEST_JOBSTEP_20150317_001181	
QUEST_JOBSTEP_20150317_001182	
QUEST_JOBSTEP_20150317_001183	
QUEST_JOBSTEP_20150317_001184	
QUEST_JOBSTEP_20150317_001185	I'll get rid of the Colmencia
QUEST_JOBSTEP_20150317_001186	
QUEST_JOBSTEP_20150317_001187	I'll get rid of the Gaigalas
QUEST_JOBSTEP_20150317_001188	I don't think I can do such things
QUEST_JOBSTEP_20150317_001189	
QUEST_JOBSTEP_20150317_001190	I'll help you find the decorations
QUEST_JOBSTEP_20150317_001191	Land combat training [Corsair Advancement]
QUEST_JOBSTEP_20150317_001192	
QUEST_JOBSTEP_20150317_001193	It's too risky. I'll stop
QUEST_JOBSTEP_20150317_001194	Activities of Cronomancer [Cronomancer Advancement]
QUEST_JOBSTEP_20150317_001195	
QUEST_JOBSTEP_20150317_001196	I'll defeat Ironbaum
QUEST_JOBSTEP_20150317_001197	I'll come back later
QUEST_JOBSTEP_20150317_001198	
QUEST_JOBSTEP_20150317_001199	
QUEST_JOBSTEP_20150317_001200	
QUEST_JOBSTEP_20150317_001201	I'll complete the mission for you
QUEST_JOBSTEP_20150317_001202	
QUEST_JOBSTEP_20150317_001203	I'll defeat Werewolf
QUEST_JOBSTEP_20150317_001204	
QUEST_JOBSTEP_20150317_001205	I'll do it myself
QUEST_JOBSTEP_20150317_001207	Of course I'll do it
QUEST_JOBSTEP_20150317_001208	
QUEST_JOBSTEP_20150317_001209	I'll defeat Necrovanter
QUEST_JOBSTEP_20150317_001210	
QUEST_JOBSTEP_20150317_001211	I'll prove it through a test
QUEST_JOBSTEP_20150317_001212	Alchemist Mission Accomplished [Alchemist Advancement]
QUEST_JOBSTEP_20150317_001213	
QUEST_JOBSTEP_20150317_001214	
QUEST_JOBSTEP_20150317_001215	
QUEST_JOBSTEP_20150317_001216	
QUEST_JOBSTEP_20150317_001217	
QUEST_JOBSTEP_20150317_001218	
QUEST_JOBSTEP_20150317_001219	Find the Barbarian Master in East Siauliai Woods.
QUEST_JOBSTEP_20150317_001220	
QUEST_JOBSTEP_20150317_001221	
QUEST_JOBSTEP_20150317_001222	
QUEST_JOBSTEP_20150317_001223	
QUEST_JOBSTEP_20150317_001224	Talk to the Hoplite Master
QUEST_JOBSTEP_20150317_001225	Find Hoplite Master in West Siauliai Woods.
QUEST_JOBSTEP_20150317_001226	
QUEST_JOBSTEP_20150317_001228	
QUEST_JOBSTEP_20150317_001229	Talk to the Psychokino Master
QUEST_JOBSTEP_20150317_001230	Find the Psychokino Master in Siauliai Miner's Village.
QUEST_JOBSTEP_20150317_001233	
QUEST_JOBSTEP_20150317_001240	Talk to the Linker Master
QUEST_JOBSTEP_20150317_001241	Find the Linker Master in Siauliai Miner's Village.
QUEST_JOBSTEP_20150317_001242	
QUEST_JOBSTEP_20150317_001244	
QUEST_JOBSTEP_20150317_001245	
QUEST_JOBSTEP_20150317_001246	collect %s
QUEST_JOBSTEP_20150317_001249	
QUEST_JOBSTEP_20150317_001252	
QUEST_JOBSTEP_20150317_001253	
QUEST_JOBSTEP_20150317_001255	Talk to the Sapper Master
QUEST_JOBSTEP_20150317_001256	Find the Sapper Master in East Siauliai Woods
QUEST_JOBSTEP_20150317_001257	
QUEST_JOBSTEP_20150317_001258	
QUEST_JOBSTEP_20150317_001259	
QUEST_JOBSTEP_20150317_001260	
QUEST_JOBSTEP_20150317_001261	
QUEST_JOBSTEP_20150317_001262	
QUEST_JOBSTEP_20150317_001263	
QUEST_JOBSTEP_20150317_001264	
QUEST_JOBSTEP_20150317_001265	
QUEST_JOBSTEP_20150317_001266	
QUEST_JOBSTEP_20150317_001267	
QUEST_JOBSTEP_20150317_001268	
QUEST_JOBSTEP_20150317_001269	
QUEST_JOBSTEP_20150317_001270	Talk to the Hunter Master
QUEST_JOBSTEP_20150317_001271	Find the Hunter Master in East Siauliai Woods
QUEST_JOBSTEP_20150317_001272	
QUEST_JOBSTEP_20150317_001273	
QUEST_JOBSTEP_20150317_001274	
QUEST_JOBSTEP_20150317_001275	
QUEST_JOBSTEP_20150317_001276	Defeated Vubbe Fighter and obtained %s
QUEST_JOBSTEP_20150317_001277	
QUEST_JOBSTEP_20150317_001283	
QUEST_JOBSTEP_20150317_001284	
QUEST_JOBSTEP_20150317_001285	
QUEST_JOBSTEP_20150317_001286	
QUEST_JOBSTEP_20150317_001287	
QUEST_JOBSTEP_20150317_001288	
QUEST_JOBSTEP_20150317_001289	Give bag to Ranger Master
QUEST_JOBSTEP_20150317_001290	
QUEST_JOBSTEP_20150317_001291	
QUEST_JOBSTEP_20150317_001292	Talk to Quarrelshooter Master
QUEST_JOBSTEP_20150317_001293	Find the Quarrelshooter Master in Klaipeda
QUEST_JOBSTEP_20150317_001294	
QUEST_JOBSTEP_20150317_001295	
QUEST_JOBSTEP_20150317_001296	Give book to Quarrelshooter Master
QUEST_JOBSTEP_20150317_001297	
QUEST_JOBSTEP_20150317_001298	
QUEST_JOBSTEP_20150317_001299	
QUEST_JOBSTEP_20150317_001300	
QUEST_JOBSTEP_20150317_001301	
QUEST_JOBSTEP_20150317_001302	
QUEST_JOBSTEP_20150317_001303	
QUEST_JOBSTEP_20150317_001304	Collect a rock in the Miners' Village
QUEST_JOBSTEP_20150317_001305	Give the rock to the Archer Master
QUEST_JOBSTEP_20150317_001306	
QUEST_JOBSTEP_20150317_001307	
QUEST_JOBSTEP_20150317_001308	
QUEST_JOBSTEP_20150317_001309	Talk to Master Archer
QUEST_JOBSTEP_20150317_001310	
QUEST_JOBSTEP_20150317_001311	
QUEST_JOBSTEP_20150317_001312	
QUEST_JOBSTEP_20150317_001313	Deliver a book to the Archer Master
QUEST_JOBSTEP_20150317_001314	
QUEST_JOBSTEP_20150317_001315	
QUEST_JOBSTEP_20150317_001316	
QUEST_JOBSTEP_20150317_001317	
QUEST_JOBSTEP_20150317_001318	
QUEST_JOBSTEP_20150317_001321	
QUEST_JOBSTEP_20150317_001322	
QUEST_JOBSTEP_20150317_001323	
QUEST_JOBSTEP_20150317_001324	Talk to the Ranger Master
QUEST_JOBSTEP_20150317_001325	Find the Ranger Master in Klaipeda
QUEST_JOBSTEP_20150317_001326	Defeated Vubbe Fighter and obtained Book
QUEST_JOBSTEP_20150317_001327	
QUEST_JOBSTEP_20150317_001328	Give book to Master Ranger
QUEST_JOBSTEP_20150317_001329	
QUEST_JOBSTEP_20150317_001330	
QUEST_JOBSTEP_20150317_001331	
QUEST_JOBSTEP_20150317_001332	
QUEST_JOBSTEP_20150317_001333	
QUEST_JOBSTEP_20150317_001335	
QUEST_JOBSTEP_20150317_001336	
QUEST_JOBSTEP_20150317_001337	
QUEST_JOBSTEP_20150317_001338	
QUEST_JOBSTEP_20150317_001340	
QUEST_JOBSTEP_20150317_001341	
QUEST_JOBSTEP_20150317_001342	
QUEST_JOBSTEP_20150317_001343	
QUEST_JOBSTEP_20150317_001344	Defeated Yekub and obtained %s
QUEST_JOBSTEP_20150317_001345	Purple Crystal of Yekub
QUEST_JOBSTEP_20150317_001346	Talk to the Highlander Master
QUEST_JOBSTEP_20150317_001347	Find the Highlander Master in Klaipeda
QUEST_JOBSTEP_20150317_001351	
QUEST_JOBSTEP_20150317_001352	
QUEST_JOBSTEP_20150317_001353	Talk to the Peltasta Master
QUEST_JOBSTEP_20150317_001354	Find the Peltasta Master in Klaipeda.
QUEST_JOBSTEP_20150317_001368	Talk to the Pyromancer Master
QUEST_JOBSTEP_20150317_001369	Find the Pyromancer Master in Klaipeda.
QUEST_JOBSTEP_20150317_001370	
QUEST_JOBSTEP_20150317_001372	Report to the Pyromancer Master
QUEST_JOBSTEP_20150317_001373	
QUEST_JOBSTEP_20150317_001374	Talk to the Cryomancer Master
QUEST_JOBSTEP_20150317_001375	Find the Cryomancer Master in Klaipeda and talk to him/her.
QUEST_JOBSTEP_20150317_001376	You have chosen the way of the Cyromancer. Find the Cryomancer Master in Klaipeda and talk to him/her.
QUEST_JOBSTEP_20150317_001377	Ask the Miner's Village mayor about the whereabouts of the book.
QUEST_JOBSTEP_20150317_001378	
QUEST_JOBSTEP_20150317_001379	Search for the book in Vubbe Outpost
QUEST_JOBSTEP_20150317_001380	Miner's Village mayor says the Vubbes stole all the things during their previous raid. Go to the Vubbe outpost and look for the book.
QUEST_JOBSTEP_20150317_001381	Give the book to the Cryomancer Master
QUEST_JOBSTEP_20150317_001382	I found the book. Give it to the Cryomancer Master.
QUEST_JOBSTEP_20150317_001383	Talk to the Krivis Master
QUEST_JOBSTEP_20150317_001384	Find the Krivis Master in Klaipeda. 
QUEST_JOBSTEP_20150317_001385	Offer a dedication prayer to the Goddess Statue
QUEST_JOBSTEP_20150317_001386	
QUEST_JOBSTEP_20150317_001387	
QUEST_JOBSTEP_20150317_001388	Talk to the Swordsman Master
QUEST_JOBSTEP_20150317_001389	Talk to the Swordsman Master in Klaipeda.
QUEST_JOBSTEP_20150317_001392	Report to the Swordsman Master
QUEST_JOBSTEP_20150317_001393	
QUEST_JOBSTEP_20150317_001395	Talk to the Priest Master
QUEST_JOBSTEP_20150317_001396	Find the Priest Master in Klaipeda.
QUEST_JOBSTEP_20150317_001397	Defeat the soldier who is possessed by an evil spirit
QUEST_JOBSTEP_20150317_001398	
QUEST_JOBSTEP_20150317_001399	Report to the Priest Master
QUEST_JOBSTEP_20150317_001400	
QUEST_JOBSTEP_20150317_001401	
QUEST_JOBSTEP_20150317_001402	Talk to the Wizard Master
QUEST_JOBSTEP_20150317_001403	Talk to the Wizard Master in Klaipeda.
QUEST_JOBSTEP_20150317_001404	Collect the materials that the Wizard Master requires
QUEST_JOBSTEP_20150317_001406	Deliver the materials to the Wizard Master
QUEST_JOBSTEP_20150317_001407	I have all the materials that the Wizard Master requires. Give everything to the Wizard Master. 
QUEST_JOBSTEP_20150317_001411	The Wizard Master's study will start now. Talk to the Wizard Master again.
QUEST_JOBSTEP_20150317_001412	
QUEST_JOBSTEP_20150317_001413	
QUEST_JOBSTEP_20150317_001414	Report to the Wizard Master
QUEST_JOBSTEP_20150317_001415	All scrolls were used up. Report back to the Wizard Master.
QUEST_JOBSTEP_20150317_001416	Talk to the Cleric Master
QUEST_JOBSTEP_20150317_001417	Find the Cleric Master in the Siauliai Miners' Village and talk to him/her.
QUEST_JOBSTEP_20150317_001418	Receive Holy Water from the Priest Master
QUEST_JOBSTEP_20150317_001419	
QUEST_JOBSTEP_20150317_001420	Receive Holy Water from the Krivis Master
QUEST_JOBSTEP_20150317_001421	Receive Holy Water from the Priest Master and the Krivis Master to treat the patients in the Siauliai Miners' Village.
QUEST_JOBSTEP_20150317_001422	Treat Patient of Siauliai Miners' Village
QUEST_JOBSTEP_20150317_001423	Report to the Cleric Master
QUEST_JOBSTEP_20150317_001424	All patients in the Siauliai Miners' Village have been treated. Report to the Cleric Master.
QUEST_JOBSTEP_20150317_001425	Find the Hoplite Master in Klaipeda.
QUEST_JOBSTEP_20150317_001426	Enhance the Spear-type equipment to the 6th stage
QUEST_JOBSTEP_20150317_001427	
QUEST_JOBSTEP_20150317_001428	Report your results to the Hoplite Master
QUEST_JOBSTEP_20150317_001429	The Spear-type equipment has been successfully enhanced to the 6th stage. Show this to the Hoplite Master.
QUEST_JOBSTEP_20150317_001430	Talk to the Pyschokino Master in the Siauliai Miners' Village.
QUEST_JOBSTEP_20150317_001433	Deliver Crystal to the Psychokino Master
QUEST_JOBSTEP_20150317_001434	I have two Demon Essences. Deliver the Demon Essence to the Pyschokino Master. 
QUEST_JOBSTEP_20150317_001435	Find the Quarrelshooter in Klaipeda. 
QUEST_JOBSTEP_20150317_001436	
QUEST_JOBSTEP_20150317_001437	
QUEST_JOBSTEP_20150317_001440	Give map to the Quarrelshooter Master
QUEST_JOBSTEP_20150317_001441	
QUEST_JOBSTEP_20150317_001442	Obtained %s from Minotaur
QUEST_JOBSTEP_20150317_001443	Find the Archer Master in Klaipeda and talk to him/her. 
QUEST_JOBSTEP_20150317_001444	You have chosen the way of the Archer. Find the Archer Master in Klaipeda and talk to him/her.
QUEST_JOBSTEP_20150317_001445	Talk to the Rodolero Master
QUEST_JOBSTEP_20150317_001446	
QUEST_JOBSTEP_20150317_001447	Defeat the Giant Monsters on the 3rd floor in the Magician's Tower
QUEST_JOBSTEP_20150317_001448	
QUEST_JOBSTEP_20150317_001449	Report to the Rodelero Master
QUEST_JOBSTEP_20150317_001450	Successfully captured Minotaur on the 3rd floor in the Magician's Tower. Report back to the Rodelero Master.
QUEST_JOBSTEP_20150317_001451	Report to the Archer Master. 
QUEST_JOBSTEP_20150317_001452	Wonderfully helped the Rodelero Master. Report back to the Archer Master. 
QUEST_JOBSTEP_20150317_001453	Find the Ranger Master in Klaipeda.
QUEST_JOBSTEP_20150317_001461	Report to the Ranger Master
QUEST_JOBSTEP_20150317_001463	Search for traces of  by defeating Minotaur
QUEST_JOBSTEP_20150317_001464	Talk to the Sapper Master in West Siauliai Woods.
QUEST_JOBSTEP_20150317_001469	Defeat Drake
QUEST_JOBSTEP_20150317_001470	The experiment has now begun. Talk to the Sapper Master again. 
QUEST_JOBSTEP_20150317_001471	Test for Bomb Test
QUEST_JOBSTEP_20150317_001472	The Sapper Master wants to receive a report on the power of the experimental bomb. Use the experimental bomb on a monster in West Siauliai Woods.
QUEST_JOBSTEP_20150317_001473	Report to the Sapper Master
QUEST_JOBSTEP_20150317_001474	
QUEST_JOBSTEP_20150317_001475	Talk to the Bokor Master
QUEST_JOBSTEP_20150317_001476	Find the Bokor Master in Klaipeda.
QUEST_JOBSTEP_20150317_001477	Collect Mission or Field Boss Monster Card
QUEST_JOBSTEP_20150317_001478	
QUEST_JOBSTEP_20150317_001479	
QUEST_JOBSTEP_20150317_001480	Give Card to the Bokor Master
QUEST_JOBSTEP_20150317_001481	I have a Boss Monster card. Give it to the Bokor Master.
QUEST_JOBSTEP_20150317_001483	Talk to the Tools Merchant in Klaipeda.
QUEST_JOBSTEP_20150317_001484	
QUEST_JOBSTEP_20150317_001487	
QUEST_JOBSTEP_20150317_001488	
QUEST_JOBSTEP_20150317_001489	Defeat Minotaur
QUEST_JOBSTEP_20150317_001490	
QUEST_JOBSTEP_20150317_001491	
QUEST_JOBSTEP_20150317_001492	
QUEST_JOBSTEP_20150317_001493	
QUEST_JOBSTEP_20150317_001497	
QUEST_JOBSTEP_20150317_001499	
QUEST_JOBSTEP_20150317_001500	
QUEST_JOBSTEP_20150317_001501	Collect the materials that the Cryomancer Master requires
QUEST_JOBSTEP_20150317_001503	Deliver the materials to the Cryomancer Master
QUEST_JOBSTEP_20150317_001504	I have all the materials that the Cryomancer Master requires. Give everything to the Cryomancer Master.
QUEST_JOBSTEP_20150317_001505	
QUEST_JOBSTEP_20150317_001506	
QUEST_JOBSTEP_20150317_001507	
QUEST_JOBSTEP_20150317_001508	
QUEST_JOBSTEP_20150317_001509	Talk to the Cleric Master in Klaipeda.
QUEST_JOBSTEP_20150317_001510	
QUEST_JOBSTEP_20150317_001511	
QUEST_JOBSTEP_20150317_001512	
QUEST_JOBSTEP_20150317_001513	
QUEST_JOBSTEP_20150317_001514	Talk to the Sorcerer Master
QUEST_JOBSTEP_20150317_001515	Find the Sorcerer Master of Fedimian.
QUEST_JOBSTEP_20150317_001516	
QUEST_JOBSTEP_20150317_001517	The Sorcerer Master would only teach magic to me if I win in a duel. Win a duel with the Sorcerer Master in   . 
QUEST_JOBSTEP_20150317_001518	Won the duel with the Sorcerer Master. Talk to the Sorcerer Master again. 
QUEST_JOBSTEP_20150317_001519	
QUEST_JOBSTEP_20150317_001520	Talk to the Necromancer Master
QUEST_JOBSTEP_20150317_001521	Talk to Necromancer Master in Fedimian.
QUEST_JOBSTEP_20150317_001522	Battle against the Necromancer Master
QUEST_JOBSTEP_20150317_001523	The Necromancer Master is a tough person with soul. Win in a duel with the Necromancer Master. 
QUEST_JOBSTEP_20150317_001524	Won the duel with the Necromancer Master. Talk to the Necromancer Master again. 
QUEST_JOBSTEP_20150317_001525	
QUEST_JOBSTEP_20150317_001526	Talk to the Druid Master
QUEST_JOBSTEP_20150317_001527	Find the Druid Master in Fedimian.
QUEST_JOBSTEP_20150317_001528	Duel with the Druid Master
QUEST_JOBSTEP_20150317_001529	
QUEST_JOBSTEP_20150317_001530	
QUEST_JOBSTEP_20150317_001531	
QUEST_JOBSTEP_20150317_001532	Talk to the Linker Master in the Siauliai Miners' Village.
QUEST_JOBSTEP_20150317_001533	Duel with the Linker Master
QUEST_JOBSTEP_20150317_001534	
QUEST_JOBSTEP_20150317_001535	
QUEST_JOBSTEP_20150317_001536	
QUEST_JOBSTEP_20150317_001537	
QUEST_JOBSTEP_20150317_001538	
QUEST_JOBSTEP_20150317_001539	Won the duel with the Hunter Master. Talk to the Hunter Master again. 
QUEST_JOBSTEP_20150317_001540	
QUEST_JOBSTEP_20150317_001541	Talk to the Highlander Master in Klaipeda.
QUEST_JOBSTEP_20150317_001544	Defeated Sparnasman. Talk to the Highlander Master again.
QUEST_JOBSTEP_20150317_001545	Talk to the Peltasta Master in Klaipeda. 
QUEST_JOBSTEP_20150317_001546	Defeat Chapparition
QUEST_JOBSTEP_20150317_001548	Defeated Chapparition. Talk to the Peltasta Master again. 
QUEST_JOBSTEP_20150317_001549	Talk to Master Krivis in Klaipeda.
QUEST_JOBSTEP_20150317_001550	Duel with the Krivis Master
QUEST_JOBSTEP_20150317_001551	
QUEST_JOBSTEP_20150317_001552	Won the duel with the Krivis Master. Talk to the Krivis Master again. 
QUEST_JOBSTEP_20150317_001553	
QUEST_JOBSTEP_20150317_001554	Talk to the Priest Master in Klaipeda. 
QUEST_JOBSTEP_20150317_001555	Duel with the Priest Master
QUEST_JOBSTEP_20150317_001556	
QUEST_JOBSTEP_20150317_001557	Won the duel with the Priest Master. Talk to the Priest Master again. 
QUEST_JOBSTEP_20150317_001558	
QUEST_JOBSTEP_20150317_001559	Find the Swordsman Master in Klaipeda. 
QUEST_JOBSTEP_20150317_001560	Defeat Minotaur on the 3rd floor in the Magician's Tower
QUEST_JOBSTEP_20150317_001561	
QUEST_JOBSTEP_20150317_001562	Defeated Minotaur. Talk to the Swordsman Master again. 
QUEST_JOBSTEP_20150317_001563	Talk to the Centurion Master in Fedimian
QUEST_JOBSTEP_20150317_001564	Find the Centurion Master in Fedimian.
QUEST_JOBSTEP_20150317_001565	Duel with the Centurion Master
QUEST_JOBSTEP_20150317_001566	Prove your skills in a duel with the Centurion Master. Win the duel.
QUEST_JOBSTEP_20150317_001567	Talk to the Centurion Master
QUEST_JOBSTEP_20150317_001568	Won the duel. Talk to the Centurion Master again.  
QUEST_JOBSTEP_20150317_001569	
QUEST_JOBSTEP_20150317_001570	Talk to the Sadhu Master
QUEST_JOBSTEP_20150317_001572	Duel with the Sadhu Master
QUEST_JOBSTEP_20150317_001574	Won the duel with the Sadhu Master. Talk to the Sadhu Master again.
QUEST_JOBSTEP_20150317_001575	
QUEST_JOBSTEP_20150317_001576	Call of the Hackapell Master
QUEST_JOBSTEP_20150317_001577	Look for the Hackapell Master in Femidian. 
QUEST_JOBSTEP_20150317_001578	Duel with the Hackapell Master
QUEST_JOBSTEP_20150317_001579	
QUEST_JOBSTEP_20150317_001580	Talk to the Hackapell Master
QUEST_JOBSTEP_20150317_001581	Won the duel with the Hackapell Master. Talk to the Hackapell Master again. 
QUEST_JOBSTEP_20150317_001582	
QUEST_JOBSTEP_20150317_001583	Talk to the Wugushi Master
QUEST_JOBSTEP_20150317_001585	Duel with the Wugushi Master
QUEST_JOBSTEP_20150317_001587	Won the duel with the Wugushi Master. Talk to the Wugushi Master again. 
QUEST_JOBSTEP_20150317_001588	
QUEST_JOBSTEP_20150317_001590	Enhance the Shield-type equipment to the 6th stage
QUEST_JOBSTEP_20150317_001591	
QUEST_JOBSTEP_20150317_001592	
QUEST_JOBSTEP_20150317_001593	Talk to the Squire Master
QUEST_JOBSTEP_20150317_001594	Find the Squire Master in Femidian. 
QUEST_JOBSTEP_20150317_001595	Prove your skills in a duel with the Squire Master
QUEST_JOBSTEP_20150317_001596	Prove your skills in a duel with the Squire Master
QUEST_JOBSTEP_20150317_001597	Won the duel with the Squire Master. Talk to the Squire Master again.
QUEST_JOBSTEP_20150317_001598	Duel with the Squire Master
QUEST_JOBSTEP_20150317_001599	Talk to the Thaumaturge Master
QUEST_JOBSTEP_20150317_001603	Give to the Thaumaturge Master
QUEST_JOBSTEP_20150317_001604	
QUEST_JOBSTEP_20150317_001612	Talk to the Scout Master
QUEST_JOBSTEP_20150317_001614	Duel with the Scout Master
QUEST_JOBSTEP_20150317_001615	
QUEST_JOBSTEP_20150317_001616	Won the duel with the Scout Master. Talk to the Scout Master again. 
QUEST_JOBSTEP_20150317_001617	Talk to the Paladin Master
QUEST_JOBSTEP_20150317_001620	Report to the Paladin Master
QUEST_JOBSTEP_20150317_001621	Successfully defeated Sparnasman. Report to the Paladin Master.
QUEST_JOBSTEP_20150317_001622	Talk to the Cataphract Master
QUEST_JOBSTEP_20150317_001625	Report to the Cataphract Master
QUEST_JOBSTEP_20150317_001626	Successfully defeated Sparnasman. Report to the Cataphract Master. 
QUEST_JOBSTEP_20150317_001627	Talk to the Priest Master in Klaipeda.
QUEST_JOBSTEP_20150317_001628	
QUEST_JOBSTEP_20150317_001629	
QUEST_JOBSTEP_20150317_001630	
QUEST_JOBSTEP_20150317_001631	
QUEST_JOBSTEP_20150317_001632	Give to the Priest Master
QUEST_JOBSTEP_20150317_001633	
QUEST_JOBSTEP_20150317_001634	Obtained pocket containing Magi
QUEST_JOBSTEP_20150317_001635	Talk to the Krivis Master in Klaipeda.
QUEST_JOBSTEP_20150317_001636	Investigate Krivis Siblings
QUEST_JOBSTEP_20150317_001637	
QUEST_JOBSTEP_20150317_001638	Talk to the Krivis siblings
QUEST_JOBSTEP_20150317_001639	Found the hidden Krivis siblings. Talk to the Krivis Siblings.
QUEST_JOBSTEP_20150317_001640	
QUEST_JOBSTEP_20150317_001641	Talk to the Swordsman Master in Klaipeda
QUEST_JOBSTEP_20150317_001643	
QUEST_JOBSTEP_20150317_001644	Give to the Swordsman Master
QUEST_JOBSTEP_20150317_001645	Collected all Stone Orca's Hearts. Give a Stone Orca's Heart to the Swordsman Master.
QUEST_JOBSTEP_20150317_001646	Obtained Stone Orca's Heart
QUEST_JOBSTEP_20150317_001647	Talk to the Wizard Master in Klaipeda.
QUEST_JOBSTEP_20150317_001648	Defeat Shredded
QUEST_JOBSTEP_20150317_001649	
QUEST_JOBSTEP_20150317_001650	Defeated all Shreddeds. Report back to the Wizard Master.
QUEST_JOBSTEP_20150317_001651	Shredded Obliteration
QUEST_JOBSTEP_20150317_001652	Talk to the Archer Master in Klaipeda.
QUEST_JOBSTEP_20150317_001653	
QUEST_JOBSTEP_20150317_001654	
QUEST_JOBSTEP_20150317_001655	Give to the Archer Master
QUEST_JOBSTEP_20150317_001656	
QUEST_JOBSTEP_20150317_001657	
QUEST_JOBSTEP_20150317_001658	Talk to the Cleric Master in Klaipeda.
QUEST_JOBSTEP_20150317_001659	
QUEST_JOBSTEP_20150317_001660	
QUEST_JOBSTEP_20150317_001661	Give to the Cleric Master
QUEST_JOBSTEP_20150317_001662	
QUEST_JOBSTEP_20150317_001663	
QUEST_JOBSTEP_20150317_001664	
QUEST_JOBSTEP_20150317_001665	Krivi siblings found. Please try to talk to Kuriboi brother to return safely, clean non-siblings.
QUEST_JOBSTEP_20150317_001666	
QUEST_JOBSTEP_20150317_001667	
QUEST_JOBSTEP_20150317_001668	Visit the Swordsman Master
QUEST_JOBSTEP_20150317_001669	Find the Swordsman Master in Klaipeda.
QUEST_JOBSTEP_20150317_001670	
QUEST_JOBSTEP_20150317_001671	
QUEST_JOBSTEP_20150317_001672	
QUEST_JOBSTEP_20150317_001673	Visit the Highlander Master
QUEST_JOBSTEP_20150317_001674	Find the Highlander Master in Klaipeda.
QUEST_JOBSTEP_20150317_001675	Find the Peltasta Master
QUEST_JOBSTEP_20150317_001676	
QUEST_JOBSTEP_20150317_001677	
QUEST_JOBSTEP_20150317_001678	Visit Knight Commander Uska
QUEST_JOBSTEP_20150317_001679	
QUEST_JOBSTEP_20150317_001680	
QUEST_JOBSTEP_20150317_001681	
QUEST_JOBSTEP_20150317_001682	
QUEST_JOBSTEP_20150317_001683	Report to Knight Commander Uska
QUEST_JOBSTEP_20150317_001684	
QUEST_JOBSTEP_20150317_001685	
QUEST_JOBSTEP_20150317_001686	Return to the Highlander Master
QUEST_JOBSTEP_20150317_001687	Completed the request of Knight Commander Uska. Return to the Highlander Master.
QUEST_JOBSTEP_20150317_001688	Visit the Peltasta Master
QUEST_JOBSTEP_20150317_001689	Find the Peltasta Master in Klaipeda.
QUEST_JOBSTEP_20150317_001690	Visit Highlander Master
QUEST_JOBSTEP_20150317_001691	
QUEST_JOBSTEP_20150317_001692	Talk to the Highlander Master
QUEST_JOBSTEP_20150317_001693	
QUEST_JOBSTEP_20150317_001694	Visit the Fletcher Master
QUEST_JOBSTEP_20150317_001696	Talk to the Fletcher Master
QUEST_JOBSTEP_20150317_001697	
QUEST_JOBSTEP_20150317_001700	Report to the Fletcher Master
QUEST_JOBSTEP_20150317_001701	
QUEST_JOBSTEP_20150317_001702	
QUEST_JOBSTEP_20150317_001703	Report to the Peltasta Master
QUEST_JOBSTEP_20150317_001704	
QUEST_JOBSTEP_20150317_001705	Visit the Corsair Master
QUEST_JOBSTEP_20150317_001707	Return goods of the Corsair Master
QUEST_JOBSTEP_20150317_001709	Give to the Corsair Master
QUEST_JOBSTEP_20150317_001710	Found all the goods of the Corsair Master. Report back to the Corsair Master.
QUEST_JOBSTEP_20150317_001711	
QUEST_JOBSTEP_20150317_001712	
QUEST_JOBSTEP_20150317_001713	Find Contract
QUEST_JOBSTEP_20150317_001714	Find Rodelero Master
QUEST_JOBSTEP_20150317_001716	Duel with the Rodelero Master
QUEST_JOBSTEP_20150317_001717	
QUEST_JOBSTEP_20150317_001718	
QUEST_JOBSTEP_20150317_001719	
QUEST_JOBSTEP_20150317_001720	Visit the Archer Master
QUEST_JOBSTEP_20150317_001721	Talk to the Archer Master in Klaipeda.
QUEST_JOBSTEP_20150317_001724	
QUEST_JOBSTEP_20150317_001725	
QUEST_JOBSTEP_20150317_001726	
QUEST_JOBSTEP_20150317_001727	Give to the Fletcher Master
QUEST_JOBSTEP_20150317_001728	
QUEST_JOBSTEP_20150317_001729	
QUEST_JOBSTEP_20150317_001730	
QUEST_JOBSTEP_20150317_001731	Visit the Ranger Master
QUEST_JOBSTEP_20150317_001732	Find the Ranger Master in Klaipeda.
QUEST_JOBSTEP_20150317_001733	
QUEST_JOBSTEP_20150317_001734	
QUEST_JOBSTEP_20150317_001735	Give to the Ranger Master
QUEST_JOBSTEP_20150317_001736	
QUEST_JOBSTEP_20150317_001737	
QUEST_JOBSTEP_20150317_001738	Visit the Sapper Master
QUEST_JOBSTEP_20150317_001739	Find the Sapper Master in West Siauliai Woods
QUEST_JOBSTEP_20150317_001742	Defeated Vitteregina. Report to the Sapper Master.
QUEST_JOBSTEP_20150317_001744	
QUEST_JOBSTEP_20150317_001746	
QUEST_JOBSTEP_20150317_001747	Visit the Hunter Master
QUEST_JOBSTEP_20150317_001748	Find the Hunter Master in West Siauliai Woods.
QUEST_JOBSTEP_20150317_001751	Report to the Hunter Master
QUEST_JOBSTEP_20150317_001752	Successfully hunted all monsters. Report back to the Hunter Master.
QUEST_JOBSTEP_20150317_001756	Visit the Wugushi Master
QUEST_JOBSTEP_20150317_001760	Give to the Wugushi Master
QUEST_JOBSTEP_20150317_001761	Collected the right amount required for the synethetic poison. Give to the Wugushi Master.
QUEST_JOBSTEP_20150317_001762	
QUEST_JOBSTEP_20150317_001763	Visit the Scout Master
QUEST_JOBSTEP_20150317_001767	Report to the Scout Master
QUEST_JOBSTEP_20150317_001768	Found the hidden monster. Report back to the Scout Master.
QUEST_JOBSTEP_20150317_001770	Visit the Quarrelshooter Master
QUEST_JOBSTEP_20150317_001771	
QUEST_JOBSTEP_20150317_001772	
QUEST_JOBSTEP_20150317_001773	Give to the Quarrelshooter Master
QUEST_JOBSTEP_20150317_001774	
QUEST_JOBSTEP_20150317_001775	Visit the Rogue Master
QUEST_JOBSTEP_20150317_001776	Find the Rogue Master in Fedimian.
QUEST_JOBSTEP_20150317_001779	Report to the Rogue Master
QUEST_JOBSTEP_20150317_001780	Passed all the tests that the Rogue Master prepared. Report back to the Rogue Master. 
QUEST_JOBSTEP_20150317_001781	Visit Hoplite Master
QUEST_JOBSTEP_20150317_001782	Find the Hoplite Master in East Siauliai Woods.
QUEST_JOBSTEP_20150317_001785	Report to the Hoplite Master
QUEST_JOBSTEP_20150317_001786	Successfully defeated Shadowgaoler. Report back to the Hoplite Master. 
QUEST_JOBSTEP_20150317_001787	Defeat Shadowgaoler
QUEST_JOBSTEP_20150317_001788	Visit the Barbarian Master
QUEST_JOBSTEP_20150317_001789	Talk to the Barbarian Master in West Siauliai Woods.
QUEST_JOBSTEP_20150317_001792	Report to the Barbarian Master
QUEST_JOBSTEP_20150317_001793	Successfully defeated Yekub. Report back to the Barbarian Master. 
QUEST_JOBSTEP_20150317_001794	Defeat Yekub
QUEST_JOBSTEP_20150317_001795	Visit the Squire Master
QUEST_JOBSTEP_20150317_001796	Talk to the Squire Master in Fedimian.
QUEST_JOBSTEP_20150317_001797	
QUEST_JOBSTEP_20150317_001799	Return to the Squire Master
QUEST_JOBSTEP_20150317_001800	
QUEST_JOBSTEP_20150317_001801	Visit the Centurion Master
QUEST_JOBSTEP_20150317_001802	Find the Centurion Master in Way of Big Starving Demon.
QUEST_JOBSTEP_20150317_001805	Return to the Centurion Master
QUEST_JOBSTEP_20150317_001806	Successfully defeated Colimencia. Report to the Centurion Master.
QUEST_JOBSTEP_20150317_001807	Defeat Colimencia
QUEST_JOBSTEP_20150317_001808	Call of the Archer Master
QUEST_JOBSTEP_20150317_001809	Look for the Archer Master in Klaipeda.
QUEST_JOBSTEP_20150317_001810	
QUEST_JOBSTEP_20150317_001811	
QUEST_JOBSTEP_20150317_001812	
QUEST_JOBSTEP_20150317_001813	
QUEST_JOBSTEP_20150317_001814	Call of Master Ranger
QUEST_JOBSTEP_20150317_001815	
QUEST_JOBSTEP_20150317_001818	
QUEST_JOBSTEP_20150317_001819	
QUEST_JOBSTEP_20150317_001820	Call of Master Quarrelshooter
QUEST_JOBSTEP_20150317_001821	
QUEST_JOBSTEP_20150317_001822	
QUEST_JOBSTEP_20150317_001823	
QUEST_JOBSTEP_20150317_001824	Report to Master Quarrelshooter
QUEST_JOBSTEP_20150317_001825	
QUEST_JOBSTEP_20150317_001826	
QUEST_JOBSTEP_20150317_001827	Call of the Sapper Master
QUEST_JOBSTEP_20150317_001828	Master Sapper in East Siauliai Woods is looking for you.
QUEST_JOBSTEP_20150317_001829	
QUEST_JOBSTEP_20150317_001830	
QUEST_JOBSTEP_20150317_001831	
QUEST_JOBSTEP_20150317_001832	
QUEST_JOBSTEP_20150317_001833	Call of the Hunter Master
QUEST_JOBSTEP_20150317_001834	Look for the Hunter Master in West Siauliai Woods.
QUEST_JOBSTEP_20150317_001837	Give to Hunter Master
QUEST_JOBSTEP_20150317_001838	
QUEST_JOBSTEP_20150317_001839	
QUEST_JOBSTEP_20150317_001840	Call of the Wugushi Master
QUEST_JOBSTEP_20150317_001844	Report to the Wugushi Master
QUEST_JOBSTEP_20150317_001845	Successfully defeated Rajatoad. Report back to the Wugushi Master. 
QUEST_JOBSTEP_20150317_001846	Call of the Scout Master
QUEST_JOBSTEP_20150317_001850	Report to the Scout Master
QUEST_JOBSTEP_20150317_001851	Successfully defeated Deadbone. Report back to the Scout Master.
QUEST_JOBSTEP_20150317_001852	Call of the Rogue Master
QUEST_JOBSTEP_20150317_001853	Find the Rogue Master in Fedimian. 
QUEST_JOBSTEP_20150317_001854	Duel with the Rogue Master
QUEST_JOBSTEP_20150317_001855	Prove your skills in a duel with the Rogue Master. Win the duel in   .
QUEST_JOBSTEP_20150317_001856	Talk to the Rogue Master
QUEST_JOBSTEP_20150317_001857	Won the duel with the Rogue Master. Talk to the Rogue Master again. 
QUEST_JOBSTEP_20150317_001858	Defeat Rogue Master
QUEST_JOBSTEP_20150317_001859	Call of the Fletcher Master
QUEST_JOBSTEP_20150317_001864	
QUEST_JOBSTEP_20150317_001866	Call of Schwarzer Reiter Master
QUEST_JOBSTEP_20150317_001873	Visit the Cleric Master
QUEST_JOBSTEP_20150317_001874	Find the Cleric Master in Klaipeda and talk to him/her.
QUEST_JOBSTEP_20150317_001877	Return to the Cleric Master
QUEST_JOBSTEP_20150317_001878	
QUEST_JOBSTEP_20150317_001879	
QUEST_JOBSTEP_20150317_001880	
QUEST_JOBSTEP_20150317_001881	
QUEST_JOBSTEP_20150317_001882	Give to Krivis Master
QUEST_JOBSTEP_20150317_001883	
QUEST_JOBSTEP_20150317_001884	
QUEST_JOBSTEP_20150317_001885	
QUEST_JOBSTEP_20150317_001886	Talk to the Priest Master in Klaipeda.
QUEST_JOBSTEP_20150317_001887	
QUEST_JOBSTEP_20150317_001888	
QUEST_JOBSTEP_20150317_001889	
QUEST_JOBSTEP_20150317_001890	
QUEST_JOBSTEP_20150317_001893	
QUEST_JOBSTEP_20150317_001894	
QUEST_JOBSTEP_20150317_001895	
QUEST_JOBSTEP_20150317_001897	
QUEST_JOBSTEP_20150317_001898	
QUEST_JOBSTEP_20150317_001899	
QUEST_JOBSTEP_20150317_001900	
QUEST_JOBSTEP_20150317_001901	Obtain %s by defeating Green Wood Spirit
QUEST_JOBSTEP_20150317_001902	Find materials
QUEST_JOBSTEP_20150317_001913	Talk to the Monk Master
QUEST_JOBSTEP_20150317_001917	Give to the Monk Master
QUEST_JOBSTEP_20150317_001921	Talk to the Pardoner Master
QUEST_JOBSTEP_20150317_001923	
QUEST_JOBSTEP_20150317_001925	Give to the Pardoner Master
QUEST_JOBSTEP_20150317_001926	Recovered the lost cash. Give it to the Pardoner Master.
QUEST_JOBSTEP_20150317_001928	Call of the Oracle Master
QUEST_JOBSTEP_20150317_001930	Duel with the Oracle Master
QUEST_JOBSTEP_20150317_001932	Talk to the Oracle Master
QUEST_JOBSTEP_20150317_001933	Won the duel with the Oracle Master. Talk to the Oracle Master again.
QUEST_JOBSTEP_20150317_001934	Receive  from the Oracle Master
QUEST_JOBSTEP_20150317_001935	Find the Bokor Master in Klaipeda.
QUEST_JOBSTEP_20150317_001936	Craft Bokor Puppet
QUEST_JOBSTEP_20150317_001938	Press the key after Rest Mode
QUEST_JOBSTEP_20150317_001940	Report to the Bokor Master
QUEST_JOBSTEP_20150317_001941	The puppet has been completed. Report to the Bokor Master.
QUEST_JOBSTEP_20150317_001942	
QUEST_JOBSTEP_20150317_001943	Find the Peltasta Master in Klaipeda.
QUEST_JOBSTEP_20150317_001944	Defeat the Vubbes on the 1st floor in the Crystal Mine
QUEST_JOBSTEP_20150317_001945	To become a Peltasta, you need to fulfill an eligiblity test. Defeat the Vubbes who raided the 1st floor in the Crystal Mine.
QUEST_JOBSTEP_20150317_001946	Defeated all the Vubbes. Please report back to the Peltasta master.
QUEST_JOBSTEP_20150317_001947	Defeat the Vubbes on the 1st floor in the Crystal Mine
QUEST_JOBSTEP_20150317_001948	To become a Highlander, you need to fulfill an eligiblity test. Defeat the Vubbes who raided the 1st floor in the Crystal Mine.
QUEST_JOBSTEP_20150317_001949	Defeated all the Vubbes. Please report back to the Highlander Master.
QUEST_JOBSTEP_20150317_001950	Defeat the Vubbes on the 1st floor in the Crystal Mine
QUEST_JOBSTEP_20150317_001951	Talk to the Pyromancer in Klaipeda. 
QUEST_JOBSTEP_20150317_001952	Research support of Bokor Master
QUEST_JOBSTEP_20150317_001953	
QUEST_JOBSTEP_20150317_001954	
QUEST_JOBSTEP_20150317_001956	Talk to the Cryomancer Master in Klaipeda.
QUEST_JOBSTEP_20150317_001957	Open the box from the Pyromancer Master
QUEST_JOBSTEP_20150317_001958	
QUEST_JOBSTEP_20150317_001959	Report to the Cryomancer Master
QUEST_JOBSTEP_20150317_001960	Successfully opened the box from the Pyromancer Master. Report back to the Cryomancer Master.
QUEST_JOBSTEP_20150317_001961	Defeat Guardian of Contract
QUEST_JOBSTEP_20150317_001962	Find the Cleric Master in Klaipeda. 
QUEST_JOBSTEP_20150317_001963	
QUEST_JOBSTEP_20150317_001964	
QUEST_JOBSTEP_20150317_001965	
QUEST_JOBSTEP_20150317_001966	
QUEST_JOBSTEP_20150317_001967	
QUEST_JOBSTEP_20150317_001968	
QUEST_JOBSTEP_20150317_001969	
QUEST_JOBSTEP_20150317_001970	
QUEST_JOBSTEP_20150317_001971	Meet Master Krivi
QUEST_JOBSTEP_20150317_001972	
QUEST_JOBSTEP_20150317_001973	Meet Master Priest
QUEST_JOBSTEP_20150317_001974	
QUEST_JOBSTEP_20150317_001975	
QUEST_JOBSTEP_20150317_001976	
QUEST_JOBSTEP_20150317_001977	
QUEST_JOBSTEP_20150317_001978	Meet Master Cleric
QUEST_JOBSTEP_20150317_001979	
QUEST_JOBSTEP_20150317_001980	
QUEST_JOBSTEP_20150317_001981	
QUEST_JOBSTEP_20150317_001982	Reported to Master Krivi
QUEST_JOBSTEP_20150317_001983	
QUEST_JOBSTEP_20150317_001984	
QUEST_JOBSTEP_20150317_001985	
QUEST_JOBSTEP_20150317_001986	
QUEST_JOBSTEP_20150317_001987	
QUEST_JOBSTEP_20150317_001988	
QUEST_JOBSTEP_20150317_001989	
QUEST_JOBSTEP_20150317_001990	
QUEST_JOBSTEP_20150317_001991	
QUEST_JOBSTEP_20150317_001992	
QUEST_JOBSTEP_20150317_001993	
QUEST_JOBSTEP_20150317_001994	
QUEST_JOBSTEP_20150317_001995	
QUEST_JOBSTEP_20150317_001996	
QUEST_JOBSTEP_20150317_001997	
QUEST_JOBSTEP_20150317_001998	
QUEST_JOBSTEP_20150317_001999	
QUEST_JOBSTEP_20150317_002000	
QUEST_JOBSTEP_20150317_002002	
QUEST_JOBSTEP_20150317_002003	
QUEST_JOBSTEP_20150317_002004	
QUEST_JOBSTEP_20150317_002005	
QUEST_JOBSTEP_20150317_002006	
QUEST_JOBSTEP_20150317_002007	
QUEST_JOBSTEP_20150317_002008	
QUEST_JOBSTEP_20150317_002009	
QUEST_JOBSTEP_20150317_002010	
QUEST_JOBSTEP_20150317_002011	
QUEST_JOBSTEP_20150317_002012	
QUEST_JOBSTEP_20150317_002013	
QUEST_JOBSTEP_20150317_002014	
QUEST_JOBSTEP_20150317_002015	
QUEST_JOBSTEP_20150317_002016	
QUEST_JOBSTEP_20150317_002017	
QUEST_JOBSTEP_20150317_002018	Meet Sadu master
QUEST_JOBSTEP_20150317_002022	Report to Sadu master
QUEST_JOBSTEP_20150317_002025	
QUEST_JOBSTEP_20150317_002026	
QUEST_JOBSTEP_20150317_002027	
QUEST_JOBSTEP_20150317_002028	
QUEST_JOBSTEP_20150317_002029	
QUEST_JOBSTEP_20150317_002030	
QUEST_JOBSTEP_20150317_002032	
QUEST_JOBSTEP_20150317_002033	
QUEST_JOBSTEP_20150317_002034	
QUEST_JOBSTEP_20150317_002035	
QUEST_JOBSTEP_20150317_002036	
QUEST_JOBSTEP_20150317_002037	Go to see marketers Fedimian equipment
QUEST_JOBSTEP_20150317_002038	
QUEST_JOBSTEP_20150317_002039	
QUEST_JOBSTEP_20150317_002040	
QUEST_JOBSTEP_20150317_002041	
QUEST_JOBSTEP_20150317_002043	
QUEST_JOBSTEP_20150317_002044	
QUEST_JOBSTEP_20150317_002045	
QUEST_JOBSTEP_20150317_002046	
QUEST_JOBSTEP_20150317_002047	
QUEST_JOBSTEP_20150317_002050	
QUEST_JOBSTEP_20150317_002051	
QUEST_JOBSTEP_20150317_002054	Talk to wizard master in Kalipeda.
QUEST_JOBSTEP_20150317_002055	
QUEST_JOBSTEP_20150317_002056	
QUEST_JOBSTEP_20150317_002057	
QUEST_JOBSTEP_20150317_002060	
QUEST_JOBSTEP_20150317_002061	
QUEST_JOBSTEP_20150317_002062	Get rid of the Poatas in Siauliai Eastern Woods
QUEST_JOBSTEP_20150317_002063	
QUEST_JOBSTEP_20150317_002064	
QUEST_JOBSTEP_20150317_002065	
QUEST_JOBSTEP_20150317_002066	
QUEST_JOBSTEP_20150317_002067	
QUEST_JOBSTEP_20150317_002068	Talk to Psychokino master in the town of Shaururei mine.
QUEST_JOBSTEP_20150317_002069	
QUEST_JOBSTEP_20150317_002070	
QUEST_JOBSTEP_20150317_002071	Report to Psychokino master
QUEST_JOBSTEP_20150317_002072	
QUEST_JOBSTEP_20150317_002073	
QUEST_JOBSTEP_20150317_002074	
QUEST_JOBSTEP_20150317_002075	
QUEST_JOBSTEP_20150317_002076	
QUEST_JOBSTEP_20150317_002077	
QUEST_JOBSTEP_20150317_002078	
QUEST_JOBSTEP_20150317_002079	
QUEST_JOBSTEP_20150317_002080	
QUEST_JOBSTEP_20150317_002081	
QUEST_JOBSTEP_20150317_002082	
QUEST_JOBSTEP_20150317_002083	
QUEST_JOBSTEP_20150317_002090	
QUEST_JOBSTEP_20150317_002091	
QUEST_JOBSTEP_20150317_002098	
QUEST_JOBSTEP_20150317_002101	
QUEST_JOBSTEP_20150317_002102	
QUEST_JOBSTEP_20150317_002105	
QUEST_JOBSTEP_20150317_002106	
QUEST_JOBSTEP_20150317_002107	Go find Master Highlander in Klaipeda.
QUEST_JOBSTEP_20150317_002109	
QUEST_JOBSTEP_20150317_002111	
QUEST_JOBSTEP_20150317_002112	Go to MAster Barbarian in Siauliai Eastern Woods.
QUEST_JOBSTEP_20150317_002115	
QUEST_JOBSTEP_20150317_002118	
QUEST_JOBSTEP_20150317_002121	
QUEST_JOBSTEP_20150317_002122	
QUEST_JOBSTEP_20150317_002123	
QUEST_JOBSTEP_20150317_002125	
QUEST_JOBSTEP_20150317_002126	
QUEST_JOBSTEP_20150317_002127	
QUEST_JOBSTEP_20150317_002128	
QUEST_JOBSTEP_20150317_002131	
QUEST_JOBSTEP_20150317_002132	
QUEST_JOBSTEP_20150317_002133	
QUEST_JOBSTEP_20150317_002136	Report to Doppelsoeldner master
QUEST_JOBSTEP_20150317_002137	
QUEST_JOBSTEP_20150317_002138	
QUEST_JOBSTEP_20150317_002142	Report to Cronomancer master
QUEST_JOBSTEP_20150317_002143	
QUEST_JOBSTEP_20150317_002144	
QUEST_JOBSTEP_20150317_002145	
QUEST_JOBSTEP_20150317_002146	Get rid of the Ironbaum in Siauliai Eastern Woods
QUEST_JOBSTEP_20150317_002147	
QUEST_JOBSTEP_20150317_002148	
QUEST_JOBSTEP_20150317_002149	Meet Master Pyromancer
QUEST_JOBSTEP_20150317_002150	
QUEST_JOBSTEP_20150317_002151	
QUEST_JOBSTEP_20150317_002152	
QUEST_JOBSTEP_20150317_002153	Meet the Master Cryomancer
QUEST_JOBSTEP_20150317_002154	
QUEST_JOBSTEP_20150317_002155	
QUEST_JOBSTEP_20150317_002156	
QUEST_JOBSTEP_20150317_002157	Meet Psychokino master
QUEST_JOBSTEP_20150317_002158	
QUEST_JOBSTEP_20150317_002159	
QUEST_JOBSTEP_20150317_002160	
QUEST_JOBSTEP_20150317_002161	
QUEST_JOBSTEP_20150317_002162	
QUEST_JOBSTEP_20150317_002163	
QUEST_JOBSTEP_20150317_002164	Get rid of the Werewolf in Siaulai Miner's Village
QUEST_JOBSTEP_20150317_002165	
QUEST_JOBSTEP_20150317_002166	
QUEST_JOBSTEP_20150317_002167	
QUEST_JOBSTEP_20150317_002171	
QUEST_JOBSTEP_20150317_002177	
QUEST_JOBSTEP_20150317_002179	
QUEST_JOBSTEP_20150317_002180	
QUEST_JOBSTEP_20150317_002181	Meet Cronomancer master
QUEST_JOBSTEP_20150317_002183	
QUEST_JOBSTEP_20150317_002184	
QUEST_JOBSTEP_20150317_002185	Meet Vaidotas
QUEST_JOBSTEP_20150317_002186	Find Vaidotas in Siauliai Miner's Village.
QUEST_JOBSTEP_20150317_002187	Vaidotas says learning is not difficult but you have to be qualified for it. Kill the Werewolf in Siauliai Miner's Village to prove yourself.
QUEST_JOBSTEP_20150317_002188	Report to Vaidotas
QUEST_JOBSTEP_20150317_002189	You defeated the Werewolf. Report back to Vaidotas.
QUEST_JOBSTEP_20150317_002190	
QUEST_JOBSTEP_20150317_002191	
QUEST_JOBSTEP_20150317_002192	
QUEST_JOBSTEP_20150317_002193	
QUEST_JOBSTEP_20150317_002194	
QUEST_JOBSTEP_20150317_002195	
QUEST_JOBSTEP_20150317_002196	
QUEST_JOBSTEP_20150317_002197	
QUEST_JOBSTEP_20150317_002198	
QUEST_JOBSTEP_20150317_002199	
QUEST_JOBSTEP_20150323_002200	
QUEST_JOBSTEP_20150323_002201	
QUEST_JOBSTEP_20150323_002202	
QUEST_JOBSTEP_20150323_002203	
QUEST_JOBSTEP_20150323_002204	
QUEST_JOBSTEP_20150323_002205	
QUEST_JOBSTEP_20150323_002206	
QUEST_JOBSTEP_20150323_002207	
QUEST_JOBSTEP_20150323_002208	
QUEST_JOBSTEP_20150323_002209	
QUEST_JOBSTEP_20150323_002210	
QUEST_JOBSTEP_20150323_002211	
QUEST_JOBSTEP_20150323_002212	
QUEST_JOBSTEP_20150323_002213	
QUEST_JOBSTEP_20150323_002214	
QUEST_JOBSTEP_20150323_002215	
QUEST_JOBSTEP_20150323_002216	
QUEST_JOBSTEP_20150323_002217	
QUEST_JOBSTEP_20150323_002218	
QUEST_JOBSTEP_20150323_002219	
QUEST_JOBSTEP_20150323_002220	
QUEST_JOBSTEP_20150323_002222	
QUEST_JOBSTEP_20150323_002223	
QUEST_JOBSTEP_20150323_002224	
QUEST_JOBSTEP_20150323_002225	
QUEST_JOBSTEP_20150323_002226	
QUEST_JOBSTEP_20150323_002227	
QUEST_JOBSTEP_20150323_002228	
QUEST_JOBSTEP_20150323_002229	
QUEST_JOBSTEP_20150323_002230	
QUEST_JOBSTEP_20150323_002231	
QUEST_JOBSTEP_20150323_002232	
QUEST_JOBSTEP_20150323_002233	
QUEST_JOBSTEP_20150323_002234	
QUEST_JOBSTEP_20150323_002235	
QUEST_JOBSTEP_20150323_002236	
QUEST_JOBSTEP_20150323_002237	
QUEST_JOBSTEP_20150323_002238	
QUEST_JOBSTEP_20150323_002239	
QUEST_JOBSTEP_20150323_002241	
QUEST_JOBSTEP_20150323_002242	
QUEST_JOBSTEP_20150323_002243	
QUEST_JOBSTEP_20150323_002245	
QUEST_JOBSTEP_20150323_002246	
QUEST_JOBSTEP_20150323_002247	
QUEST_JOBSTEP_20150323_002248	
QUEST_JOBSTEP_20150323_002250	
QUEST_JOBSTEP_20150323_002251	
QUEST_JOBSTEP_20150323_002252	
QUEST_JOBSTEP_20150323_002253	
QUEST_JOBSTEP_20150323_002254	
QUEST_JOBSTEP_20150323_002255	
QUEST_JOBSTEP_20150323_002256	
QUEST_JOBSTEP_20150323_002257	
QUEST_JOBSTEP_20150323_002258	
QUEST_JOBSTEP_20150323_002259	
QUEST_JOBSTEP_20150323_002260	
QUEST_JOBSTEP_20150323_002261	
QUEST_JOBSTEP_20150323_002262	
QUEST_JOBSTEP_20150323_002263	
QUEST_JOBSTEP_20150323_002265	
QUEST_JOBSTEP_20150323_002266	
QUEST_JOBSTEP_20150323_002267	
QUEST_JOBSTEP_20150323_002268	
QUEST_JOBSTEP_20150323_002269	
QUEST_JOBSTEP_20150323_002270	
QUEST_JOBSTEP_20150323_002271	
QUEST_JOBSTEP_20150323_002272	
QUEST_JOBSTEP_20150323_002273	
QUEST_JOBSTEP_20150323_002274	
QUEST_JOBSTEP_20150323_002275	
QUEST_JOBSTEP_20150323_002276	
QUEST_JOBSTEP_20150323_002277	
QUEST_JOBSTEP_20150323_002278	
QUEST_JOBSTEP_20150323_002279	
QUEST_JOBSTEP_20150323_002280	
QUEST_JOBSTEP_20150323_002281	
QUEST_JOBSTEP_20150323_002282	
QUEST_JOBSTEP_20150323_002283	
QUEST_JOBSTEP_20150323_002284	
QUEST_JOBSTEP_20150323_002285	
QUEST_JOBSTEP_20150323_002286	
QUEST_JOBSTEP_20150323_002287	
QUEST_JOBSTEP_20150323_002288	
QUEST_JOBSTEP_20150323_002289	
QUEST_JOBSTEP_20150323_002290	
QUEST_JOBSTEP_20150323_002291	
QUEST_JOBSTEP_20150323_002293	
QUEST_JOBSTEP_20150323_002294	
QUEST_JOBSTEP_20150323_002295	
QUEST_JOBSTEP_20150323_002296	
QUEST_JOBSTEP_20150323_002297	
QUEST_JOBSTEP_20150323_002298	
QUEST_JOBSTEP_20150323_002299	
QUEST_JOBSTEP_20150323_002300	
QUEST_JOBSTEP_20150323_002301	
QUEST_JOBSTEP_20150323_002302	
QUEST_JOBSTEP_20150323_002303	
QUEST_JOBSTEP_20150323_002304	
QUEST_JOBSTEP_20150323_002306	
QUEST_JOBSTEP_20150323_002307	
QUEST_JOBSTEP_20150323_002308	
QUEST_JOBSTEP_20150323_002309	
QUEST_JOBSTEP_20150323_002310	
QUEST_JOBSTEP_20150323_002312	
QUEST_JOBSTEP_20150323_002313	
QUEST_JOBSTEP_20150323_002314	
QUEST_JOBSTEP_20150323_002315	
QUEST_JOBSTEP_20150323_002316	
QUEST_JOBSTEP_20150323_002317	
QUEST_JOBSTEP_20150323_002318	
QUEST_JOBSTEP_20150323_002319	
QUEST_JOBSTEP_20150323_002320	
QUEST_JOBSTEP_20150323_002321	
QUEST_JOBSTEP_20150323_002322	
QUEST_JOBSTEP_20150323_002323	
QUEST_JOBSTEP_20150323_002324	
QUEST_JOBSTEP_20150323_002325	
QUEST_JOBSTEP_20150323_002326	
QUEST_JOBSTEP_20150323_002327	
QUEST_JOBSTEP_20150323_002328	
QUEST_JOBSTEP_20150323_002329	
QUEST_JOBSTEP_20150323_002330	
QUEST_JOBSTEP_20150323_002331	
QUEST_JOBSTEP_20150323_002332	
QUEST_JOBSTEP_20150323_002333	
QUEST_JOBSTEP_20150323_002334	
QUEST_JOBSTEP_20150323_002335	
QUEST_JOBSTEP_20150323_002336	
QUEST_JOBSTEP_20150323_002337	
QUEST_JOBSTEP_20150323_002338	
QUEST_JOBSTEP_20150323_002339	
QUEST_JOBSTEP_20150323_002340	
QUEST_JOBSTEP_20150323_002341	
QUEST_JOBSTEP_20150323_002342	
QUEST_JOBSTEP_20150323_002343	
QUEST_JOBSTEP_20150323_002344	
QUEST_JOBSTEP_20150323_002345	
QUEST_JOBSTEP_20150323_002346	
QUEST_JOBSTEP_20150323_002347	
QUEST_JOBSTEP_20150323_002348	
QUEST_JOBSTEP_20150323_002350	
QUEST_JOBSTEP_20150323_002351	
QUEST_JOBSTEP_20150323_002352	
QUEST_JOBSTEP_20150323_002353	
QUEST_JOBSTEP_20150323_002355	
QUEST_JOBSTEP_20150323_002356	
QUEST_JOBSTEP_20150323_002357	
QUEST_JOBSTEP_20150323_002358	
QUEST_JOBSTEP_20150323_002359	
QUEST_JOBSTEP_20150323_002360	
QUEST_JOBSTEP_20150323_002361	
QUEST_JOBSTEP_20150323_002362	
QUEST_JOBSTEP_20150323_002364	
QUEST_JOBSTEP_20150323_002365	
QUEST_JOBSTEP_20150323_002366	
QUEST_JOBSTEP_20150323_002367	
QUEST_JOBSTEP_20150323_002368	
QUEST_JOBSTEP_20150323_002369	
QUEST_JOBSTEP_20150323_002370	
QUEST_JOBSTEP_20150323_002371	
QUEST_JOBSTEP_20150323_002372	
QUEST_JOBSTEP_20150323_002373	
QUEST_JOBSTEP_20150323_002374	
QUEST_JOBSTEP_20150323_002375	
QUEST_JOBSTEP_20150323_002376	
QUEST_JOBSTEP_20150323_002377	
QUEST_JOBSTEP_20150323_002378	
QUEST_JOBSTEP_20150323_002379	
QUEST_JOBSTEP_20150323_002380	
QUEST_JOBSTEP_20150323_002381	
QUEST_JOBSTEP_20150323_002382	
QUEST_JOBSTEP_20150323_002383	
QUEST_JOBSTEP_20150323_002384	
QUEST_JOBSTEP_20150323_002385	
QUEST_JOBSTEP_20150323_002386	
QUEST_JOBSTEP_20150323_002387	
QUEST_JOBSTEP_20150323_002388	
QUEST_JOBSTEP_20150323_002389	
QUEST_JOBSTEP_20150323_002390	
QUEST_JOBSTEP_20150323_002391	
QUEST_JOBSTEP_20150323_002392	
QUEST_JOBSTEP_20150323_002393	
QUEST_JOBSTEP_20150323_002394	
QUEST_JOBSTEP_20150323_002395	
QUEST_JOBSTEP_20150323_002396	
QUEST_JOBSTEP_20150323_002397	
QUEST_JOBSTEP_20150323_002398	Talk to the Rodelero Master in Gateway of Great King.
QUEST_JOBSTEP_20150323_002399	Talk to the Thaumaturge Master in Overlong Bridge Valley.
QUEST_JOBSTEP_20150323_002400	Collect material for your magic search in Ramstis Ridge
QUEST_JOBSTEP_20150323_002401	
QUEST_JOBSTEP_20150323_002402	
QUEST_JOBSTEP_20150323_002403	
QUEST_JOBSTEP_20150323_002404	
QUEST_JOBSTEP_20150323_002405	
QUEST_JOBSTEP_20150323_002406	
QUEST_JOBSTEP_20150323_002407	
QUEST_JOBSTEP_20150323_002408	
QUEST_JOBSTEP_20150323_002409	
QUEST_JOBSTEP_20150323_002410	
QUEST_JOBSTEP_20150323_002411	
QUEST_JOBSTEP_20150323_002412	
QUEST_JOBSTEP_20150323_002413	Defeat Moa in the Fedimian Suburbs
QUEST_JOBSTEP_20150323_002414	
QUEST_JOBSTEP_20150323_002415	Find the Corsair Master in Akmens Ridge.
QUEST_JOBSTEP_20150323_002416	
QUEST_JOBSTEP_20150323_002417	
QUEST_JOBSTEP_20150323_002418	
QUEST_JOBSTEP_20150323_002419	
QUEST_JOBSTEP_20150323_002420	
QUEST_JOBSTEP_20150323_002421	
QUEST_JOBSTEP_20150323_002422	
QUEST_JOBSTEP_20150323_002424	
QUEST_JOBSTEP_20150323_002425	
QUEST_JOBSTEP_20150323_002426	
QUEST_JOBSTEP_20150323_002427	
QUEST_JOBSTEP_20150323_002428	
QUEST_JOBSTEP_20150323_002429	
QUEST_JOBSTEP_20150323_002430	
QUEST_JOBSTEP_20150323_002431	
QUEST_JOBSTEP_20150323_002432	
QUEST_JOBSTEP_20150323_002433	
QUEST_JOBSTEP_20150323_002434	
QUEST_JOBSTEP_20150323_002435	
QUEST_JOBSTEP_20150323_002437	
QUEST_JOBSTEP_20150323_002438	
QUEST_JOBSTEP_20150323_002439	
QUEST_JOBSTEP_20150323_002440	
QUEST_JOBSTEP_20150323_002441	
QUEST_JOBSTEP_20150323_002442	
QUEST_JOBSTEP_20150323_002443	
QUEST_JOBSTEP_20150323_002444	
QUEST_JOBSTEP_20150323_002445	
QUEST_JOBSTEP_20150323_002446	
QUEST_JOBSTEP_20150323_002447	
QUEST_JOBSTEP_20150323_002448	
QUEST_JOBSTEP_20150323_002449	
QUEST_JOBSTEP_20150323_002450	
QUEST_JOBSTEP_20150323_002451	
QUEST_JOBSTEP_20150323_002452	
QUEST_JOBSTEP_20150323_002453	
QUEST_JOBSTEP_20150323_002454	
QUEST_JOBSTEP_20150323_002455	
QUEST_JOBSTEP_20150323_002456	
QUEST_JOBSTEP_20150323_002457	
QUEST_JOBSTEP_20150323_002458	
QUEST_JOBSTEP_20150323_002459	
QUEST_JOBSTEP_20150323_002460	
QUEST_JOBSTEP_20150323_002461	
QUEST_JOBSTEP_20150323_002462	
QUEST_JOBSTEP_20150323_002463	
QUEST_JOBSTEP_20150323_002464	
QUEST_JOBSTEP_20150323_002465	
QUEST_JOBSTEP_20150323_002466	
QUEST_JOBSTEP_20150323_002467	
QUEST_JOBSTEP_20150323_002468	
QUEST_JOBSTEP_20150323_002469	
QUEST_JOBSTEP_20150323_002470	
QUEST_JOBSTEP_20150323_002471	
QUEST_JOBSTEP_20150323_002472	
QUEST_JOBSTEP_20150323_002473	
QUEST_JOBSTEP_20150323_002474	
QUEST_JOBSTEP_20150323_002475	
QUEST_JOBSTEP_20150323_002477	
QUEST_JOBSTEP_20150323_002478	
QUEST_JOBSTEP_20150323_002479	
QUEST_JOBSTEP_20150323_002480	
QUEST_JOBSTEP_20150323_002481	
QUEST_JOBSTEP_20150323_002483	
QUEST_JOBSTEP_20150323_002484	
QUEST_JOBSTEP_20150323_002485	
QUEST_JOBSTEP_20150323_002486	
QUEST_JOBSTEP_20150323_002487	
QUEST_JOBSTEP_20150323_002488	
QUEST_JOBSTEP_20150323_002489	
QUEST_JOBSTEP_20150323_002490	
QUEST_JOBSTEP_20150323_002491	
QUEST_JOBSTEP_20150323_002492	
QUEST_JOBSTEP_20150323_002493	
QUEST_JOBSTEP_20150323_002494	
QUEST_JOBSTEP_20150323_002495	
QUEST_JOBSTEP_20150323_002496	
QUEST_JOBSTEP_20150323_002497	
QUEST_JOBSTEP_20150323_002498	
QUEST_JOBSTEP_20150323_002499	
QUEST_JOBSTEP_20150323_002500	
QUEST_JOBSTEP_20150323_002503	
QUEST_JOBSTEP_20150323_002504	
QUEST_JOBSTEP_20150323_002505	
QUEST_JOBSTEP_20150323_002506	
QUEST_JOBSTEP_20150323_002507	
QUEST_JOBSTEP_20150323_002508	
QUEST_JOBSTEP_20150323_002509	
QUEST_JOBSTEP_20150323_002510	
QUEST_JOBSTEP_20150323_002511	
QUEST_JOBSTEP_20150323_002512	
QUEST_JOBSTEP_20150323_002513	
QUEST_JOBSTEP_20150323_002514	
QUEST_JOBSTEP_20150323_002515	
QUEST_JOBSTEP_20150323_002516	
QUEST_JOBSTEP_20150323_002517	
QUEST_JOBSTEP_20150323_002518	
QUEST_JOBSTEP_20150323_002519	
QUEST_JOBSTEP_20150323_002520	
QUEST_JOBSTEP_20150323_002521	
QUEST_JOBSTEP_20150323_002523	
QUEST_JOBSTEP_20150323_002524	
QUEST_JOBSTEP_20150323_002525	
QUEST_JOBSTEP_20150323_002526	
QUEST_JOBSTEP_20150323_002527	
QUEST_JOBSTEP_20150323_002528	
QUEST_JOBSTEP_20150323_002529	
QUEST_JOBSTEP_20150323_002530	
QUEST_JOBSTEP_20150323_002531	
QUEST_JOBSTEP_20150323_002532	
QUEST_JOBSTEP_20150323_002533	
QUEST_JOBSTEP_20150323_002534	
QUEST_JOBSTEP_20150323_002535	
QUEST_JOBSTEP_20150401_002536	
QUEST_JOBSTEP_20150401_002537	
QUEST_JOBSTEP_20150401_002538	
QUEST_JOBSTEP_20150401_002539	
QUEST_JOBSTEP_20150401_002540	
QUEST_JOBSTEP_20150401_002541	
QUEST_JOBSTEP_20150401_002542	
QUEST_JOBSTEP_20150401_002543	
QUEST_JOBSTEP_20150406_002544	
QUEST_JOBSTEP_20150406_002545	
QUEST_JOBSTEP_20150406_002546	
QUEST_JOBSTEP_20150406_002547	
QUEST_JOBSTEP_20150406_002548	
QUEST_JOBSTEP_20150406_002549	
QUEST_JOBSTEP_20150406_002550	
QUEST_JOBSTEP_20150406_002551	
QUEST_JOBSTEP_20150406_002552	
QUEST_JOBSTEP_20150406_002553	
QUEST_JOBSTEP_20150406_002554	
QUEST_JOBSTEP_20150414_002555	
QUEST_JOBSTEP_20150414_002556	
QUEST_JOBSTEP_20150414_002557	
QUEST_JOBSTEP_20150414_002558	
QUEST_JOBSTEP_20150414_002559	
QUEST_JOBSTEP_20150414_002560	
QUEST_JOBSTEP_20150414_002561	
QUEST_JOBSTEP_20150414_002562	
QUEST_JOBSTEP_20150414_002563	
QUEST_JOBSTEP_20150414_002564	
QUEST_JOBSTEP_20150414_002565	
QUEST_JOBSTEP_20150414_002566	
QUEST_JOBSTEP_20150414_002567	
QUEST_JOBSTEP_20150414_002568	
QUEST_JOBSTEP_20150414_002569	
QUEST_JOBSTEP_20150414_002570	
QUEST_JOBSTEP_20150414_002571	
QUEST_JOBSTEP_20150414_002572	
QUEST_JOBSTEP_20150414_002573	
QUEST_JOBSTEP_20150414_002574	Crystal Mine 1st Floor Area
QUEST_JOBSTEP_20150414_002575	Use a bomb to defeat the monsters
QUEST_JOBSTEP_20150414_002576	Look for the Oracle Master in Klaipeda.
QUEST_JOBSTEP_20150414_002577	
QUEST_JOBSTEP_20150414_002578	
QUEST_JOBSTEP_20150414_002579	
QUEST_JOBSTEP_20150414_002580	
QUEST_JOBSTEP_20150414_002581	
QUEST_JOBSTEP_20150414_002582	
QUEST_JOBSTEP_20150414_002583	
