BADWORDS_20150317_000001		강간				
BADWORDS_20150317_000002		개같은년				
BADWORDS_20150317_000003		개같은놈				
BADWORDS_20150317_000004		개같은뇬				
BADWORDS_20150317_000005		개년				
BADWORDS_20150317_000006		개놈				
BADWORDS_20150317_000007		개뇬				
BADWORDS_20150317_000008		개보지				
BADWORDS_20150317_000009		개새꺄				
BADWORDS_20150317_000010		개새끼				
BADWORDS_20150317_000011		개세끼				
BADWORDS_20150317_000012		개자지				
BADWORDS_20150317_000013		개좆				
BADWORDS_20150317_000014		게새끼				
BADWORDS_20150317_000015		게세끼				
BADWORDS_20150317_000016		공알				
BADWORDS_20150317_000017		귀두				
BADWORDS_20150317_000018		뉘귀미				
BADWORDS_20150317_000019		뉘기미				
BADWORDS_20150317_000020		뉘미				
BADWORDS_20150317_000021		늬귀미				
BADWORDS_20150317_000022		늬미				
BADWORDS_20150317_000023		니귀미				
BADWORDS_20150317_000024		니기미				
BADWORDS_20150317_000025		니믜				
BADWORDS_20150317_000026		니미				
BADWORDS_20150317_000027		니애미				
BADWORDS_20150317_000028		니에미				
BADWORDS_20150317_000029		니주가리				
BADWORDS_20150317_000030		닝기리				
BADWORDS_20150317_000031		닝기미				
BADWORDS_20150317_000032		딸따리				
BADWORDS_20150317_000033		딸딸이				
BADWORDS_20150317_000034		떡치기				
BADWORDS_20150317_000035		래즈비언				
BADWORDS_20150317_000036		번섹				
BADWORDS_20150317_000037		번쌕				
BADWORDS_20150317_000038		번쎅				
BADWORDS_20150317_000039		부랄				
BADWORDS_20150317_000040		불알				
BADWORDS_20150317_000041		빠구리				
BADWORDS_20150317_000042		빠굴				
BADWORDS_20150317_000043		빠굴이				
BADWORDS_20150317_000044		빠그리				
BADWORDS_20150317_000045		빨통				
BADWORDS_20150317_000046		사까시				
BADWORDS_20150317_000047		사카시				
BADWORDS_20150317_000048		삭하시				
BADWORDS_20150317_000049		색스				
BADWORDS_20150317_000050		색쑤				
BADWORDS_20150317_000051		색쓰				
BADWORDS_20150317_000052		샹년				
BADWORDS_20150317_000053		샹놈				
BADWORDS_20150317_000054		샹늠				
BADWORDS_20150317_000055		섹수				
BADWORDS_20150317_000056		섹스				
BADWORDS_20150317_000057		섹쑤				
BADWORDS_20150317_000058		섹쓰				
BADWORDS_20150317_000059		섹히				
BADWORDS_20150317_000060		쇅수				
BADWORDS_20150317_000061		쇅스				
BADWORDS_20150317_000062		쇅쑤				
BADWORDS_20150317_000063		쇅쓰				
BADWORDS_20150317_000064		쉑수				
BADWORDS_20150317_000065		쉑스				
BADWORDS_20150317_000066		쉑쑤				
BADWORDS_20150317_000067		쉑쓰				
BADWORDS_20150317_000068		스와핑				
BADWORDS_20150317_000069		시발				
BADWORDS_20150317_000070		시빨년				
BADWORDS_20150317_000071		시팔				
BADWORDS_20150317_000072		십새꺄				
BADWORDS_20150317_000073		십새끼				
BADWORDS_20150317_000074		십새키				
BADWORDS_20150317_000075		십색꺄				
BADWORDS_20150317_000076		십색끼				
BADWORDS_20150317_000077		십색히				
BADWORDS_20150317_000078		십세끼				
BADWORDS_20150317_000079		십쉐리				
BADWORDS_20150317_000080		십쉐이				
BADWORDS_20150317_000081		십쉑				
BADWORDS_20150317_000082		십쉑히				
BADWORDS_20150317_000083		십시끼				
BADWORDS_20150317_000084		십쌔꺄				
BADWORDS_20150317_000085		십쌔끼				
BADWORDS_20150317_000086		십쌔키				
BADWORDS_20150317_000087		십쎄끼				
BADWORDS_20150317_000088		십씨키				
BADWORDS_20150317_000089		싯팔				
BADWORDS_20150317_000090		ㅆ1발				
BADWORDS_20150317_000091		ㅆ1팔				
BADWORDS_20150317_000092		ㅆI발				
BADWORDS_20150317_000093		ㅆl발				
BADWORDS_20150317_000094		ㅆl팔				
BADWORDS_20150317_000095		쌍것				
BADWORDS_20150317_000096		쌍넌				
BADWORDS_20150317_000097		쌍넘				
BADWORDS_20150317_000098		쌍년				
BADWORDS_20150317_000099		쌍놈				
BADWORDS_20150317_000100		쌍뇬				
BADWORDS_20150317_000101		쌕수				
BADWORDS_20150317_000102		쌕스				
BADWORDS_20150317_000103		쌕쑤				
BADWORDS_20150317_000104		쌕쓰				
BADWORDS_20150317_000105		썅넌				
BADWORDS_20150317_000106		썅넘				
BADWORDS_20150317_000107		썅년				
BADWORDS_20150317_000108		썅놈				
BADWORDS_20150317_000109		썅뇬				
BADWORDS_20150317_000110		쎅수				
BADWORDS_20150317_000111		쎅스				
BADWORDS_20150317_000112		쎅쑤				
BADWORDS_20150317_000113		쎅쓰				
BADWORDS_20150317_000114		쐑수				
BADWORDS_20150317_000115		쐑스				
BADWORDS_20150317_000116		쐑쑤				
BADWORDS_20150317_000117		쐑쓰				
BADWORDS_20150317_000118		쒝수				
BADWORDS_20150317_000119		쒝스				
BADWORDS_20150317_000120		쒝쑤				
BADWORDS_20150317_000121		쒝쓰				
BADWORDS_20150317_000122		쒸발				
BADWORDS_20150317_000123		쒸방				
BADWORDS_20150317_000124		씝년				
BADWORDS_20150317_000125		씨발				
BADWORDS_20150317_000126		씨방새				
BADWORDS_20150317_000127		씨방세				
BADWORDS_20150317_000128		씨방쉐				
BADWORDS_20150317_000129		씨밸				
BADWORDS_20150317_000130		씨밸년				
BADWORDS_20150317_000131		씨벨				
BADWORDS_20150317_000132		씨빡				
BADWORDS_20150317_000133		씨빨				
BADWORDS_20150317_000134		씨입년				
BADWORDS_20150317_000135		씨입뇬				
BADWORDS_20150317_000136		씹				
BADWORDS_20150317_000137		씹8				
BADWORDS_20150317_000138		씹넘				
BADWORDS_20150317_000139		씹년				
BADWORDS_20150317_000140		씹뇬				
BADWORDS_20150317_000141		씹때꺄				
BADWORDS_20150317_000142		씹때끼				
BADWORDS_20150317_000143		씹새				
BADWORDS_20150317_000144		씹새꺄				
BADWORDS_20150317_000145		씹새끼				
BADWORDS_20150317_000146		씹새키				
BADWORDS_20150317_000147		씹색꺄				
BADWORDS_20150317_000148		씹색끼				
BADWORDS_20150317_000149		씹색히				
BADWORDS_20150317_000150		씹세끼				
BADWORDS_20150317_000151		씹쉐				
BADWORDS_20150317_000152		씹쉐리				
BADWORDS_20150317_000153		씹쉐이				
BADWORDS_20150317_000154		씹쉑				
BADWORDS_20150317_000155		씹쉑히				
BADWORDS_20150317_000156		씹시끼				
BADWORDS_20150317_000157		씹쌔꺄				
BADWORDS_20150317_000158		씹쌔끼				
BADWORDS_20150317_000159		씹쌔키				
BADWORDS_20150317_000160		씹쎄끼				
BADWORDS_20150317_000161		씹씨키				
BADWORDS_20150317_000162		씹알				
BADWORDS_20150317_000163		씹창				
BADWORDS_20150317_000164		씹탱				
BADWORDS_20150317_000165		씹팔				
BADWORDS_20150317_000166		씹펄				
BADWORDS_20150317_000167		씹풀				
BADWORDS_20150317_000168		씹할				
BADWORDS_20150317_000169		아구지				
BADWORDS_20150317_000170		아구창				
BADWORDS_20150317_000171		아구통				
BADWORDS_20150317_000172		애널				
BADWORDS_20150317_000173		애미보지				
BADWORDS_20150317_000174		애미자지				
BADWORDS_20150317_000175		애비보지				
BADWORDS_20150317_000176		애비자지				
BADWORDS_20150317_000177		잠지				
BADWORDS_20150317_000178		저빱				
BADWORDS_20150317_000179		접밥				
BADWORDS_20150317_000180		젓가튼				
BADWORDS_20150317_000181		젓같은				
BADWORDS_20150317_000182		젓까				
BADWORDS_20150317_000183		젓까는				
BADWORDS_20150317_000184		젓밥				
BADWORDS_20150317_000185		젓빠지게				
BADWORDS_20150317_000186		젖가튼				
BADWORDS_20150317_000187		젖같은				
BADWORDS_20150317_000188		젖나게				
BADWORDS_20150317_000189		젖마난				
BADWORDS_20150317_000190		젖만한				
BADWORDS_20150317_000191		젖밥				
BADWORDS_20150317_000192		조까				
BADWORDS_20150317_000193		조까는				
BADWORDS_20150317_000194		조까튼				
BADWORDS_20150317_000195		조또				
BADWORDS_20150317_000196		조빱				
BADWORDS_20150317_000197		족같은				
BADWORDS_20150317_000198		족까				
BADWORDS_20150317_000199		졷까				
BADWORDS_20150317_000200		졷까는				
BADWORDS_20150317_000201		좁밥				
BADWORDS_20150317_000202		좃가튼				
BADWORDS_20150317_000203		좃같네				
BADWORDS_20150317_000204		좃같은				
BADWORDS_20150317_000205		좃까				
BADWORDS_20150317_000206		좃까는				
BADWORDS_20150317_000207		좃나				
BADWORDS_20150317_000208		좃나게				
BADWORDS_20150317_000209		좃도				
BADWORDS_20150317_000210		좃밥				
BADWORDS_20150317_000211		좆				
BADWORDS_20150317_000212		좆가튼				
BADWORDS_20150317_000213		좆같은				
BADWORDS_20150317_000214		좆까				
BADWORDS_20150317_000215		좆까는				
BADWORDS_20150317_000216		좆밥				
BADWORDS_20150317_000217		좇				
BADWORDS_20150317_000218		좇같네				
BADWORDS_20150317_000219		좇까				
BADWORDS_20150317_000220		좇까는				
BADWORDS_20150317_000221		좉				
BADWORDS_20150317_000222		좉까는				
BADWORDS_20150317_000223		죶				
BADWORDS_20150317_000224		죶가튼				
BADWORDS_20150317_000225		죶같은				
BADWORDS_20150317_000226		죷				
BADWORDS_20150317_000227		죹				
BADWORDS_20150317_000228		창녀				
BADWORDS_20150317_000229		창년				
BADWORDS_20150317_000230		창뇬				
BADWORDS_20150317_000231		챵녀				
BADWORDS_20150317_000232		챵년				
BADWORDS_20150317_000233		챵뇬				
BADWORDS_20150317_000234		화냥년				
BADWORDS_20150317_000235		후장				
BADWORDS_20150317_000236		ㄱH뇬				
BADWORDS_20150317_000237		개넌				
BADWORDS_20150317_000238		개넘				
BADWORDS_20150317_000239		개눔				
BADWORDS_20150317_000240		개도라이				
BADWORDS_20150317_000241		개때꺄				
BADWORDS_20150317_000242		개또라이				
BADWORDS_20150317_000243		개부럴				
BADWORDS_20150317_000244		개색기				
BADWORDS_20150317_000245		개색꺄				
BADWORDS_20150317_000246		개색끼				
BADWORDS_20150317_000247		개샠				
BADWORDS_20150317_000248		개섹				
BADWORDS_20150317_000249		개쇄끼				
BADWORDS_20150317_000250		개쇅				
BADWORDS_20150317_000251		개쇅갸				
BADWORDS_20150317_000252		개쇅기				
BADWORDS_20150317_000253		개쇅꺄				
BADWORDS_20150317_000254		개쇅끼				
BADWORDS_20150317_000255		개쇅캬				
BADWORDS_20150317_000256		개쇅키				
BADWORDS_20150317_000257		개쉐				
BADWORDS_20150317_000258		개쉐끼				
BADWORDS_20150317_000259		개쉑				
BADWORDS_20150317_000260		개쉑갸				
BADWORDS_20150317_000261		개쉑기				
BADWORDS_20150317_000262		개쉑꺄				
BADWORDS_20150317_000263		개쉑끼				
BADWORDS_20150317_000264		개쉑캬				
BADWORDS_20150317_000265		개쉑키				
BADWORDS_20150317_000266		개쉑히				
BADWORDS_20150317_000267		개쉽				
BADWORDS_20150317_000268		개쌔꺄				
BADWORDS_20150317_000269		개쌔끼				
BADWORDS_20150317_000270		개쌕끼				
BADWORDS_20150317_000271		개썅년				
BADWORDS_20150317_000272		개쒜리				
BADWORDS_20150317_000273		개쒝				
BADWORDS_20150317_000274		개쒝갸				
BADWORDS_20150317_000275		개쒝기				
BADWORDS_20150317_000276		개쒝꺄				
BADWORDS_20150317_000277		개쒝끼				
BADWORDS_20150317_000278		개쒝캬				
BADWORDS_20150317_000279		개쒝키				
BADWORDS_20150317_000280		개쒹기				
BADWORDS_20150317_000281		개염창				
BADWORDS_20150317_000282		개자식				
BADWORDS_20150317_000283		개젓				
BADWORDS_20150317_000284		개젖				
BADWORDS_20150317_000285		개졋				
BADWORDS_20150317_000286		개졎				
BADWORDS_20150317_000287		개지랄				
BADWORDS_20150317_000288		개찌질이				
BADWORDS_20150317_000289		개후랄				
BADWORDS_20150317_000290		개후레				
BADWORDS_20150317_000291		게뇬				
BADWORDS_20150317_000292		게눔				
BADWORDS_20150317_000293		게새리				
BADWORDS_20150317_000294		게색				
BADWORDS_20150317_000295		게색기				
BADWORDS_20150317_000296		게색끼				
BADWORDS_20150317_000297		게세				
BADWORDS_20150317_000298		게섹				
BADWORDS_20150317_000299		게섹놈아				
BADWORDS_20150317_000300		게쉐				
BADWORDS_20150317_000301		게시끼				
BADWORDS_20150317_000302		게시퀴				
BADWORDS_20150317_000303		게쌔기				
BADWORDS_20150317_000304		게쌕끼				
BADWORDS_20150317_000305		계같은뇬				
BADWORDS_20150317_000306		꼬추				
BADWORDS_20150317_000307		보쥐				
BADWORDS_20150317_000308		보짓				
BADWORDS_20150317_000309		보g				
BADWORDS_20150317_000310		보z				
BADWORDS_20150317_000311		성감대				
BADWORDS_20150317_000312		성겨육				
BADWORDS_20150317_000313		성경험				
BADWORDS_20150317_000314		성관계				
BADWORDS_20150317_000315		성교				
BADWORDS_20150317_000316		성교제				
BADWORDS_20150317_000317		성기구				
BADWORDS_20150317_000318		성방				
BADWORDS_20150317_000319		성상담				
BADWORDS_20150317_000320		성생활				
BADWORDS_20150317_000321		성섹스				
BADWORDS_20150317_000322		성숙녀				
BADWORDS_20150317_000323		성욕구				
BADWORDS_20150317_000324		성인방송				
BADWORDS_20150317_000325		성인사진				
BADWORDS_20150317_000326		성인소설				
BADWORDS_20150317_000327		성인야동				
BADWORDS_20150317_000328		성인야사				
BADWORDS_20150317_000329		성인야캠				
BADWORDS_20150317_000330		성인용품				
BADWORDS_20150317_000331		성체위				
BADWORDS_20150317_000332		성체험				
BADWORDS_20150317_000333		성추행				
BADWORDS_20150317_000334		성충동				
BADWORDS_20150317_000335		성클리닉				
BADWORDS_20150317_000336		성태크닉				
BADWORDS_20150317_000337		성테크닉				
BADWORDS_20150317_000338		성폭행				
BADWORDS_20150317_000339		성행위				
BADWORDS_20150317_000340		알몸공개				
BADWORDS_20150317_000341		알몸사진				
BADWORDS_20150317_000342		알몸쇼				
BADWORDS_20150317_000343		애무				
BADWORDS_20150317_000344		애액				
BADWORDS_20150317_000345		애자				
BADWORDS_20150317_000346		애쟈				
BADWORDS_20150317_000347		앰창				
BADWORDS_20150317_000348		야겜				
BADWORDS_20150317_000349		야녀				
BADWORDS_20150317_000350		야담				
BADWORDS_20150317_000351		야덩				
BADWORDS_20150317_000352		야동				
BADWORDS_20150317_000353		야똥				
BADWORDS_20150317_000354		야섹				
BADWORDS_20150317_000355		야시녀				
BADWORDS_20150317_000356		야시시				
BADWORDS_20150317_000357		야자료				
BADWORDS_20150317_000358		야캠				
BADWORDS_20150317_000359		야하게				
BADWORDS_20150317_000360		야한놈				
BADWORDS_20150317_000361		야한동영상				
BADWORDS_20150317_000362		야한사이트				
BADWORDS_20150317_000363		야한사진				
BADWORDS_20150317_000364		양아치				
BADWORDS_20150317_000365		얼간이				
BADWORDS_20150317_000366		엄창				
BADWORDS_20150317_000367		에믜				
BADWORDS_20150317_000368		에자				
BADWORDS_20150317_000369		엑스터시				
BADWORDS_20150317_000370		엠창				
BADWORDS_20150317_000371		염병				
BADWORDS_20150317_000372		옘병				
BADWORDS_20150317_000373		오까마				
BADWORDS_20150317_000374		오랄				
BADWORDS_20150317_000375		오럴				
BADWORDS_20150317_000376		오르가슴				
BADWORDS_20150317_000377		오르가즘				
BADWORDS_20150317_000378		올가즘				
BADWORDS_20150317_000379		옹녀				
BADWORDS_20150317_000380		원조교재				
BADWORDS_20150317_000381		원조교제				
BADWORDS_20150317_000382		월경				
BADWORDS_20150317_000383		유방				
BADWORDS_20150317_000384		육구자세				
BADWORDS_20150317_000385		육봉				
BADWORDS_20150317_000386		육봉대가리				
BADWORDS_20150317_000387		윤간				
BADWORDS_20150317_000388		윤락				
BADWORDS_20150317_000389		음경				
BADWORDS_20150317_000390		음담패설				
BADWORDS_20150317_000391		음란				
BADWORDS_20150317_000392		음모				
BADWORDS_20150317_000393		음부				
BADWORDS_20150317_000394		자위				
BADWORDS_20150317_000395		자쥐				
BADWORDS_20150317_000396		자짓				
BADWORDS_20150317_000397		자g				
BADWORDS_20150317_000398		자z				
BADWORDS_20150317_000399		잠쥐				
BADWORDS_20150317_000400		잠짓				
BADWORDS_20150317_000401		잠g				
BADWORDS_20150317_000402		잠z				
BADWORDS_20150317_000403		저까				
BADWORDS_20150317_000404		저까는				
BADWORDS_20150317_000405		저까튼				
BADWORDS_20150317_000406		저년				
BADWORDS_20150317_000407		저빠지게				
BADWORDS_20150317_000408		저샤키				
BADWORDS_20150317_000409		전나게				
BADWORDS_20150317_000410		전나구려				
BADWORDS_20150317_000411		절라게				
BADWORDS_20150317_000412		젓나				
BADWORDS_20150317_000413		젓나게				
BADWORDS_20150317_000414		젓마난				
BADWORDS_20150317_000415		젓만한				
BADWORDS_20150317_000416		정력				
BADWORDS_20150317_000417		정사				
BADWORDS_20150317_000418		정자				
BADWORDS_20150317_000419		젖고픈				
BADWORDS_20150317_000420		젖까				
BADWORDS_20150317_000421		젖까는				
BADWORDS_20150317_000422		젖꼭지				
BADWORDS_20150317_000423		젖나				
BADWORDS_20150317_000424		젖도				
BADWORDS_20150317_000425		젖은숲				
BADWORDS_20150317_000426		젖통				
BADWORDS_20150317_000427		처녀막				
BADWORDS_20150317_000428		체모				
BADWORDS_20150317_000429		체위				
BADWORDS_20150317_000430		최음제				
BADWORDS_20150317_000431		컴섹				
BADWORDS_20150317_000432		컴쌕				
BADWORDS_20150317_000433		콘돔				
BADWORDS_20150317_000434		콩까				
BADWORDS_20150317_000435		콩까자				
BADWORDS_20150317_000436		크리토리스				
BADWORDS_20150317_000437		클리토리스				
BADWORDS_20150317_000438		퇴폐				
BADWORDS_20150317_000439		패니스				
BADWORDS_20150317_000440		패티쉬				
BADWORDS_20150317_000441		패티시				
BADWORDS_20150317_000442		팰라치오				
BADWORDS_20150317_000443		퍼르노				
BADWORDS_20150317_000444		퍽큐				
BADWORDS_20150317_000445		펀색				
BADWORDS_20150317_000446		펀섹				
BADWORDS_20150317_000447		페니스				
BADWORDS_20150317_000448		페미돔				
BADWORDS_20150317_000449		페티걸				
BADWORDS_20150317_000450		페티쉬				
BADWORDS_20150317_000451		페티시				
BADWORDS_20150317_000452		포로노				
BADWORDS_20150317_000453		포르너				
BADWORDS_20150317_000454		포르노				
BADWORDS_20150317_000455		포르느				
BADWORDS_20150317_000456		포르로				
BADWORDS_20150317_000457		포온섹				
BADWORDS_20150317_000458		폰색				
BADWORDS_20150317_000459		폰섹				
BADWORDS_20150317_000460		폰즈				
BADWORDS_20150317_000461		풋잡				
BADWORDS_20150317_000462		프리섹스				
BADWORDS_20150317_000463		곧휴				
BADWORDS_20150317_000464		bo지				
BADWORDS_20150317_000465		c발				
BADWORDS_20150317_000466		c팔				
BADWORDS_20150317_000467		ce발				
BADWORDS_20150317_000468		ja위				
BADWORDS_20150317_000469		ja지				
BADWORDS_20150317_000470		ji랄				
BADWORDS_20150317_000471		갈보				
BADWORDS_20150317_000472		2c팔				
BADWORDS_20150317_000473		ㄱㅐ새				
BADWORDS_20150317_000474		개ㅅㅐ				
BADWORDS_20150317_000475		개꼬치				
BADWORDS_20150317_000476		개때끼				
BADWORDS_20150317_000477		개부랄				
BADWORDS_20150317_000478		개부러럴				
BADWORDS_20150317_000479		개불알				
BADWORDS_20150317_000480		개뼈다구				
BADWORDS_20150317_000481		개뼈다귀				
BADWORDS_20150317_000482		개뼉다구				
BADWORDS_20150317_000483		개뼉따구				
BADWORDS_20150317_000484		개색히				
BADWORDS_20150317_000485		개샛킹				
BADWORDS_20150317_000486		개세				
BADWORDS_20150317_000487		개세이				
BADWORDS_20150317_000488		개쉐리				
BADWORDS_20150317_000489		개쉐이				
BADWORDS_20150317_000490		개쉬리				
BADWORDS_20150317_000491		개스키				
BADWORDS_20150317_000492		개시키				
BADWORDS_20150317_000493		개쌍년				
BADWORDS_20150317_000494		개쌍놈				
BADWORDS_20150317_000495		개씨발				
BADWORDS_20150317_000496		개씹창				
BADWORDS_20150317_000497		개아이				
BADWORDS_20150317_000498		개자				
BADWORDS_20150317_000499		개자슥				
BADWORDS_20150317_000500		개조또				
BADWORDS_20150317_000501		개후장				
BADWORDS_20150317_000502		거지새끼				
BADWORDS_20150317_000503		거지쉐뀌				
BADWORDS_20150317_000504		거지쎄끼				
BADWORDS_20150317_000505		거지쒜리				
BADWORDS_20150317_000506		걸래				
BADWORDS_20150317_000507		걸레				
BADWORDS_20150317_000508		겁탈				
BADWORDS_20150317_000509		게년				
BADWORDS_20150317_000510		계약애인				
BADWORDS_20150317_000511		계약앤				
BADWORDS_20150317_000512		그룹섹				
BADWORDS_20150317_000513		그지새끼				
BADWORDS_20150317_000514		그지새키				
BADWORDS_20150317_000515		그지좃밥				
BADWORDS_20150317_000516		그지좃빱				
BADWORDS_20150317_000517		그지좆밥				
BADWORDS_20150317_000518		꺼지셈				
BADWORDS_20150317_000519		꼴깝				
BADWORDS_20150317_000520		꼴려				
BADWORDS_20150317_000521		꼴리				
BADWORDS_20150317_000522		꼴리는				
BADWORDS_20150317_000523		꼴리다				
BADWORDS_20150317_000524		꼴통				
BADWORDS_20150317_000525		꽁까				
BADWORDS_20150317_000526		꽃뱀				
BADWORDS_20150317_000527		낑깡보지				
BADWORDS_20150317_000528		ㄴㅣ에미				
BADWORDS_20150317_000529		ㄴ1ㅇH미				
BADWORDS_20150317_000530		ㄴ1에미				
BADWORDS_20150317_000531		넴병				
BADWORDS_20150317_000532		뉘미럴				
BADWORDS_20150317_000533		뉘잉기미				
BADWORDS_20150317_000534		늬믜창				
BADWORDS_20150317_000535		니미랄				
BADWORDS_20150317_000536		니미럴				
BADWORDS_20150317_000537		니미롤				
BADWORDS_20150317_000538		니미룰				
BADWORDS_20150317_000539		니미를				
BADWORDS_20150317_000540		니앰				
BADWORDS_20150317_000541		니엠				
BADWORDS_20150317_000542		니좆				
BADWORDS_20150317_000543		니죠때				
BADWORDS_20150317_000544		니죶데				
BADWORDS_20150317_000545		되가리				
BADWORDS_20150317_000546		드응신				
BADWORDS_20150317_000547		디랄				
BADWORDS_20150317_000548		디럴				
BADWORDS_20150317_000549		딜도				
BADWORDS_20150317_000550		따굴				
BADWORDS_20150317_000551		딸따뤼				
BADWORDS_20150317_000552		딸치는				
BADWORDS_20150317_000553		떡치				
BADWORDS_20150317_000554		똘봉년				
BADWORDS_20150317_000555		뜁새				
BADWORDS_20150317_000556		띱때끼				
BADWORDS_20150317_000557		띱새				
BADWORDS_20150317_000558		ㅁl친				
BADWORDS_20150317_000559		마스터베이				
BADWORDS_20150317_000560		매춘				
BADWORDS_20150317_000561		몸파는				
BADWORDS_20150317_000562		몸파라				
BADWORDS_20150317_000563		뭬친놈				
BADWORDS_20150317_000564		미륀놈				
BADWORDS_20150317_000565		미찬놈				
BADWORDS_20150317_000566		미췬년				
BADWORDS_20150317_000567		미췬뇬				
BADWORDS_20150317_000568		미친년				
BADWORDS_20150317_000569		미친뇬				
BADWORDS_20150317_000570		밑구녕				
BADWORDS_20150317_000571		밑창				
BADWORDS_20150317_000572		바보새끼				
BADWORDS_20150317_000573		바이브레이터				
BADWORDS_20150317_000574		박을년				
BADWORDS_20150317_000575		발정				
BADWORDS_20150317_000576		뱅쉰				
BADWORDS_20150317_000577		뱅싄				
BADWORDS_20150317_000578		뱅신				
BADWORDS_20150317_000579		버짓물				
BADWORDS_20150317_000580		번색				
BADWORDS_20150317_000581		벙섹				
BADWORDS_20150317_000582		벼엉신				
BADWORDS_20150317_000583		변섹				
BADWORDS_20150317_000584		병쉰				
BADWORDS_20150317_000585		병싄				
BADWORDS_20150317_000586		병신				
BADWORDS_20150317_000587		병신새끼				
BADWORDS_20150317_000588		병싡				
BADWORDS_20150317_000589		병씮				
BADWORDS_20150317_000590		보ㅈㅣ				
BADWORDS_20150317_000591		봉알				
BADWORDS_20150317_000592		뵤지				
BADWORDS_20150317_000593		뵹싄				
BADWORDS_20150317_000594		뵹신				
BADWORDS_20150317_000595		부럴				
BADWORDS_20150317_000596		불륜				
BADWORDS_20150317_000597		붕신				
BADWORDS_20150317_000598		붕알				
BADWORDS_20150317_000599		붱신				
BADWORDS_20150317_000600		뷩신				
BADWORDS_20150317_000601		뷰웅신				
BADWORDS_20150317_000602		븅쉰				
BADWORDS_20150317_000603		븅싄				
BADWORDS_20150317_000604		븅신				
BADWORDS_20150317_000605		브랄				
BADWORDS_20150317_000606		븽신				
BADWORDS_20150317_000607		비잉신				
BADWORDS_20150317_000608		빙쉰				
BADWORDS_20150317_000609		ㅃㅏ구ㄹㅣ				
BADWORDS_20150317_000610		빠꾸리				
BADWORDS_20150317_000611		빠돌이				
BADWORDS_20150317_000612		빠라조				
BADWORDS_20150317_000613		빠라줘				
BADWORDS_20150317_000614		빠러				
BADWORDS_20150317_000615		빠르너				
BADWORDS_20150317_000616		빡촌				
BADWORDS_20150317_000617		빡큐				
BADWORDS_20150317_000618		빨간국물				
BADWORDS_20150317_000619		빨기				
BADWORDS_20150317_000620		빨께				
BADWORDS_20150317_000621		빨라줘				
BADWORDS_20150317_000622		빨아				
BADWORDS_20150317_000623		빨아줘				
BADWORDS_20150317_000624		빨어				
BADWORDS_20150317_000625		빽보지				
BADWORDS_20150317_000626		빽자지				
BADWORDS_20150317_000627		뻐르노				
BADWORDS_20150317_000628		뻐큐				
BADWORDS_20150317_000629		뻑큐				
BADWORDS_20150317_000630		뽀르노				
BADWORDS_20150317_000631		뽀작				
BADWORDS_20150317_000632		뽀지				
BADWORDS_20150317_000633		뽀큐				
BADWORDS_20150317_000634		뽁큐				
BADWORDS_20150317_000635		뽈노				
BADWORDS_20150317_000636		뽈로노				
BADWORDS_20150317_000637		뽕알				
BADWORDS_20150317_000638		ㅅ1발				
BADWORDS_20150317_000639		사갈탱이				
BADWORDS_20150317_000640		사까치				
BADWORDS_20150317_000641		사창				
BADWORDS_20150317_000642		사창가				
BADWORDS_20150317_000643		삿깟시				
BADWORDS_20150317_000644		상년				
BADWORDS_20150317_000645		상노무				
BADWORDS_20150317_000646		새까				
BADWORDS_20150317_000647		새꺄				
BADWORDS_20150317_000648		새끠				
BADWORDS_20150317_000649		새키				
BADWORDS_20150317_000650		색갸				
BADWORDS_20150317_000651		색걸				
BADWORDS_20150317_000652		색골				
BADWORDS_20150317_000653		색광				
BADWORDS_20150317_000654		색꺄				
BADWORDS_20150317_000655		색끼				
BADWORDS_20150317_000656		색남				
BADWORDS_20150317_000657		색녀				
BADWORDS_20150317_000658		색마				
BADWORDS_20150317_000659		색수				
BADWORDS_20150317_000660		샹				
BADWORDS_20150317_000661		성노예				
BADWORDS_20150317_000662		성욕				
BADWORDS_20150317_000663		성폭력				
BADWORDS_20150317_000664		세꺄				
BADWORDS_20150317_000665		세끠				
BADWORDS_20150317_000666		세끼				
BADWORDS_20150317_000667		세액스				
BADWORDS_20150317_000668		세엑스				
BADWORDS_20150317_000669		세키				
BADWORDS_20150317_000670		섹걸				
BADWORDS_20150317_000671		섹골				
BADWORDS_20150317_000672		섹남				
BADWORDS_20150317_000673		섹녀				
BADWORDS_20150317_000674		섹마				
BADWORDS_20150317_000675		섹무비				
BADWORDS_20150317_000676		섹보지				
BADWORDS_20150317_000677		섹소리				
BADWORDS_20150317_000678		섹슈				
BADWORDS_20150317_000679		섹스경험				
BADWORDS_20150317_000680		섹티즌				
BADWORDS_20150317_000681		섹파트너				
BADWORDS_20150317_000682		섹하자				
BADWORDS_20150317_000683		섹하장				
BADWORDS_20150317_000684		섹할				
BADWORDS_20150317_000685		섹해				
BADWORDS_20150317_000686		쇄끼				
BADWORDS_20150317_000687		쇅끼				
BADWORDS_20150317_000688		수간				
BADWORDS_20150317_000689		수음				
BADWORDS_20150317_000690		쉐끼				
BADWORDS_20150317_000691		쉐키				
BADWORDS_20150317_000692		쉑				
BADWORDS_20150317_000693		쉑히				
BADWORDS_20150317_000694		쉣더뻑				
BADWORDS_20150317_000695		쉬바				
BADWORDS_20150317_000696		쉬발				
BADWORDS_20150317_000697		쉬방				
BADWORDS_20150317_000698		쉬밸				
BADWORDS_20150317_000699		쉬벌				
BADWORDS_20150317_000700		쉬부				
BADWORDS_20150317_000701		쉬불				
BADWORDS_20150317_000702		쉬붕				
BADWORDS_20150317_000703		쉬빠				
BADWORDS_20150317_000704		쉬빡				
BADWORDS_20150317_000705		쉬빨				
BADWORDS_20150317_000706		쉬이바				
BADWORDS_20150317_000707		쉬이발				
BADWORDS_20150317_000708		쉬이방				
BADWORDS_20150317_000709		쉬이밸				
BADWORDS_20150317_000710		쉬이벌				
BADWORDS_20150317_000711		쉬이부				
BADWORDS_20150317_000712		쉬이불				
BADWORDS_20150317_000713		쉬이붕				
BADWORDS_20150317_000714		쉬이빡				
BADWORDS_20150317_000715		쉬이빨				
BADWORDS_20150317_000716		쉬이팔				
BADWORDS_20150317_000717		쉬이펄				
BADWORDS_20150317_000718		쉬이풀				
BADWORDS_20150317_000719		쉬팍				
BADWORDS_20150317_000720		쉬팔				
BADWORDS_20150317_000721		쉭셰리				
BADWORDS_20150317_000722		쉽새				
BADWORDS_20150317_000723		쉽생구리				
BADWORDS_20150317_000724		쉽알				
BADWORDS_20150317_000725		쉽할이				
BADWORDS_20150317_000726		스너프				
BADWORDS_20150317_000727		스발				
BADWORDS_20150317_000728		스벌				
BADWORDS_20150317_000729		스팔				
BADWORDS_20150317_000730		싀발				
BADWORDS_20150317_000731		싀발로모				
BADWORDS_20150317_000732		싀방				
BADWORDS_20150317_000733		싀봉				
BADWORDS_20150317_000734		싀팔				
BADWORDS_20150317_000735		시끼				
BADWORDS_20150317_000736		시댕				
BADWORDS_20150317_000737		시뎅				
BADWORDS_20150317_000738		시발넘				
BADWORDS_20150317_000739		시발년				
BADWORDS_20150317_000740		시발놈				
BADWORDS_20150317_000741		시방새				
BADWORDS_20150317_000742		시방세				
BADWORDS_20150317_000743		시방쉐				
BADWORDS_20150317_000744		시벌				
BADWORDS_20150317_000745		시벨넘				
BADWORDS_20150317_000746		시벨새키				
BADWORDS_20150317_000747		시부랄				
BADWORDS_20150317_000748		시부럴				
BADWORDS_20150317_000749		시부리				
BADWORDS_20150317_000750		시불				
BADWORDS_20150317_000751		시붕				
BADWORDS_20150317_000752		시브랄				
BADWORDS_20150317_000753		시빨				
BADWORDS_20150317_000754		시이바				
BADWORDS_20150317_000755		시이발				
BADWORDS_20150317_000756		시이방				
BADWORDS_20150317_000757		시이밸				
BADWORDS_20150317_000758		시이벌				
BADWORDS_20150317_000759		시이부				
BADWORDS_20150317_000760		시이불				
BADWORDS_20150317_000761		시이붕				
BADWORDS_20150317_000762		시이빡				
BADWORDS_20150317_000763		시이팔				
BADWORDS_20150317_000764		시이펄				
BADWORDS_20150317_000765		시이풀				
BADWORDS_20150317_000766		시펄				
BADWORDS_20150317_000767		시풀				
BADWORDS_20150317_000768		십8				
BADWORDS_20150317_000769		십녀				
BADWORDS_20150317_000770		십때꺄				
BADWORDS_20150317_000771		십때끼				
BADWORDS_20150317_000772		십떼끼				
BADWORDS_20150317_000773		십물				
BADWORDS_20150317_000774		십새				
BADWORDS_20150317_000775		십쇡기				
BADWORDS_20150317_000776		십쉐				
BADWORDS_20150317_000777		십쌔				
BADWORDS_20150317_000778		십알				
BADWORDS_20150317_000779		십좌지				
BADWORDS_20150317_000780		십창				
BADWORDS_20150317_000781		십팔				
BADWORDS_20150317_000782		십할				
BADWORDS_20150317_000783		싶알				
BADWORDS_20150317_000784		싸가지				
BADWORDS_20150317_000785		싹수				
BADWORDS_20150317_000786		싹아지				
BADWORDS_20150317_000787		쌈치기				
BADWORDS_20150317_000788		쌉년				
BADWORDS_20150317_000789		쌍놈아				
BADWORDS_20150317_000790		쌔꺄				
BADWORDS_20150317_000791		쌔끼				
BADWORDS_20150317_000792		쌔리				
BADWORDS_20150317_000793		쌔키				
BADWORDS_20150317_000794		쌕걸				
BADWORDS_20150317_000795		쌕광				
BADWORDS_20150317_000796		쌩쇼				
BADWORDS_20150317_000797		쌩쑈				
BADWORDS_20150317_000798		쌩아다				
BADWORDS_20150317_000799		썅				
BADWORDS_20150317_000800		썅팔년				
BADWORDS_20150317_000801		썌꺄				
BADWORDS_20150317_000802		써벌				
BADWORDS_20150317_000803		썩을년				
BADWORDS_20150317_000804		쎄꺄				
BADWORDS_20150317_000805		쎄끈				
BADWORDS_20150317_000806		쎄끼				
BADWORDS_20150317_000807		쎄엑				
BADWORDS_20150317_000808		쎄엑스				
BADWORDS_20150317_000809		쎅				
BADWORDS_20150317_000810		쑤셔				
BADWORDS_20150317_000811		쒸바				
BADWORDS_20150317_000812		쒸밸				
BADWORDS_20150317_000813		쒸벌				
BADWORDS_20150317_000814		쒸부				
BADWORDS_20150317_000815		쒸부랄				
BADWORDS_20150317_000816		쒸부럴				
BADWORDS_20150317_000817		쒸불				
BADWORDS_20150317_000818		쒸붕				
BADWORDS_20150317_000819		쒸빡				
BADWORDS_20150317_000820		쒸빨				
BADWORDS_20150317_000821		쒸이				
BADWORDS_20150317_000822		쒸이바				
BADWORDS_20150317_000823		쒸이발				
BADWORDS_20150317_000824		쒸이방				
BADWORDS_20150317_000825		쒸이밸				
BADWORDS_20150317_000826		쒸이벌				
BADWORDS_20150317_000827		쒸이부				
BADWORDS_20150317_000828		쒸이불				
BADWORDS_20150317_000829		쒸이붕				
BADWORDS_20150317_000830		쒸이빡				
BADWORDS_20150317_000831		쒸이빨				
BADWORDS_20150317_000832		쒸이팔				
BADWORDS_20150317_000833		쒸이펄				
BADWORDS_20150317_000834		쒸이풀				
BADWORDS_20150317_000835		쒸팔				
BADWORDS_20150317_000836		쒸펄				
BADWORDS_20150317_000837		쒸풀				
BADWORDS_20150317_000838		쓉쎄끼				
BADWORDS_20150317_000839		쓋파라				
BADWORDS_20150317_000840		쓰바				
BADWORDS_20150317_000841		쓰발				
BADWORDS_20150317_000842		쓰방				
BADWORDS_20150317_000843		쓰밸				
BADWORDS_20150317_000844		쓰벌				
BADWORDS_20150317_000845		쓰봉				
BADWORDS_20150317_000846		쓰부				
BADWORDS_20150317_000847		쓰불				
BADWORDS_20150317_000848		쓰붕				
BADWORDS_20150317_000849		쓰빡				
BADWORDS_20150317_000850		쓰으방				
BADWORDS_20150317_000851		쓰으벌				
BADWORDS_20150317_000852		쓰이바				
BADWORDS_20150317_000853		쓰이발				
BADWORDS_20150317_000854		쓰이방				
BADWORDS_20150317_000855		쓰이밸				
BADWORDS_20150317_000856		쓰이벌				
BADWORDS_20150317_000857		쓰이부				
BADWORDS_20150317_000858		쓰이불				
BADWORDS_20150317_000859		쓰이붕				
BADWORDS_20150317_000860		쓰이빡				
BADWORDS_20150317_000861		쓰이팔				
BADWORDS_20150317_000862		쓰이펄				
BADWORDS_20150317_000863		쓰이풀				
BADWORDS_20150317_000864		쓰팍				
BADWORDS_20150317_000865		쓰팔				
BADWORDS_20150317_000866		쓰펄				
BADWORDS_20150317_000867		쓰풀				
BADWORDS_20150317_000868		씁새끼				
BADWORDS_20150317_000869		씁알				
BADWORDS_20150317_000870		씌발				
BADWORDS_20150317_000871		씌방				
BADWORDS_20150317_000872		씌벌				
BADWORDS_20150317_000873		씌팔				
BADWORDS_20150317_000874		씝				
BADWORDS_20150317_000875		씝알				
BADWORDS_20150317_000876		씝알놈				
BADWORDS_20150317_000877		씝탱				
BADWORDS_20150317_000878		씝할				
BADWORDS_20150317_000879		씞				
BADWORDS_20150317_000880		씨8				
BADWORDS_20150317_000881		씨꽈랄				
BADWORDS_20150317_000882		씨끼				
BADWORDS_20150317_000883		씨끼씨펄				
BADWORDS_20150317_000884		씨댕				
BADWORDS_20150317_000885		씨뎅				
BADWORDS_20150317_000886		씨바				
BADWORDS_20150317_000887		씨박새끼				
BADWORDS_20150317_000888		씨발넘				
BADWORDS_20150317_000889		씨발년				
BADWORDS_20150317_000890		씨발놈				
BADWORDS_20150317_000891		씨발놈아				
BADWORDS_20150317_000892		씨밸놈				
BADWORDS_20150317_000893		씨뱅				
BADWORDS_20150317_000894		씨뱅놈				
BADWORDS_20150317_000895		씨뱅아				
BADWORDS_20150317_000896		씨벌				
BADWORDS_20150317_000897		씨봉알				
BADWORDS_20150317_000898		씨부				
BADWORDS_20150317_000899		씨부랄				
BADWORDS_20150317_000900		씨부럴				
BADWORDS_20150317_000901		씨부렁				
BADWORDS_20150317_000902		씨부리				
BADWORDS_20150317_000903		씨불				
BADWORDS_20150317_000904		씨붕				
BADWORDS_20150317_000905		씨브랄				
BADWORDS_20150317_000906		씨빠				
BADWORDS_20150317_000907		씨뽀랄				
BADWORDS_20150317_000908		씨이바				
BADWORDS_20150317_000909		씨이발				
BADWORDS_20150317_000910		씨이방				
BADWORDS_20150317_000911		씨이밸				
BADWORDS_20150317_000912		씨이벌				
BADWORDS_20150317_000913		씨이부				
BADWORDS_20150317_000914		씨이불				
BADWORDS_20150317_000915		씨이붕				
BADWORDS_20150317_000916		씨이빡				
BADWORDS_20150317_000917		씨이빨				
BADWORDS_20150317_000918		씨이팔				
BADWORDS_20150317_000919		씨이펄				
BADWORDS_20150317_000920		씨이풀				
BADWORDS_20150317_000921		씨키				
BADWORDS_20150317_000922		씨파				
BADWORDS_20150317_000923		씨팍				
BADWORDS_20150317_000924		씨팔				
BADWORDS_20150317_000925		씨펄				
BADWORDS_20150317_000926		씨풀				
BADWORDS_20150317_000927		씹갓길				
BADWORDS_20150317_000928		씹딱꿍				
BADWORDS_20150317_000929		씹물				
BADWORDS_20150317_000930		씹보지				
BADWORDS_20150317_000931		씹보지년				
BADWORDS_20150317_000932		씹빡				
BADWORDS_20150317_000933		씹새캬				
BADWORDS_20150317_000934		씹샛길				
BADWORDS_20150317_000935		씹생알				
BADWORDS_20150317_000936		씹세				
BADWORDS_20150317_000937		씹세이				
BADWORDS_20150317_000938		씹셋나루				
BADWORDS_20150317_000939		씹쌔				
BADWORDS_20150317_000940		씹쌔기				
BADWORDS_20150317_000941		씹자지년				
BADWORDS_20150317_000942		씹질				
BADWORDS_20150317_000943		씹탱구리				
BADWORDS_20150317_000944		씺				
BADWORDS_20150317_000945		씻퐁				
BADWORDS_20150317_000946		ㅇㅐ자				
BADWORDS_20150317_000947		아가리				
BADWORDS_20150317_000948		아갈이				
BADWORDS_20150317_000949		아갈통				
BADWORDS_20150317_000950		아햏햏				
BADWORDS_20150317_000951		애날				
BADWORDS_20150317_000952		애미				
BADWORDS_20150317_000953		애비				
BADWORDS_20150317_000954		앵벌이				
BADWORDS_20150317_000955		야사				
BADWORDS_20150317_000956		야설				
BADWORDS_20150317_000957		야오이				
BADWORDS_20150317_000958		에미				
BADWORDS_20150317_000959		오라질				
BADWORDS_20150317_000960		오입				
BADWORDS_20150317_000961		올가슴				
BADWORDS_20150317_000962		육구				
BADWORDS_20150317_000963		음순				
BADWORDS_20150317_000964		ㅈㅏ지				
BADWORDS_20150317_000965		ㅈㅣ럴				
BADWORDS_20150317_000966		ㅈl랄				
BADWORDS_20150317_000967		자ㅈㅣ				
BADWORDS_20150317_000968		자ji				
BADWORDS_20150317_000969		잡넘				
BADWORDS_20150317_000970		잡년				
BADWORDS_20150317_000971		잡놈				
BADWORDS_20150317_000972		잡뇬				
BADWORDS_20150317_000973		젖빠지게				
BADWORDS_20150317_000974		젖소부인				
BADWORDS_20150317_000975		조까라				
BADWORDS_20150317_000976		조루				
BADWORDS_20150317_000977		조빠				
BADWORDS_20150317_000978		조빠지게				
BADWORDS_20150317_000979		조쟁이				
BADWORDS_20150317_000980		조지냐				
BADWORDS_20150317_000981		조진다				
BADWORDS_20150317_000982		조질래				
BADWORDS_20150317_000983		족딸				
BADWORDS_20150317_000984		족밥				
BADWORDS_20150317_000985		존나				
BADWORDS_20150317_000986		존나게				
BADWORDS_20150317_000987		존니				
BADWORDS_20150317_000988		존마난				
BADWORDS_20150317_000989		존만한				
BADWORDS_20150317_000990		존물				
BADWORDS_20150317_000991		졸라				
BADWORDS_20150317_000992		졸라게				
BADWORDS_20150317_000993		좁년				
BADWORDS_20150317_000994		좃				
BADWORDS_20150317_000995		좃까라				
BADWORDS_20150317_000996		좃마난				
BADWORDS_20150317_000997		좃만이				
BADWORDS_20150317_000998		좃만한				
BADWORDS_20150317_000999		좃빠지게				
BADWORDS_20150317_001000		좃이나				
BADWORDS_20150317_001001		좆같다				
BADWORDS_20150317_001002		좆같아				
BADWORDS_20150317_001003		좆구녕				
BADWORDS_20150317_001004		좆까라				
BADWORDS_20150317_001005		좆꼴려				
BADWORDS_20150317_001006		좆꼴리				
BADWORDS_20150317_001007		좆나				
BADWORDS_20150317_001008		좆나게				
BADWORDS_20150317_001009		좆대가리				
BADWORDS_20150317_001010		좆대에				
BADWORDS_20150317_001011		좆도				
BADWORDS_20150317_001012		좆마난				
BADWORDS_20150317_001013		좆만한				
BADWORDS_20150317_001014		좆물				
BADWORDS_20150317_001015		좆비비				
BADWORDS_20150317_001016		좆빠				
BADWORDS_20150317_001017		좆빠지게				
BADWORDS_20150317_001018		좆빨이				
BADWORDS_20150317_001019		좆쑤시				
BADWORDS_20150317_001020		좆터래길				
BADWORDS_20150317_001021		좆헛물				
BADWORDS_20150317_001022		좇나				
BADWORDS_20150317_001023		좉나				
BADWORDS_20150317_001024		죤나				
BADWORDS_20150317_001025		죤니				
BADWORDS_20150317_001026		죤만년				
BADWORDS_20150317_001027		죤만놈				
BADWORDS_20150317_001028		죨니				
BADWORDS_20150317_001029		죨라				
BADWORDS_20150317_001030		죨리				
BADWORDS_20150317_001031		죳나				
BADWORDS_20150317_001032		죶나				
BADWORDS_20150317_001033		죶니				
BADWORDS_20150317_001034		죶댓까면서				
BADWORDS_20150317_001035		죶마난				
BADWORDS_20150317_001036		죶빠지게				
BADWORDS_20150317_001037		죷맹구				
BADWORDS_20150317_001038		주둥아리				
BADWORDS_20150317_001039		주둥이				
BADWORDS_20150317_001040		주민등록번호생성기				
BADWORDS_20150317_001041		주민등록생성기				
BADWORDS_20150317_001042		죽이는동영상				
BADWORDS_20150317_001043		쥐랄				
BADWORDS_20150317_001044		쥐럴				
BADWORDS_20150317_001045		쥐롤				
BADWORDS_20150317_001046		쥐뢀				
BADWORDS_20150317_001047		즉발				
BADWORDS_20150317_001048		즐길녀				
BADWORDS_20150317_001049		즤랄				
BADWORDS_20150317_001050		즤랄떠냐				
BADWORDS_20150317_001051		지랄				
BADWORDS_20150317_001052		지랄이				
BADWORDS_20150317_001053		지랄하				
BADWORDS_20150317_001054		지랄하는				
BADWORDS_20150317_001055		지랄해				
BADWORDS_20150317_001056		지럴				
BADWORDS_20150317_001057		지롤				
BADWORDS_20150317_001058		지미랄				
BADWORDS_20150317_001059		지미럴				
BADWORDS_20150317_001060		지좆				
BADWORDS_20150317_001061		질알				
BADWORDS_20150317_001062		질질싸				
BADWORDS_20150317_001063		짬쥐				
BADWORDS_20150317_001064		짬지				
BADWORDS_20150317_001065		쪼갈				
BADWORDS_20150317_001066		쪼까튼				
BADWORDS_20150317_001067		쫀나				
BADWORDS_20150317_001068		쫃갇네				
BADWORDS_20150317_001069		쫃같네				
BADWORDS_20150317_001070		쫍밥				
BADWORDS_20150317_001071		쫒같				
BADWORDS_20150317_001072		쯰랄				
BADWORDS_20150317_001073		쯰롤				
BADWORDS_20150317_001074		찌랄				
BADWORDS_20150317_001075		찌랄이				
BADWORDS_20150317_001076		찌럴				
BADWORDS_20150317_001077		찌롤				
BADWORDS_20150317_001078		찌찌				
BADWORDS_20150317_001079		창남				
BADWORDS_20150317_001080		창녀촌				
BADWORDS_20150317_001081		첫경험				
BADWORDS_20150317_001082		첫날밤하는거				
BADWORDS_20150317_001083		체벌				
BADWORDS_20150317_001084		컴색				
BADWORDS_20150317_001085		컴쎅				
BADWORDS_20150317_001086		컴s				
BADWORDS_20150317_001087		컴x				
BADWORDS_20150317_001088		코카인				
BADWORDS_20150317_001089		탱구리				
BADWORDS_20150317_001090		펠라치오				
BADWORDS_20150317_001091		폰녀구함				
BADWORDS_20150317_001092		폰떽				
BADWORDS_20150317_001093		폰번호				
BADWORDS_20150317_001094		폰팅				
BADWORDS_20150317_001095		폰s				
BADWORDS_20150317_001096		폰x				
BADWORDS_20150317_001097		하고픈녀				
BADWORDS_20150317_001098		핥아줌				
BADWORDS_20150317_001099		핸타이				
BADWORDS_20150317_001100		허뎝				
BADWORDS_20150317_001101		허벌				
BADWORDS_20150317_001102		허벌창				
BADWORDS_20150317_001103		헤로인				
BADWORDS_20150317_001104		헨타이				
BADWORDS_20150317_001105		헴타이				
BADWORDS_20150317_001106		호냥년				
BADWORDS_20150317_001107		호로				
BADWORDS_20150317_001108		호로년				
BADWORDS_20150317_001109		호로뇬				
BADWORDS_20150317_001110		호로새리				
BADWORDS_20150317_001111		호로색끼				
BADWORDS_20150317_001112		호로자슥				
BADWORDS_20150317_001113		호모섹기				
BADWORDS_20150317_001114		호모쎄끼				
BADWORDS_20150317_001115		호봉세씨				
BADWORDS_20150317_001116		호봉쎄끼				
BADWORDS_20150317_001117		호봉쒜리				
BADWORDS_20150317_001118		호빠				
BADWORDS_20150317_001119		호스테스				
BADWORDS_20150317_001120		호스트바				
BADWORDS_20150317_001121		호스트빠				
BADWORDS_20150317_001122		호스티스				
BADWORDS_20150317_001123		호양년				
BADWORDS_20150317_001124		호테스바				
BADWORDS_20150317_001125		호테스빠				
BADWORDS_20150317_001126		혼음				
BADWORDS_20150317_001127		혼탕				
BADWORDS_20150317_001128		화냥				
BADWORDS_20150317_001129		화양				
BADWORDS_20150317_001130		화양년				
BADWORDS_20150317_001131		후까시				
BADWORDS_20150317_001132		후라질				
BADWORDS_20150317_001133		후래아				
BADWORDS_20150317_001134		후래자식				
BADWORDS_20150317_001135		후러덜넘				
BADWORDS_20150317_001136		후레야				
BADWORDS_20150317_001137		후레자식				
BADWORDS_20150317_001138		흥분제				
BADWORDS_20150317_001139		히로뽕				
BADWORDS_20150317_001140		ac발				
BADWORDS_20150317_001141		g랄				
BADWORDS_20150317_001142		r녀				
BADWORDS_20150317_001143		x녀				
BADWORDS_20150317_001144		x물				
BADWORDS_20150317_001145		x지				
BADWORDS_20150317_001146		x터시				
BADWORDS_20150317_001147		x털				
BADWORDS_20150317_001148		x한				
BADWORDS_20150317_001149		x할				
BADWORDS_20150317_001150		ya설				
BADWORDS_20150317_001151		ya한				
BADWORDS_20150317_001152		볍신				
BADWORDS_20150317_001153		볍진				
BADWORDS_20150317_001154		병진새				
BADWORDS_20150317_001155		병진쉐				
BADWORDS_20150317_001156		시1발				
BADWORDS_20150317_001157		씨1발				
BADWORDS_20150317_001158		존1나				
BADWORDS_20150317_001159		병1신				
BADWORDS_20150317_001160		된장년				
BADWORDS_20150317_001161		김치년				
BADWORDS_20150317_001162		보슬년				
BADWORDS_20150317_001163		보슬아치				
