UI_20150317_000001	{@st41b}각 클래스 마스터들에게서{nl}특성을 배울 수 있습니다.{/}
UI_20150317_000002	{@st43}특성 목록{/}
UI_20150317_000003	{@st59}특성리스트를 닫습니다{/}
UI_20150317_000004	{@st43}특성 배우기{/}
UI_20150317_000005	{@st59}특성창을 닫습니다{/}
UI_20150317_000006	{@st41b}소지금{/}
UI_20150317_000007	나의 업적
UI_20150317_000008	서버 랭킹
UI_20150317_000009	{@st59}돌발이벤트가 있습니다{/}
UI_20150317_000010	{@st59}도움말이 있습니다{/}
UI_20150317_000011	{@st41}어떤 종류의 화살을 제작하겠습니까?{/}
UI_20150317_000012	{@st41b}한번만{/}
UI_20150317_000013	{@st41b}모두{/}
UI_20150317_000014	{@st41b}중단{/}
UI_20150317_000015	{@st43}모험일지{/}
UI_20150317_000016	{@st43}경매장{/}
UI_20150317_000017	{@st59}경매장을 닫습니다{/}
UI_20150317_000018	{@st41b}낙찰물품 : %s개,  유찰물품 : %s개{/}
UI_20150317_000019	{@st43}{s22}아이템 경매{/}
UI_20150317_000020	{@st59}퀘스트 정보를 닫습니다{/}
UI_20150317_000021	아베일레스트
UI_20150317_000022	{@st41b}남은 시간
UI_20150317_000023	3시간 16분
UI_20150317_000024	{@st41b}시작가
UI_20150317_000025	{@st41b}입찰수
UI_20150317_000026	{@st41b}현재가
UI_20150317_000027	{@st41b}입찰금
UI_20150317_000028	{@st41b}최소 {@st57}%s {@st41b}실버부터 입찰가능{/}
UI_20150317_000029	{@st41b}입찰{/}
UI_20150317_000030	{@st43b}바로 구매!{nl}{img icon_item_silver 20 20}{@st57}%s{/}
UI_20150317_000031	{@st44}권한설정{/}
UI_20150317_000032	{@st45}이름:%s{/}
UI_20150317_000033	{@st45}파티 창고{/}
UI_20150317_000034	{@st49}없음
UI_20150317_000035	{@st49}넣기
UI_20150317_000036	{@st49}가져오기
UI_20150317_000037	{@st45}설문{/}
UI_20150317_000038	{@st49}작성
UI_20150317_000039	{@st49}삭제
UI_20150317_000040	{@st44}저장{/}
UI_20150317_000041	{@st44}취소{/}
UI_20150317_000042	{@st43}{s22}미용실{/}
UI_20150317_000043	{@st59}이전 머리{/}
UI_20150317_000044	{@st59}다음 머리{/}
UI_20150317_000045	{@st41b}변경{s18}(NXP 100 필요){/}
UI_20150317_000046	{@st59}선택한 헤어로 변경합니다.{/}
UI_20150317_000047	{@st41}해약
UI_20150317_000048	{@st43}블랙 마켓{/}
UI_20150317_000049	책이름
UI_20150317_000050	{@st59}독서를 그만둡니다{/}
UI_20150317_000051	{@st59}이전 페이지{/}
UI_20150317_000052	{@st59}다음페이지{/}
UI_20150317_000053	{@st47}%s 등장!!
UI_20150317_000054	{@st43}스코어{/}
UI_20150317_000055	받은 데미지
UI_20150317_000056	테크닉 보너스
UI_20150317_000057	회피 보너스
UI_20150317_000058	클리어 시간
UI_20150317_000059	총 점수
UI_20150317_000060	{@st42}경과 시간
UI_20150317_000061	10분
UI_20150317_000062	10초
UI_20150317_000063	{@st44}마감하기
UI_20150317_000064	{@st59}자판기를 닫습니다{/}
UI_20150317_000065	{@st43}버프 자판기
UI_20150317_000066	자판기 이름
UI_20150317_000067	{@st43}등록
UI_20150317_000068	{@st43}취소
UI_20150317_000069	버프 자판기
UI_20150317_000070	{@st59}버프 자판기를 닫습니다.
UI_20150317_000071	{@st59}버프 자판기{nl} - 실버를 지불해 해당 플레이어에게 버프 기술을 시전받을 수 있습니다.
UI_20150317_000072	마차메뉴
UI_20150317_000073	{ol}{s22}내리기{/}
UI_20150317_000074	캐스팅
UI_20150317_000075	{@st43}게임설정{/}
UI_20150317_000076	{@st64}방향키를 입력해 셀을 선택하세요!
UI_20150317_000077	{@st43}전직 정보{/}
UI_20150317_000078	{@st43}클래스 선택
UI_20150317_000079	사이코키네스스트
UI_20150317_000080	{@st42}%s 서클{/}
UI_20150317_000081	몇 서클
UI_20150317_000082	클래스에 대한 간단한 설명을 이곳에 표시합니다.
UI_20150317_000083	{@st41b}공격력 {@sti7}%s{/}
UI_20150317_000084	{@st41b}보조    {@sti7}%s{/}
UI_20150317_000085	{@st41b}난이도 {@sti7}%s{/}
UI_20150317_000086	{@st59}클래스 정보 창을 닫습니다{/}
UI_20150317_000087	전직 가능 알람
UI_20150317_000088	{@st43}클래스 전직
UI_20150317_000089	{@sti7}{s14}캐릭터{/}
UI_20150317_000090	{@sti8}{s14}클래스{/}
UI_20150317_000091	{@st44}채팅{/}
UI_20150317_000092	To. WWWWWWWW 외 1
UI_20150317_000093	일반 : /s 내용{nl}외침 : /y 내용{nl}파티 : /p 내용{nl}귓속말 : /w 캐릭명 내용
UI_20150317_000094	{@st41}일반 대화{/}
UI_20150317_000095	{@59}종료하기{/}
UI_20150317_000096	{@59}초대하기{/}
UI_20150317_000097	{@st59}전체{/}
UI_20150317_000098	{@st59}일반  (/s 할말){/}
UI_20150317_000099	{@st59}외침  (/y 할말){/}
UI_20150317_000100	{@st59}파티  (/p 할말){/}
UI_20150317_000101	{@st59}귓속말   (/w 팀이름 할말){/}
UI_20150317_000102	{@st59}채팅창 크기 조절{/}
UI_20150317_000103	{@st43}{s22}채팅 매크로{/}
UI_20150317_000104	{@st43}매크로{/}
UI_20150317_000105	{@st59b}매크로{nl}{@st59s} - 사용 방법 : {nl} 1. 상단의 제스쳐 아이콘을 하단의 제스쳐 슬롯에 등록{nl} 2. 대화문구 작성 후 저장{nl} 3. 해당 단축키를 사용해서 대사와 동시에 제스쳐 동작{/}
UI_20150317_000106	{@st59}매크로를 닫습니다{/}
UI_20150317_000107	{@st41b}저장{/}
UI_20150317_000108	{@st59}등록한 내용을 저장합니다{/}
UI_20150317_000109	{@st41b}취소{/}
UI_20150317_000110	{@st59}등록한 내용을 취소합니다{/}
UI_20150317_000111	{@st42}채팅 설정
UI_20150317_000112	{@st42}투명도
UI_20150317_000113	말풍선 표시
UI_20150317_000114	화면 상단에 외치기 내용 표시
UI_20150317_000115	{@st43}치트리스트{/}
UI_20150317_000116	{@st42b}  아이템  {/}
UI_20150317_000117	{@st42b}  몬스터  {/}
UI_20150317_000118	{@st42b}  맵이동  {/}
UI_20150317_000119	{@st42b}  전투명령  {/}
UI_20150317_000120	{@st41b}닫기{/}
UI_20150317_000121	{s16}{b}더블클릭 또는 생성 버튼으로 아이템을 생성할 수 있습니다.
UI_20150317_000122	{s16}{b}개
UI_20150317_000123	{s16}{b}레벨
UI_20150317_000124	{@st41b}검색{/}
UI_20150317_000125	{s16}{b}더블클릭 또는 생성버튼으로 몬스터를 소환할 수 있습니다.
UI_20150317_000126	{s16}{b}마리
UI_20150317_000127	{s16}{b}원하는 지역을 선택하세요
UI_20150317_000128	{s18}{b}미니맵 보기{/}
UI_20150317_000129	{@st41b}툴 리스트{/}
UI_20150317_000130	{@st59b}콜렉션{nl}{@st59s} - 게임내 콜렉션 덱을 구해 아이템을 수집하면 해당 아이템 수집 가능{nl} - 콜렉션 덱 아이템 사용했을 경우 콜렉션 단축키가 활성화{nl}{/}
UI_20150317_000131	{@st59}콜렉션 정보를 닫습니다{/}
UI_20150317_000132	{@st43}콜렉션{/}
UI_20150317_000133	{@st43}컬러스프레이{/}
UI_20150317_000134	{@st49}컬러스프레이{/}
UI_20150317_000135	{@st49}색상{/}
UI_20150317_000136	{@st49}잔량{/}
UI_20150317_000137	{@st49}브러쉬{/}
UI_20150317_000138	{@st49}{a END_EDIT_SPRAY}그리기{/}{/}
UI_20150317_000139	{@st49}{a SAVE_EDIT_SPRAY}저장{/}{/}
UI_20150317_000140	{@st49}{a LOAD_EDIT_SPRAY}불러오기{/}{/}
UI_20150317_000141	{@st49}닫기{/}
UI_20150317_000142	{@st43}컴패니언 분양
UI_20150317_000143	{@st59}분양 받을 컴패니언의 이름을 입력하세요{/}
UI_20150317_000144	{@st41b}이름{/}
UI_20150317_000145	{@st41b}가격     %s{/}
UI_20150317_000146	{@st59}컴패니엄 분양 창을 닫습니다{/}
UI_20150317_000147	{@st41b}분양
UI_20150317_000148	{@st59}분양 받을 컴패니언을 결정합니다{/}
UI_20150317_000149	{@st43}컴패니언 샵
UI_20150317_000150	{@st59}컴패니언 상점을 닫습니다{/}
UI_20150317_000151	{@st43}다른 캐릭터 정보{/} {@st42}
UI_20150317_000152	{@st59}캐릭터 정보를 닫습니다{/}
UI_20150317_000153	{@st41b}정보
UI_20150317_000154	{@st41b}기록
UI_20150317_000155	팀이륨
UI_20150317_000156	캐릭이륨
UI_20150317_000157	{#ffff00}%s{/}랭크 %s {#ffff00}%s{/}레벨
UI_20150317_000158	젼샤
UI_20150317_000159	모험지수 {#ffff00}%s{/} ({#ffff00}%s{/}위/%s)
UI_20150317_000160	모험지수 {#ffff00}%s{/} ({#ffff00}Unranked{/})
UI_20150317_000161	업적달성 {#ffff00}%s{/}개
UI_20150317_000162	설정
UI_20150317_000163	탭 제목을 지우고 확인하면 탭이 삭제됩니다
UI_20150317_000164	{@st49}전체{/}
UI_20150317_000165	{@st49}시스템{/}
UI_20150317_000166	{@st49}대화{/}
UI_20150317_000167	{@st49}전투{/}
UI_20150317_000168	{@st49}아이템{/}
UI_20150317_000169	{@st43}크레딧{/}
UI_20150317_000170	{@st43}타겟 고정 설정 중{/}
UI_20150317_000171	엔피씨이름
UI_20150317_000172	비교
UI_20150317_000173	일러스트
UI_20150317_000174	대화 선택
UI_20150317_000175	텍스트 헬프
UI_20150317_000176	{@st41}아이템 제조{/}
UI_20150317_000177	{@st45tw2}아이템 제작 중...
UI_20150317_000178	%r 초
UI_20150317_000179	{@st41}취소{/}
UI_20150317_000180	{@st45tw2}수량 {/}
UI_20150317_000181	{@st45tw2}아이템을 만드시겠습니까?
UI_20150317_000182	{@st41}결정{/}
UI_20150317_000183	퀘스트 정보
UI_20150317_000184	{@st59}거래를취소합니다{/}
UI_20150317_000185	{@st43}개인 거래{/}
UI_20150317_000186	내 거래 목록
UI_20150317_000187	실버 : %s
UI_20150317_000188	입력
UI_20150317_000189	{@st41}수락
UI_20150317_000190	{@st41}최종확인
UI_20150317_000191	상대방(%s) 거래 목록
UI_20150317_000192	상대방이름
UI_20150317_000193	{s18}{ol}{gr gradation1}필드 이벤트{/}
UI_20150317_000194	{s20}{ol}부베족을 물리쳐라! 참가하시겠습니까?
UI_20150317_000195	{s20}{ol}%s 참가하시겠습니까?
UI_20150317_000196	{s20}{ol}참가 인원 : (1/5)
UI_20150317_000197	{s20}{ol}참가 인원 : (%s/%s)
UI_20150317_000198	{s20}{ol}1초 후 게임이 시작됩니다.
UI_20150317_000199	{s20}{ol}%s초 후 게임이 시작됩니다.
UI_20150317_000200	오늘 하루 보지 않기.
UI_20150317_000201	필드 이벤트를 보지 않습니다.
UI_20150317_000202	게임 참여
UI_20150317_000203	플레이어들과 게임을 시작합니다.
UI_20150317_000204	게임 참여를 하지 않습니다.
UI_20150317_000205	스프레이 프리셋
UI_20150317_000206	{@st49}선택{/}
UI_20150317_000207	{@st49}취소{/}
UI_20150317_000208	{@st49}삭제{/}
UI_20150317_000209	저장할 파일의 이름을 입력합니다.
UI_20150317_000210	{@st43}친구
UI_20150317_000211	{@st59}친구 목록를 닫습니다{/}
UI_20150317_000212	{@st59b}친구{nl}{@st59s} - 친구 관계는 계정 사이에 생성{nl} - 목록 탭에서 친구들의 상태 확인/삭제 가능{nl} - 관리 탭에서 초대, 거절, 차단 등의 내용을 확인{/}
UI_20150317_000213	{@st41b}접속한 친구만 보기{/}
UI_20150317_000214	{@st41b}목록
UI_20150317_000215	{@st41b}관리
UI_20150317_000216	{@st41b}친구 신청
UI_20150317_000217	{@st41b}차단
UI_20150317_000218	{@st59}검색{/}
UI_20150317_000219	{@st44}길드{/}
UI_20150317_000220	길드
UI_20150317_000221	명단
UI_20150317_000222	새소식
UI_20150317_000223	길드미션
UI_20150317_000224	접속중인 구성원 수
UI_20150317_000225	{@st44}길드생성{/}
UI_20150317_000226	{@st42}생성{/}
UI_20150317_000227	{@st42}닫기{/}
UI_20150317_000228	{@st42}전체{/}
UI_20150317_000229	{@st42}오늘랭킹{/}
UI_20150317_000230	{@st42}주간랭킹{/}
UI_20150317_000231	{@st56}순위{/}
UI_20150317_000232	{@st56}점수{/}
UI_20150317_000233	{@st56}직업{/}
UI_20150317_000234	{@st56}이름{/}
UI_20150317_000235	이전 페이지
UI_20150317_000236	다음 페이지
UI_20150317_000237	{@st42}ID 검색{/}
UI_20150317_000238	입력한 ID를 검색합니다
UI_20150317_000239	명예의 전당을 닫습니다
UI_20150317_000240	검색할 ID를 입력합니다
UI_20150317_000241	{@st59}스태미나{/}
UI_20150317_000242	{@st43}도움말 목록{/}
UI_20150317_000243	{@st59}도움말 목록 창을 닫습니다{/}
UI_20150317_000244	{@st59b}도움말 목록{nl}{@st59s} - 읽었던 도움말들을 목록에서 다시 확인 가능{nl} - 원하는 항목을 선택해서 상세 보기{/}
UI_20150317_000245	{@st43}{s22}도움말{/}
UI_20150317_000246	{@st47_b}{b}도움말 제목{/}
UI_20150317_000247	{@st42b}심플 도움말내용{/}
UI_20150317_000248	{@st59}자세하게 보기{/}
UI_20150317_000249	수량을 입력하세요
UI_20150317_000250	{@st59}내용을 입력합니다{/}
UI_20150317_000251	{@st41b}확인
UI_20150317_000252	{@st59}입력 내용을 확인합니다{/}
UI_20150317_000253	{@st41b}닫기
UI_20150317_000254	{@st59}입력을 취소합니다{/}
UI_20150317_000255	{@st43}워프{/}
UI_20150317_000256	{@st59}워프 창을 닫습니다{/}
UI_20150317_000257	{@st59b}워프{nl}{@st59s} - 자신이 방문한 지역으로 워프할 수 있는 시스템{nl} - 워프가 2개이상일때 워프 기능 활성화{nl}{/}
UI_20150317_000258	{@st41}현재 위치 : %s{/}
UI_20150317_000259	{@st43}{s22}워프{/}
UI_20150317_000260	{@st41b}이 지역으로 이동하시겠습니까?{/}
UI_20150317_000261	사울레이 어쩌고
UI_20150317_000262	소모 코인 : 0
UI_20150317_000263	인트로
UI_20150317_000264	{@st43}인벤토리{/}
UI_20150317_000265	{@st59}인벤토리를 닫습니다{/}
UI_20150317_000266	{@st59b}착용장비{nl}{@st59s} - 헤어/코스튬 : 외형 변경 가능 아이템 착용{nl} - 무기 : 한손 장비 및 양손 장비 착용 가능{nl}   (한손 장비 착용시 서브웨폰/방패 착용 가능 ){nl} - 방어구 : 상의, 하의, 장갑, 신발 착용{nl} - 악세서리 : 목걸이 1개, 팔찌 2개 착용{nl}{/}
UI_20150317_000267	{@st59}헤어 코스튬1{/}
UI_20150317_000268	{@st59}헤어 코스튬2{/}
UI_20150317_000269	{@st59}목걸이{/}
UI_20150317_000270	{@st59}코스튬{/}
UI_20150317_000271	{@st59}상의{/}
UI_20150317_000272	{@st59}장갑{/}
UI_20150317_000273	{@st59}하의{/}
UI_20150317_000274	{@st59}신발{/}
UI_20150317_000275	{@st59}왼손{/}
UI_20150317_000276	{@st59}오른손{/}
UI_20150317_000277	{@st59}팔찌1{/}
UI_20150317_000278	{@st59}팔찌2{/}
UI_20150317_000279	{@st59}암밴드{/}
UI_20150317_000280	{@st59}입력한 이름으로 검색합니다{/}
UI_20150317_000281	무게
UI_20150317_000282	{@st43}장비 버프{/}
UI_20150317_000283	{@st59}수리 UI를 닫습니다{/}
UI_20150317_000284	{@st42}버프 가능 장비 목록
UI_20150317_000285	{@st42}소모 아이템{/}
UI_20150317_000286	{@st42}실행
UI_20150317_000287	{@st42}타겟 아이템{/}
UI_20150317_000288	{@st59}링1{/}
UI_20150317_000289	{@st43}아이템 제작{/}
UI_20150317_000290	{@st42b}재료가 있는 것만 보기{/}
UI_20150317_000291	{@st59}아이템 제작을 닫습니다{/}
UI_20150317_000292	{@st43}{s22}아이템 나누기
UI_20150317_000293	{@st59}개수를 입력하세요{/}
UI_20150317_000294	몬스터 체력게이지
UI_20150317_000295	{@st44}세트 아이템 획득{/}
UI_20150317_000296	키보드 워리어
UI_20150317_000297	킬
UI_20150317_000298	99분 99초
UI_20150317_000299	38000 점
UI_20150317_000300	향상된 신속의 물약
UI_20150317_000301	{@st41}확 인{/}
UI_20150317_000302	{@st59b}모험일지{nl}{@st59s} - 자신의 진행한 정보가 모험일지에 기록{nl} - 아이템 습득, 몬스터 사냥, 제작, 맵탐험, 콘텐츠 진행으로 모험지수 획득{nl}    모험지수 : 다른 모든 지수의 총 합{nl}    성장 : 레벨 및 직업 레벨당 5점{nl}    아이템 : 장비 : 등급 X 10점, 책 : 10점, 기타 : 1점{nl}    몬스터 : 몬스터당 10점 (보스 : 50점){nl}    지역탐색 : 10%당 1점{nl}    퀘스트 : 퀘스트당 1점{nl}    업적 : 업적별로 다름{nl}    제작법 : 개당 10점{nl}    콜렉션 : 덱 5점 , 완성 45점{nl} - 획득한 모험지수에 따라 마을 NPC에게서 보상 획득{/}
UI_20150317_000303	{@sti7}{s22}{ds}모험지수 달성도{/}
UI_20150317_000304	{@st42b}{#22FF22}상위 10% / %s점{/}
UI_20150317_000305	{@st42b}전체 평균 /  %s점{/}
UI_20150317_000306	1위 / %s점
UI_20150317_000307	%s위
UI_20150317_000308	%s점
UI_20150317_000309	직업
UI_20150317_000310	팀
UI_20150317_000311	{@st59}모험일지를 닫습니다{/}
UI_20150317_000312	{@st43}모험일지 랭킹{/}
UI_20150317_000313	{@st43}{s22}랭킹
UI_20150317_000314	{@st43}{s22}이름
UI_20150317_000315	{@st43}{s22}점수
UI_20150317_000316	{@st41}상세정보{/}
UI_20150317_000317	{@st43}제작시작{/}
UI_20150317_000318	{@st59}아이템 제작을 시작합니다.{/}
UI_20150317_000319	{@st44}키패드{/}
UI_20150317_000320	{@st42}제한 시간
UI_20150317_000321	{@st56}킬{/}
UI_20150317_000322	{@st56}오버킬{/}
UI_20150317_000323	{@st56}피격{/}
UI_20150317_000324	{@st56}사망{/}
UI_20150317_000325	주문력
UI_20150317_000326	방어력
UI_20150317_000327	마법저항력
UI_20150317_000328	치명타율
UI_20150317_000329	{@st43}소켓 관리{/}
UI_20150317_000330	{@st59}소켓 관리를 닫습니다{/}
UI_20150317_000331	아이템을 올려주세요
UI_20150317_000332	포텐셜
UI_20150317_000333	소켓 추가 비용 : {#ff9933}%s{/}{nl}젬 추출 비용 : {#ff9933}%s{/}
UI_20150317_000334	{@st41b}소켓 추가
UI_20150317_000335	{@st41b}젬 추출
UI_20150317_000336	{@st41}제조{/}
UI_20150317_000337	{@st41}%s  %s 개
UI_20150317_000338	지역 지도
UI_20150317_000339	탐사율 : 95.5%
UI_20150317_000340	{@st45tw}탐사율 %s%{/}
UI_20150317_000341	{@st59}지도를 닫습니다 (M){/}
UI_20150317_000342	{@st41}지도{/}
UI_20150317_000343	시프트(지우기), 컨트롤(중간채우기)
UI_20150317_000344	{ol}제목
UI_20150317_000345	{@st41}추가{/}
UI_20150317_000346	{@st41}삭제{/}
UI_20150317_000347	{@st41}저장{/}
UI_20150317_000348	{@st41}자동{/}
UI_20150317_000349	{@st41}초기화{/}
UI_20150317_000350	{@st59}조각의 개수를 설정합니다.{/}
UI_20150317_000351	{ol}그룹
UI_20150317_000352	{ol}메세지
UI_20150317_000353	{ol}사운드
UI_20150317_000354	{@st41}미니맵 제작{/}
UI_20150317_000355	{@st55}지역 지도
UI_20150317_000356	{@st43}{s22}마켓{/}
UI_20150317_000357	{@st43}{s24}마켓{/}
UI_20150317_000358	{@st42b}계열{/}
UI_20150317_000359	{@st42b}타입{/}
UI_20150317_000360	{@st42b}착용 레벨{/}
UI_20150317_000361	{@st42b}강화 수치{/}
UI_20150317_000362	{@st42b}이름
UI_20150317_000363	{@st41b}아이템 수령함%s
UI_20150317_000364	{@st41b}판매 등록
UI_20150317_000365	{@st41b}검색
UI_20150317_000366	{@st59}마켓 창을 닫습니다{/}
UI_20150317_000367	{@st42b}보기 순서
UI_20150317_000368	{@st41b}판매중인 아이템
UI_20150317_000369	{@st43}{s22}아이템 수령함
UI_20150317_000370	{@st41b}모두 받기
UI_20150317_000371	{@st41b}아이템 수령함
UI_20150317_000372	{@st43}{s22}판매 등록
UI_20150317_000373	{@st42b}개수
UI_20150317_000374	{@st42b}가격
UI_20150317_000375	{@st42b}판매자 비공개{/}
UI_20150317_000376	{@st41b}등록
UI_20150317_000377	공성전 코인
UI_20150317_000378	누군가누구를처치했습니다.
UI_20150317_000379	{@st43}미니게임{/}
UI_20150317_000380	{@st49}투석기발사{/}
UI_20150317_000381	{@st44}방향조절{/}
UI_20150317_000382	{@st44}발사{/}
UI_20150317_000383	미니게임
UI_20150317_000384	{s18}{ol}{gr gradation1}얼음 땡 미니게임{/}
UI_20150317_000385	{s16}미니게임에 참가하시겠습니까?
UI_20150317_000386	{s16}참가 인원 : (0/5)
UI_20150317_000387	{s16}참가 인원 : (%s/%s)
UI_20150317_000388	{s16}1초 후 게임이 시작됩니다.
UI_20150317_000389	{s16}%s초 후 게임이 시작됩니다.
UI_20150317_000390	{@st59}확대{/}
UI_20150317_000391	{@st59}축소{/}
UI_20150317_000392	{@st59}지도 (M){/}
UI_20150317_000393	{@st42b}지역 지도
UI_20150317_000394	{@st44}아이템 조합기{/}
UI_20150317_000395	{s16}{#FFcc66}{ol}제작할 아이템을 선택하세요{/}{/}
UI_20150317_000396	{s16}{#FFcc66}{ol}재료 아이템을 슬롯에 드래그 하세요
UI_20150317_000397	{@st42}제작{/}
UI_20150317_000398	{@st42}취소{/}
UI_20150317_000399	%s의 정보
UI_20150317_000400	케파라던가
UI_20150317_000401	{@st41}{상세정보}
UI_20150317_000402	{s20}{#050505}몬스터 설명 내용 몬스터 설명 내용 몬스터 설명 내용 몬스터 설명 내용
UI_20150317_000403	{@st41} 킬 {/}
UI_20150317_000404	{@st41} 오버킬 {/}
UI_20150317_000405	{@st41} 일반킬 {/}
UI_20150317_000406	{@st41} 지역 {/}
UI_20150317_000407	{@st41} 아이템 {/}
UI_20150317_000408	{@st41} 업적 {/}
UI_20150317_000409	대상
UI_20150317_000410	{@st43}네크로노미콘{/}
UI_20150317_000411	{@st59}네크로노미콘 UI를 닫습니다{/}
UI_20150317_000412	{@st59}나는 아무 생각이 없다. 왜냐하면 아무 생각이 없기 때문이다.{/}
UI_20150317_000413	소환체 : {#ffcc33}%s{/}
UI_20150317_000414	언데드 하피
UI_20150317_000415	스킬 : %s
UI_20150317_000416	스킬1, 스킬2
UI_20150317_000417	필요 파편 : %s
UI_20150317_000418	야수 60 / 곤충 20 / 변이 10
UI_20150317_000419	파편의 갯수
UI_20150317_000420	파츠1
UI_20150317_000421	파츠2
UI_20150317_000422	파츠3
UI_20150317_000423	축하합니다! 레벨이 상승하였습니다
UI_20150317_000424	아이템알림
UI_20150317_000425	{@st64}내용{/}
UI_20150317_000426	조작 튜토리얼
UI_20150317_000427	{@st42b}캐릭터가 상하좌우 4방향으로  이동합니다{/}
UI_20150317_000428	{@st42b}캐릭터가 기본 공격을 합니다{/}
UI_20150317_000429	{@st42b}캐릭터가 제자리 또는 이동시 점프를 합니다{/}
UI_20150317_000430	{@st42b}인접한 방향키 2개를 동시에 입력해 대각선으로 이동합니다{/}
UI_20150317_000431	맵 포그 툴
UI_20150317_000432	몬스터 죽이기 툴
UI_20150317_000433	미니맵 만들기 툴
UI_20150317_000434	다이얼로그 툴
UI_20150317_000435	{@st43}운영자 설정{/}
UI_20150317_000436	{@st59}파티 정보를 닫습니다{/}
UI_20150317_000437	{@st59b}파티 정보{nl}{@st59s} - 하단의 파티 생성 버튼을 눌러 스스로 파티 생성 가능{nl} - 다른 유저의 캐릭터 위에서 마우스 우클릭으로 파티 초대 가능{nl} - 설정탭에서 현재 파티의 다양한 설정을 실시간으로 조정{nl} - 파티 목록으로 파티원을 구할때 공개 항목에서 조건 설정{/}
UI_20150317_000438	{@st43}파티 정보{/}
UI_20150317_000439	{@st41b}구성{/}
UI_20150317_000440	{@st41b}파티 이벤트{/}
UI_20150317_000441	{@st41b}설정{/}
UI_20150317_000442	{@st41}멤버{/}
UI_20150317_000443	{@st41}파티 가입 조건
UI_20150317_000444	{@st41b}공개
UI_20150317_000445	{@st41b}비공개
UI_20150317_000446	희망 레벨                                 ~
UI_20150317_000447	{@st41}아이템 분배 규칙
UI_20150317_000448	{@st41b}각자 획득
UI_20150317_000449	{@st41b}순서대로 획득
UI_20150317_000450	{@st41b}랜덤하게 분배
UI_20150317_000451	{@st41}경험치 분배 규칙
UI_20150317_000452	{@st41b}각자얻기
UI_20150317_000453	{@st41b}균등분배
UI_20150317_000454	{@st41b}레벨차등
UI_20150317_000455	{@st41}퀘스트 공유
UI_20150317_000456	{@st41b}사용
UI_20150317_000457	{@st41b}사용안함
UI_20150317_000458	{@st41b}파티 생성
UI_20150317_000459	{@st43}공개 파티 목록{/}
UI_20150317_000460	{@st59b}공개 파티 목록{nl}{@st59s} - 서버내 공개된 파티 목록을 확인해서 원하는 파티에 가입{nl} - 검색 옵션 사용으로 원하는 조건의 파티 검색{/}
UI_20150317_000461	{@st59}파티목록을 닫습니다{/}
UI_20150317_000462	검색 옵션 사용
UI_20150317_000463	퀘스트 공유
UI_20150317_000464	경험치 분배규칙
UI_20150317_000465	아이템 분배규칙
UI_20150317_000466	{@st43}초대
UI_20150317_000467	{@st41b}초대{/}
UI_20150317_000468	{s18}{ol}{gr gradation1}로그아웃 PC 규칙{/}
UI_20150317_000469	{ol}규칙 적용 조건
UI_20150317_000470	{ol}규칙 적용 동작
UI_20150317_000471	규칙의 이름을 입력합니다
UI_20150317_000472	{gr gradation1}등록{/}
UI_20150317_000473	규칙을 등록합니다
UI_20150317_000474	{gr gradation1}취소{/}
UI_20150317_000475	작업을 취소합니다
UI_20150317_000476	{@st43}컴패니언 정보
UI_20150317_000477	{@st59b}컴패니언 정보{nl}{@st59s} - 휴면/활동 버튼으로 컴패니언 넣고 빼기 가능{nl} - 컴패니언의 특성, 아이템 장착으로 커스터마이즈 가능{/}
UI_20150317_000478	{@st59}컴패니언 정보를 닫습니다{/}
UI_20150317_000479	{@st41b}이름 : {@sti9}%s{/}
UI_20150317_000480	{@sti9}%s{@st41b}과의 친밀도 : {@sti9}%s {@st41b}레벨{/}
UI_20150317_000481	{@st41b}경험치{/}
UI_20150317_000482	{@st41b}스태미나{/}
UI_20150317_000483	{@st41b}친밀도{/}
UI_20150317_000484	{@st41b}특성 및 정보
UI_20150317_000485	{@st43}컴패니언{/}
UI_20150317_000486	{@st59b}컴패니언{nl}{@st59s} - 목록에서 원하는 항목을 클릭해서 상세 정보 보기{/}
UI_20150317_000487	{@st59}컴패니언을 닫습니다{/}
UI_20150317_000488	{@st59}도움말 창을 닫습니다{/}
UI_20150317_000489	{@st59}도움말{nl} - 도움말 상세 보기{nl} - 다른 항목을 보려면 도움말 목록에서 선택{/}
UI_20150317_000490	{@st43}도움말{/}
UI_20150317_000491	도움말 제목
UI_20150317_000492	{ol}{#AAAA00}{s16}진행시간 : %s
UI_20150317_000493	{@st43}포이즌 팟{/}
UI_20150317_000494	{@st59}포이즌 팟 UI를 닫습니다{/}
UI_20150317_000495	{@st59}작성 필요{/}
UI_20150317_000496	독의 양 : %s
UI_20150317_000497	독 제조에 쓰일 수 있는 아이템
UI_20150317_000498	전체 선택
UI_20150317_000499	한번 더 클릭시 전체 해제
UI_20150317_000500	제조
UI_20150317_000501	섞고 섞고 돌리고 섞고
UI_20150317_000502	{@st43}항목{/}
UI_20150317_000503	{@st43}나{/}
UI_20150317_000504	{@st43}대상{/}
UI_20150317_000505	{@st43}레벨{/}
UI_20150317_000506	{@st43}소지금{/}
UI_20150317_000507	{@st43}등급{/}
UI_20150317_000508	{@st43}PvP승률{/}
UI_20150317_000509	{@st59}창을 닫습니다{/}
UI_20150317_000510	{@sti5}총 구매 금액 : %s{/}
UI_20150317_000511	{@sti5}총 금액 : %s{/}
UI_20150317_000512	{@st41b}구매
UI_20150317_000513	{@st43}제작 아이템 재료 획득!
UI_20150317_000514	{@st43}마그눔 오푸스{/}
UI_20150317_000515	{@st41}전체 삭제
UI_20150317_000516	{@st42}연금 대상 {@stx1}(%s 소요){/}
UI_20150317_000517	{@st41}조합
UI_20150317_000518	{@st43}퀘스트{/}
UI_20150317_000519	{@st59b}퀘스트{nl}{@st59s} - 퀘스트 획득시 퀘스트 알리미에 등록{nl} - 메인퀘스트는 노란색, 서브퀘스트는 파란색 표시{nl} - 캐릭터 발 밑의 화살표로 퀘스트 위치를 표시{nl} - 퀘스트 완료시 퀘스트 알리미에 돌아가기 아이콘 표시{nl}  (백스페이스나 마우스 클릭으로 완료 NPC로 순간이동){nl} - 퀘스트 알리미에 등록/해제시 퀘스트 이름 앞 체크 선택{/}
UI_20150317_000520	{@st41b}  진행  {/}
UI_20150317_000521	{@st41b}  포기  {/}
UI_20150317_000522	{@st43}{s22}퀘스트 정보{/}
UI_20150317_000523	임무 완료
UI_20150317_000524	{@st41}완료{/}
UI_20150317_000525	임무 진행 정보
UI_20150317_000526	{s18}{ol}퀘스트 정보
UI_20150317_000527	{s16}남은 시간
UI_20150317_000528	퀘스트 아이템 사용
UI_20150317_000529	퀘스트 힌트
UI_20150317_000530	{@st41}확인{/}
UI_20150317_000531	{@st43}{s22}퀘스트 완료{/}
UI_20150317_000532	{@st41b}완료{/}
UI_20150317_000533	{@st41}수락{/}
UI_20150317_000534	{@st41}거절{/}
UI_20150317_000535	{@st44}돌아가기{/}
UI_20150317_000536	어떤 퀘스트로 돌아가시겠습니까?
UI_20150317_000537	{@st41b}퀘스트 클래스 네임{/}
UI_20150317_000538	{@st59}슬롯을 확장합니다{/}
UI_20150317_000539	{@st59}슬롯을 축소합니다{/}
UI_20150317_000540	{@st59}컴패니언을 소환합니다.{/}
UI_20150317_000541	{@st44}메뉴{/}
UI_20150317_000542	{@st60}캐릭터선택{/}
UI_20150317_000543	{@st60}로그아웃{/}
UI_20150317_000544	{@st60}게임종료{/}
UI_20150317_000545	{@st60}게임설정{/}
UI_20150317_000546	{@st60}돌아가기{/}
UI_20150317_000547	{@st41}튜토리얼 건너뛰기{/}
UI_20150317_000548	{@st41}캐릭터 선택{/}
UI_20150317_000549	{@st41}로그아웃{/}
UI_20150317_000550	{@st41}게임 종료{/}
UI_20150317_000551	{@st41}돌아가기{/}
UI_20150317_000552	{@st43}{s22}레이드 소집!
UI_20150317_000553	{@st41b}도시 외곽 성곽에 몬스터들이 몰려들고 있습니다. 당신만이 문제를 해결할 수 있습니다.
UI_20150317_000554	{@st43}{s22}게임설정{/}
UI_20150317_000555	{@sti7}레이드파티 검색중..{/}
UI_20150317_000556	{@st41b}참가 취소
UI_20150317_000557	{@st41b}제가 해결해보겠습니다!
UI_20150317_000558	{@st41b}저는 힘들 것 같아요...
UI_20150317_000559	{@sti7}{s24}레이드 보상 선택{/}
UI_20150317_000560	{@st42b}남은 시간 {@st43}%s{@st42b} 초{/}
UI_20150317_000561	{@st41b}선택 횟수 늘리기
UI_20150317_000562	{@43b}{s22}선택 가능 횟수 : {@st43}%s{/}
UI_20150317_000563	shadow_box 잠정제거
UI_20150317_000564	{@st43}랭킹{/}
UI_20150317_000565	{@st59}랭킹창을 닫습니다{/}
UI_20150317_000566	{@st41}몬스터 킬 Top 100{/}
UI_20150317_000567	{@st41}데미지 Top 100{/}
UI_20150317_000568	{@st41}머니머니 Top 100{/}
UI_20150317_000569	{@st41}레벨업 Top 100{/}
UI_20150317_000570	{@st41b}메뉴{/}
UI_20150317_000571	{@st43}{s22}아이템 강화{/}
UI_20150317_000572	{@st41b}대상 아이템
UI_20150317_000573	{@st41b}모루
UI_20150317_000574	{@st41}{s20}모루 타격 횟수 :{@st43} %s
UI_20150317_000575	{@st41}{s20}강화 가격 : %s
UI_20150317_000576	{@st41b}강화 시작{/}
UI_20150317_000577	{@st59}아이템 강화를 시작합니다.{/}
UI_20150317_000578	{@st59}강화를 닫습니다{/}
UI_20150317_000579	{@st41b}선택한 {@sti9}%s개{/} 아이템으로 강화하시겠습니까?{/}
UI_20150317_000580	{@st43}강화
UI_20150317_000581	{@st44}아이템 강화{/}
UI_20150317_000582	{s24}{b}{#000000}강화 완료!
UI_20150317_000583	{@st41}재강화{/}
UI_20150317_000584	{@st41}닫기{/}
UI_20150317_000585	{s18}{ol}{gr gradation1}장비 수리{/}
UI_20150317_000586	  착용장비  
UI_20150317_000587	  소지장비  
UI_20150317_000588	{gr gradation1}전체선택{/}
UI_20150317_000589	전체선택
UI_20150317_000590	{gr gradation1}수리{/}
UI_20150317_000591	{@st43}수리{/}
UI_20150317_000592	수리 필요 아이템 목록
UI_20150317_000593	{@st41b}수리 비용{/}
UI_20150317_000594	{@st41b}예상 잔액{/}
UI_20150317_000595	{@st41b}장비 수리{/}
UI_20150317_000596	선택한 장비를 수리합니다.
UI_20150317_000597	{@st59}아이템 정비를 닫습니다{/}
UI_20150317_000598	{@st43}아이템 정비{/}
UI_20150317_000599	{@st41}정비 필요 아이템 목록{/}
UI_20150317_000600	{@st44}아이템 정비{/}
UI_20150317_000601	{@st42}정비{/}
UI_20150317_000602	{@st59}현재 내용으로 정비합니다.{/}
UI_20150317_000603	{@st59}정비하지 않습니다.{/}
UI_20150317_000604	{@st44}재시작{/}
UI_20150317_000605	{@st41b}당신은 {/}{s20}{#cc6600}{ol}전투 불능 {/}{@st41b}상태가 되었습니다!{/}
UI_20150317_000606	{@st41b}가까운 부활지점에서 다시하기{/}
UI_20150317_000607	{@st41b}제자리에서 다시하기(NXP %s개 필요){/}
UI_20150317_000608	{@st41b}필드로 복귀하기{/}
UI_20150317_000609	{@st41b}퀘스트 포기 후 재시작하기{/}
UI_20150317_000610	{@st41b}재도전{/}
UI_20150317_000611	부활의 성소(70031)
UI_20150317_000612	아이템이 필요합니다.
UI_20150317_000613	휴식 퀵슬롯
UI_20150317_000614	{@st43}말풍선{/}
UI_20150317_000615	임시이름
UI_20150317_000616	{@st41b}{s18}인벤토리 공간 부족
UI_20150317_000617	인벤토리가 가득 차서 아이템을 획득할 수 없습니다.{nl}인벤토리를 정리해 주세요.
UI_20150317_000618	{@st44}세트 아이템 획득!{/}
UI_20150317_000619	아이템을 선택해주세요
UI_20150317_000620	{@st59b}상점{nl}{@st59s} - 아이템을 대량 구입하려면 마우스 우클릭 후 갯수 입력{nl} - 아이템을 전량 판매하려면 마우스 더블 우클릭으로 이용{/}
UI_20150317_000621	{@st59}상점을 닫습니다{/}
UI_20150317_000622	{@st59}처음 페이지{/}
UI_20150317_000623	{@st59}다음 페이지{/}
UI_20150317_000624	{@st59}마지막 페이지{/}
UI_20150317_000625	{@st41b}비우기{/}
UI_20150317_000626	{@st59}장바구니를 비웁니다{/}
UI_20150317_000627	{@st41b}정산{/}
UI_20150317_000628	{@st59}거래를 결정합니다{/}
UI_20150317_000629	{@st43}상점{/}
UI_20150317_000630	{@st41b}구입 아이템{/}
UI_20150317_000631	{@st41b}판매 아이템{/}
UI_20150317_000632	{@st41b}거래 정산 ▶{/}
UI_20150317_000633	{@st41b}예상 잔액 ▶{/}
UI_20150317_000634	{@st41b}내가 판매한 아이템{/}
UI_20150317_000635	{@st41}슬롯 비우기{/}
UI_20150317_000636	{@st43}정산{/}
UI_20150317_000637	{@st41}거래 정산{/}
UI_20150317_000638	{@st41}예상 잔액{/}
UI_20150317_000639	{@st41}구입 아이템{/}
UI_20150317_000640	{@sti1c}시모니
UI_20150317_000641	{@st41}제작 스킬
UI_20150317_000642	{@st42}레벨 %s{/}
UI_20150317_000643	제작 비용
UI_20150317_000644	제작 갯수
UI_20150317_000645	약 %s초 소요
UI_20150317_000646	{@st41}만들기
UI_20150317_000647	{@st43}클래스 스킬과 특성{/}
UI_20150317_000648	{@st59}클래스와 스킬을 닫습니다{/}
UI_20150317_000649	{@st59b}클래스{nl}{@st59s} - 클래스의 서클을 성장시켜 해당 클래스의 스킬을 습득{nl} - 1차 직업에서 2차 직업로 전직할 경우 3개 클래스 선택 가능{nl} -  동일한 직업으로 총 3회까지 전직 가능{nl} -  다른 직업으로 전직 시 이전 직업은 전직 불가{nl} -  스킬포인트 모두 소비 시 전직 가능{nl} - 동일한 클래스도 선택 가능{nl}{@st59b}스킬{nl}{@st59s} - 각  랭크별 스킬은 최대 5레벨 증가 가능{nl} - 마스터에게 배운 특성은 스킬 하단에서 확인 가능{/}
UI_20150317_000650	{@st41b}적용{/}
UI_20150317_000651	{@st59}스킬 포인트를 적용합니다{/}
UI_20150317_000652	큘레릭
UI_20150317_000653	{@st59}포인트 배분을 취소합니다{/}
UI_20150317_000654	{#ff4400}%s (%s레벨){/} 학습 중..
UI_20150317_000655	싸이코해승
UI_20150317_000656	%s분 남음
UI_20150317_000657	{@st43}포즈{/}
UI_20150317_000658	{@st59}포즈를 닫습니다{/}
UI_20150317_000659	{@st41}게시판{/}
UI_20150317_000660	{@st41}거래{/}
UI_20150317_000661	{@st41}사회기능{/}
UI_20150317_000662	{@st41b}글쓰기{/}
UI_20150317_000663	{@st41}등록{/}
UI_20150317_000664	{@st59}글을 등록합니다{/}
UI_20150317_000665	{@st41}마이페이지 시작{/}
UI_20150317_000666	{@st59}마이페이지를 외부에 게시합니다{/}
UI_20150317_000667	{@st59}안부를 등록합니다{/}
UI_20150317_000668	{@st41b}1. 메뉴{/}
UI_20150317_000669	{@st41}방문{/}
UI_20150317_000670	{@st59}마이페이지를 방문합니다{/}
UI_20150317_000671	{@st41}판매{/}
UI_20150317_000672	{@st59}아이템을 판매 합니다{/}
UI_20150317_000673	{@st43}생 활{/}
UI_20150317_000674	{@st59}생활을 닫습니다{/}
UI_20150317_000675	{@st41}모두 보기{/}
UI_20150317_000676	{@st41}맵 만들기{/}
UI_20150317_000677	{@st41}%s/분 (%s 보유){/}
UI_20150317_000678	키보드워리어
UI_20150317_000679	{@st42}%s{/}{@st42_yellow}레벨{/}
UI_20150317_000680	{@st41_yellow}고용시간
UI_20150317_000681	{@st43}그래피티{/}
UI_20150317_000682	{@st59}스프레이를 닫습니다{/}
UI_20150317_000683	{@st41b}Tip : 아래 액자내에 그림을 그립니다.{/}
UI_20150317_000684	{@st41b}색상{/}
UI_20150317_000685	{@st41b}수량{/}
UI_20150317_000686	{@st41b}브러쉬{/}
UI_20150317_000687	{@st43}그리기{/}
UI_20150317_000688	{@st59}완성한 그림을 바닥에 그립니다.{/}
UI_20150317_000689	{@st41b}{a SAVE_EDIT_SPRAY}저장{/}{/}
UI_20150317_000690	{@st59}그리고 있는 그림을 저장합니다.{/}
UI_20150317_000691	{@st41b}{a LOAD_EDIT_SPRAY}불러오기{/}{/}
UI_20150317_000692	{@st59}그렸던 그림을 불러옵니다.{/}
UI_20150317_000693	{@st59}선택한 색상1{/}
UI_20150317_000694	{@st59}선택한 색상2{/}
UI_20150317_000695	{@st59}색상 목록{/}
UI_20150317_000696	{@st59}선택한 브러시{/}
UI_20150317_000697	{@st59}브러시 1{/}
UI_20150317_000698	{@st59}브러시 2{/}
UI_20150317_000699	{@st59}브러시 3{/}
UI_20150317_000700	{@st59}브러시 4{/}
UI_20150317_000701	{@st59}브러시 5{/}
UI_20150317_000702	{@st59}브러시 6{/}
UI_20150317_000703	{@st49}좋아하는 사람들{/}
UI_20150317_000704	{s20}{#050505}뭐가되었든 설명
UI_20150317_000705	{@st41} 전체 {/}
UI_20150317_000706	{@st41} 파티 {/}
UI_20150317_000707	{@st41} 몬스터 {/}
UI_20150317_000708	{@st41b}{#f0dcaa}남은 스테이터스 포인트 ▶ {@st46}%s
UI_20150317_000709	{@st59b}내 정보{nl}{@st59s} - 스테이터스 : 레벨업으로 얻은 포인트를 사용해서 5가지 능력 강화{nl} - 정보 : 아이템 및 스테이터스 능력치에 따른 캐릭터 능력치 정보{nl} - 칭호 : 업적을 완료했을때 습득가능한 칭호{nl}{/}
UI_20150317_000710	{@st41b}정보{/}
UI_20150317_000711	{@st41b}칭호{/}
UI_20150317_000712	직업 출력
UI_20150317_000713	캐릭터 이름 출력
UI_20150317_000714	{@st59}캐릭터 이름을 수정합니다{/}
UI_20150317_000715	{@st41b}적용
UI_20150317_000716	{@st59}스테이터스 분배를 적용합니다{/}
UI_20150317_000717	{@st41b}취소
UI_20150317_000718	{@st59}스테이터스 분배를 취소합니다{/}
UI_20150317_000719	PC이름
UI_20150317_000720	{@st41_yellow}레벨: {@st41}%s{/}
UI_20150317_000721	{@st41_yellow}용병 스킬
UI_20150317_000722	{@st43}공격 효과{/}
UI_20150317_000723	{@st43}방어 효과{/}
UI_20150317_000724	{@st43}스탯{/}
UI_20150317_000725	systemmenu_vertical 잠정제거
UI_20150317_000726	{@st59}캐릭터 정보 (F1){/}
UI_20150317_000727	{@st59}인벤토리 (F2){/}
UI_20150317_000728	{@st59}클래스와 스킬 (F3){/}
UI_20150317_000729	{@st59}모험일지 (F4){/}
UI_20150317_000730	{@st59}퀘스트 (F5){/}
UI_20150317_000731	{@st59}파티 (F6){/}
UI_20150317_000732	{@st59}친구 (F7){/}
UI_20150317_000733	{@st59}매크로 (F8){/}
UI_20150317_000734	{@st59}컴패니언 (F9){/}
UI_20150317_000735	{@st59}도움말 (F10){/}
UI_20150317_000736	{@st59}시스템 메뉴 (Esc){/}
UI_20150317_000737	{@st59}네크로노미콘{/}
UI_20150317_000738	도움말(F1)
UI_20150317_000739	내용
UI_20150317_000740	상세보기
UI_20150317_000741	{@st43}게임 설정{/}
UI_20150317_000742	{@st43}게임{/}
UI_20150317_000743	{@st41b}경험치 획득량 표기{/}
UI_20150317_000744	{@st41b}캐릭터 이름 보기{/}
UI_20150317_000745	{@st41b}팀 이름만 표시{/}
UI_20150317_000746	{@st41b}퀘스트 가이드 표시{/}
UI_20150317_000747	{@st43}화면{/}
UI_20150317_000748	{@st43}그래픽{/}
UI_20150317_000749	{@st41b}전체 화면{/}
UI_20150317_000750	{@st41b}창모드{/}
UI_20150317_000751	{@st43}사운드{/}
UI_20150317_000752	{@st41b}효과음 크기 (%s){/}
UI_20150317_000753	{@st41b}음악 크기 (%s){/}
UI_20150317_000754	{@st41b}사운드 전체 크기 (%s){/}
UI_20150317_000755	{@st43}언어 선택{/}
UI_20150317_000756	{@st59}게임 설정창을 닫습니다{/}
UI_20150317_000757	{@st41b}최저 사양 모드{/}
UI_20150317_000758	{@st41b}보기{/}
UI_20150317_000759	{@st59}만든 사람들{/}
UI_20150317_000760	타겟버프창
UI_20150317_000761	{@st46}IMC님의 그림
UI_20150317_000762	{@st46}%s님의 그림
UI_20150317_000763	{@st46}좋아요
UI_20150317_000764	{@st46}신고
UI_20150317_000765	{@st46}보존제 사용
UI_20150317_000766	{@st46}그림 제거
UI_20150317_000767	스노우할레이션
UI_20150317_000768	꽃다발
UI_20150317_000769	{@st41}선물
UI_20150317_000770	개수를 입력하세요.
UI_20150317_000771	{@st53b}%s 승 %s 패
UI_20150317_000772	{@st42}오늘의 스케쥴
UI_20150317_000773	{@st53}시작까지 :
UI_20150317_000774	{@st53b}받은선물 : %s개
UI_20150317_000775	{@st43b}%s님에게 선물{/}
UI_20150317_000776	{@st55_a}다음 경기
UI_20150317_000777	{@st53}- 이름을 클릭하여 관전 가능{nl}- 우 클릭으로 선물가능
UI_20150317_000778	카메라를 나의 캐릭터로
UI_20150317_000779	{@st55_a}우승을 축하드립니다!
UI_20150317_000780	{@st42}카메라 전환
UI_20150317_000781	{@st44}모험일지{/}
UI_20150317_000782	{@st59}표시 방식을 변경합니다{/}
UI_20150317_000783	{@st41} 통계 {/}
UI_20150317_000784	{@st41} 제조 {/}
UI_20150317_000785	{@st41} 사냥 {/}
UI_20150317_000786	{@st41} 도움말 {/}
UI_20150317_000787	{@st44}위키페이지{/}
UI_20150317_000788	{@st42}정보{/}
UI_20150317_000789	{@st42}상세{/}
UI_20150317_000790	{@st42}전투{/}
UI_20150317_000791	{@st42}획득{/}
UI_20150317_000792	{@st59}페이지를 닫습니다{/}
UI_20150317_000793	{@st43}배틀 필드
UI_20150317_000794	{@st59}배틀 필드를 닫습니다.
UI_20150317_000795	(브론즈 3)
UI_20150317_000796	{@sti8}오늘의 획득가능 점수 : {nl}%s{/}
UI_20150317_000797	{@st41}포인트샵
UI_20150317_000798	{@st41}랭킹
UI_20150317_000799	{@st42}배틀 필드 일정
UI_20150317_000800	{@st42}최근 전적
UI_20150317_000801	{@st41}경험치 받기
UI_20150317_000802	{@st41}PVP페이지
UI_20150317_000803	{@st41}검색
UI_20150317_000804	{@st43}배틀 필드 랭킹
UI_20150317_000805	{@st59}배틀 필드랭킹을 닫습니다.
UI_20150317_000806	{@st56}스킬이름{/}
UI_20150317_000807	{@st41}좌표 확인{/}
UI_20150317_000808	{@st41}찾아가기{/}
UI_20150317_000809	{@st42b}몬젠 관리{/}
UI_20150317_000810	{@st42b}몬스터 리스트{/}
UI_20150317_000811	{@st42b}UI 제작{/}
UI_20150317_000812	{@st42b}맵 포그{/}
UI_20150317_000813	{@st42b}맵 제작{/}
UI_20150317_000814	{@st42b}미니맵 제작{/}
UI_20150317_000815	{@st42b}다이얼로그 {/}
UI_20150317_000816	{@st42b}퀘스트 보상 수정{/}
UI_20150317_000817	{@st42b}그룹젠{/}
UI_20150317_000818	{@st42b}맵 위치지정{/}
UI_20150317_000819	{@st42b}스킬맵{/}
UI_20150317_000820	{@st42b}이벤트 목록{/}
UI_20150317_000821	{@st42b}좌표 확인{/}
UI_20150317_000822	{@st42b}XAC,텍스쳐경로확인{/}
UI_20150317_000823	{@st42b}퍼포먼스ONOFF{/}
UI_20150317_000824	대사 리스트
UI_20150317_000825	검색.
UI_20150317_000826	{@st41}미리보기{/}
UI_20150317_000827	{@st41}끄기{/}
UI_20150317_000828	{@st41}제거{/}
UI_20150317_000829	{@st41}모두저장{/}
UI_20150317_000830	{@st41}그림적용{/}
UI_20150317_000831	 {#FFFFFF}{ds}이벤트선택
UI_20150317_000832	 {#FFFFFF}{ds}이벤트편집
UI_20150317_000833	{ol}리스트
UI_20150317_000834	저장할 그룹의 이름
UI_20150317_000835	{@st42}새로만들기{/}
UI_20150317_000836	{@st41}그룹젠{/}
UI_20150317_000837	{@st59}검색할 몬스터의 이름을 입력합니다{/}
UI_20150317_000838	{@st59}저장할 그룹의 이름을 입력합니다{/}
UI_20150317_000839	{@st41}새 그룹{/}
UI_20150317_000840	필터링
UI_20150317_000841	{@st59}필터를 입력합니다{/}
UI_20150317_000842	{ol}속성 값
UI_20150317_000843	클래스리스트
UI_20150317_000844	XML에 적용
UI_20150317_000845	 {#FFFFFF}{ds}로그
UI_20150317_000846	 {#FFFFFF}{ds}모든속성보기 
UI_20150317_000847	검색어를 입력합니다.
UI_20150317_000848	모든 속성 값
UI_20150317_000849	{ol}이름
UI_20150317_000850	{ol}값
UI_20150317_000851	로그
UI_20150317_000852	{ol}리비전
UI_20150317_000853	{ol}로그
UI_20150317_000854	클래스 리스트
UI_20150317_000855	XML변환
UI_20150317_000856	{ol}클래스네임
UI_20150317_000857	{ol}속성이름
UI_20150317_000858	{ol}변경값
UI_20150317_000859	{ol}반영
UI_20150317_000860	폴더열기
UI_20150317_000861	전체체크
UI_20150317_000862	히스토리
UI_20150317_000863	값롤백
UI_20150317_000864	{ol}아이템 선택
UI_20150317_000865	검색할 이름을 입력합니다.
UI_20150317_000866	{@st42}확인{/}
UI_20150317_000867	{@st41}UI 제작{/}
UI_20150317_000868	{ol}프레임
UI_20150317_000869	{@st41}프레임{/}
UI_20150317_000870	{@st41}버튼{/}
UI_20150317_000871	{@st41}텍스트{/}
UI_20150317_000872	{@st42b}일반{img btn_close}
UI_20150317_000873	{@st42b}경매{img btn_close}
UI_20150317_000874	{@st41}맵 위치지정{/}
UI_20150317_000875	{@st41}이름변경{/}
UI_20150317_000876	{@st59}필터링할 내용을 입력합니다{/}
UI_20150317_000877	{@st41}만들기{/}
UI_20150317_000878	{@st56}XML저장{/}
UI_20150317_000879	{@st56}초기화{/}
UI_20150317_000880	{@st56}속성{/}
UI_20150317_000881	{@st56}값{/}
UI_20150317_000882	{@st42}내용{/}
UI_20150317_000883	{@st41}되돌리기{/}
UI_20150317_000884	{@st41}모두 저장{/}
UI_20150317_000885	{@st41}XML열기{/}
UI_20150317_000886	{@st42b}고정스킬 : 0{/}
UI_20150317_000887	{@st42b}고정스킬 : %s{/}
UI_20150317_000888	{@st42b}마우스호밍{/}
UI_20150317_000889	{@st42b}스킬이름{/}
UI_20150317_000890	{@st41}몬스터 리스트{/}
UI_20150317_000891	{@st41}퍼포먼스매니저{/}
UI_20150317_000892	{ol}퀘스트 선택
UI_20150317_000893	검색할 퀘스트 이름을 입력합니다.
UI_20150317_000894	{ol}맵 선택
UI_20150317_000895	검색할 맵의 이름을 입력합니다.
UI_20150317_000896	{@st42}현재맵{/}
UI_20150317_000897	{ol}맵이름
UI_20150317_000898	{ol}좌표
UI_20150317_000899	{@st41}퀘스트 보상 수정{/}
UI_20150317_000900	{@st59}검색할 퀘스트를 입력합니다{/}
UI_20150317_000901	{@st59}검색할 아이템을 입력합니다{/}
UI_20150317_000902	{@st42}경험치
UI_20150317_000903	{ol}기본 보상
UI_20150317_000904	{ol}갯수
UI_20150317_000905	{ol}추가 보상
UI_20150317_000906	{@st45}자주 사용한 치트
UI_20150317_000907	{@st41}스킬맵{/}
UI_20150317_000908	{@st42}어빌리티{/}
UI_20150317_000909	{@st42}전사{/}
UI_20150317_000910	{@st42}위저드{/}
UI_20150317_000911	{@st42}궁수{/}
UI_20150317_000912	{@st42}몽크{/}
UI_20150317_000913	{@st42}소서러{/}
UI_20150317_000914	{@st41}스킬반{/}
UI_20150317_000915	{@st59}xml 로드{/}
UI_20150317_000916	{@st41}불러오기{/}
UI_20150317_000917	{@st59}xml로 저장{/}
UI_20150317_000918	{@st59}열려있는 스킬맵 리셋{/}
UI_20150317_000919	{@st41}리셋{/}
UI_20150317_000920	{@st59}모든 스킬맵 리셋{/}
UI_20150317_000921	{@st41}모두리셋{/}
UI_20150317_000922	{s18}해제스크립트
UI_20150317_000923	{s18}문자열 인자
UI_20150317_000924	{s18}숫자1 인자
UI_20150317_000925	{s18}숫자2 인자
UI_20150317_000926	{s18}스킬 최대 레벨
UI_20150317_000927	{@st59}해제 스크립트 입력창{/}
UI_20150317_000928	{@st59}해제 스크립트 인자{/}
UI_20150317_000929	{@st59}스킬 최대 레벨{/}
UI_20150317_000930	{@st59}속성 저장{/}
UI_20150317_000931	{@st41}속성 저장{/}
UI_20150317_000932	{@st44}UI 목록{/}
UI_20150317_000933	{ds}에드온 목록
UI_20150317_000934	{ds}고정프레임 목록
UI_20150317_000935	{@st42}UI 목록{/}
UI_20150317_000936	{@st59}UI 목록을 보여준다{/}
UI_20150317_000937	{@st42}위치 조절{/}
UI_20150317_000938	{@st59}위치조절{/}
UI_20150317_000939	{@st42}속성 편집{/}
UI_20150317_000940	{@st59}속성편집{/}
UI_20150317_000941	{@st42}저장{/}
UI_20150317_000942	{@st59}저장{/}
UI_20150317_000943	{@st44}UI 속성 편집{/}
UI_20150317_000944	{@st59}캐릭터선택{/}
UI_20150317_000945	{@st59}로그아웃{/}
UI_20150317_000946	{@st59}게임설정{/}
UI_20150317_000947	{@st59}게임종료{/}
UI_20150317_000948	{@st43}숙소 설정{/}
UI_20150317_000949	{@st59}숙소 설정을 닫습니다{/}
UI_20150317_000950	{@st42_b}{s18}{#f5c384}팀 이름{/}
UI_20150317_000951	{@st59}원하는 팀 이름을 입력하세요{/}
UI_20150317_000952	{@st59}팀 이름을 저장합니다{/}
UI_20150317_000953	systemmenu_vertical 잠정삭제
UI_20150317_000954	{@st59}배럭 꾸미기를 닫습니다{/}
UI_20150317_000955	{@st43}배럭 꾸미기{/}
UI_20150317_000956	{@st41b}   테마   {/}
UI_20150317_000957	{@st41b}   물품배치   {/}
UI_20150317_000958	{@st41b}이름
UI_20150317_000959	{@st41b}가격
UI_20150317_000960	{@st41b}상태
UI_20150317_000961	{@st44}새 캐릭터{/}
UI_20150317_000962	{@st41b}{s22}생성을 원하는 클래스를 선택하세요{/}
UI_20150317_000963	{@st41b}생성 취소{/}
UI_20150317_000964	{@st59}캐릭터 생성을 취소합니다{/}
UI_20150317_000965	캐릭터선택
UI_20150317_000966	{@st41}캐릭터{/}
UI_20150317_000967	{@st59}오른쪽으로 회전{/}
UI_20150317_000968	{@st59}왼쪽으로 회전{/}
UI_20150317_000969	{@st43b}캐릭터 회전{/}
UI_20150317_000970	{@st43}캐릭터 이름{/}
UI_20150317_000971	{@st59}이름을 입력합니다{/}
UI_20150317_000972	{@st43b}성별 선택{/}
UI_20150317_000973	{@st59}여성{/}
UI_20150317_000974	{@st59}남성{/}
UI_20150317_000975	{@st43b}헤어 선택{/}
UI_20150317_000976	{@st59}헤어1{/}
UI_20150317_000977	{@st59}헤어2{/}
UI_20150317_000978	{@st59}헤어3{/}
UI_20150317_000979	{@st59}헤어4{/}
UI_20150317_000980	{@st59}헤어5{/}
UI_20150317_000981	{@st59}헤어6{/}
UI_20150317_000982	{@st59}헤어7{/}
UI_20150317_000983	{@st59}헤어8{/}
UI_20150317_000984	{@st59}헤어9{/}
UI_20150317_000985	{@st59}헤어10{/}
UI_20150317_000986	{@st43b}클래스 선택{/}
UI_20150317_000987	{@st59}소드맨{/}
UI_20150317_000988	{@st59}위저드{/}
UI_20150317_000989	{@st59}아처{/}
UI_20150317_000990	{@st59}클레릭{/}
UI_20150317_000991	{@st41b}배럭방문{/}
UI_20150317_000992	{@st59}다른 사람의 배럭을 방문합니다.{/}
UI_20150317_000993	{@st41b}로그아웃{/}
UI_20150317_000994	{@st59}로그인 화면으로 이동합니다{/}
UI_20150317_000995	{@st41b}게임종료{/}
UI_20150317_000996	{@st59}게임을 종료합니다{/}
UI_20150317_000997	{@st41b}게임을 시작할 채널을 선택하세요{/}
UI_20150317_000998	{@st43}게임 시작{/}
UI_20150317_000999	{@st59}선택한 캐릭터로 게임을 시작합니다{/}
UI_20150317_001000	{@st43}{s26}팀 이름{/}
UI_20150317_001001	{@st59}팀 이름{/}
UI_20150317_001002	{@st41b}팀 이름 변경{/}
UI_20150317_001003	{@st59} 팀 이름을 변경합니다{/}
UI_20150317_001004	{@st41}컴패니언{/}
UI_20150317_001005	채팅 드래그
UI_20150317_001006	{@st44}새로운 대화창 이름{/}
UI_20150317_001007	{@st42}변경{/}
UI_20150317_001008	{@st44}새로운 창 이름{/}
UI_20150317_001009	{@st43}{s40}{gr gradation4}캐릭터 생성{/}
UI_20150317_001010	{@st59}캐릭터를 생성합니다{/}
UI_20150317_001011	{@st59}생성을 취소합니다{/}
UI_20150317_001012	{@st59}팀 이름 입력을 닫습니다{/}
UI_20150317_001013	{@st59}입력한 이름으로 팀을 생성합니다{/}
UI_20150317_001014	{@st43}{s30}{#f0dcaa}팀 이름 입력!
UI_20150317_001015	{@st41b} 팀 이름은 모든 캐릭터를 대표하는 이름입니다.{nl}자유롭게 바꿀 수 있는 팀 이름은 거래, 길드 가입, 대화 등에 사용되는 공용 이름입니다.{/}
UI_20150317_001016	로딩 배경
UI_20150317_001017	팁
UI_20150317_001018	게임팁
UI_20150317_001019	로그인
UI_20150317_001020	계정
UI_20150317_001021	{@st59}계정을 입력 하십시오{/}
UI_20150317_001022	비밀번호
UI_20150317_001023	{@st59}비밀 번호를 입력하십시오{/}
UI_20150317_001024	{@st43}게임 접속{/}
UI_20150317_001025	{@st59}선택한 서버에 접속합니다{/}
UI_20150317_001026	{@st41b}리플레이{/}
UI_20150317_001027	{@st41b}싱글 모드{/}
UI_20150317_001028	{@st41b}게임 종료{/}
UI_20150317_001029	저장
UI_20150317_001030	{@st59}체크하면 계정을 저장합니다{/}
UI_20150317_001031	서버 목록
UI_20150317_001032	{@st59}접속을 원하는 서버를 선택하여 주세요{/}
UI_20150317_001033	로그인타이틀
UI_20150317_001034	[클로즈 베타 테스트 버전]
UI_20150317_001035	옵션
UI_20150317_001036	시야거리
UI_20150317_001037	{s20}{#BBBBBB}시야 거리
UI_20150317_001038	시야 거리 :
UI_20150317_001039	캐릭터 :
UI_20150317_001040	배경 오브젝트 :
UI_20150317_001041	지형-풀(%) :
UI_20150317_001042	지형-트리 (%) :
UI_20150317_001043	지형-오브젝트(%) :
UI_20150317_001044	섀도우
UI_20150317_001045	{s20}{#BBBBBB}섀도우맵
UI_20150317_001046	섀도우맵 사용
UI_20150317_001047	섀도우 품질 :
UI_20150317_001048	SSAO 사용
UI_20150317_001049	SSAO 방식 :
UI_20150317_001050	SSAO 해상도 :
UI_20150317_001051	물반사
UI_20150317_001052	{s20}{#BBBBBB}물 반사
UI_20150317_001053	캐릭터 물반사
UI_20150317_001054	배경 물반사
UI_20150317_001055	{s20}{#BBBBBB}Glow 설정
UI_20150317_001056	Glow 사용
UI_20150317_001057	{@st41}공격력{/}
UI_20150317_001058	{@st41}방어력{/}
UI_20150317_001059	{@st41}보조{/}
UI_20150317_001060	{@st41}난이도{/}
UI_20150317_001061	{@st41}헤 어
UI_20150317_001062	{@st41}회 전
UI_20150317_001063	{@st43}캐릭터 생성
UI_20150317_001064	{@st59}설정대로 캐릭터를 생성합니다{/}
UI_20150317_001065	{@st41b}선택 취소
UI_20150317_001066	{@st59}캐릭터 선택을 취소합니다{/}
UI_20150317_001067	캐릭터정보
UI_20150317_001068	{@st41}함께하기
UI_20150317_001069	{@st59}클릭후 캐릭터를 선택하면 컴패니언이 따라다닙니다{/}
UI_20150317_001070	아이템 생성 UI
UI_20150317_001071	{s24}이름 : 
UI_20150317_001072	{s16} 힘 : 
UI_20150317_001073	{s16} 체력 : 
UI_20150317_001074	{s16} 민첩 : 
UI_20150317_001075	{s16} 기력 : 
UI_20150317_001076	{s16} 도력 : 
UI_20150317_001077	{s18} 직업선택
UI_20150317_001078	{s18} 정도연맹
UI_20150317_001079	{s18} 천명마교
UI_20150317_001080	홍무문
UI_20150317_001081	대도천
UI_20150317_001082	화선도
UI_20150317_001083	용화극선종
UI_20150317_001084	천자성
UI_20150317_001085	연화교
UI_20150317_001086	{s16}성별 및 외모
UI_20150317_001087	남
UI_20150317_001088	여
UI_20150317_001089	머리 조절
UI_20150317_001090	키 조절
UI_20150317_001091	어깨 넓이
UI_20150317_001092	손, 발 크기
UI_20150317_001093	가슴 사이즈
UI_20150317_001094	허리 사이즈
UI_20150317_001095	골반 사이즈
UI_20150317_001096	{s18} 머리크기
UI_20150317_001097	{s14} 키 조절
UI_20150317_001098	{s14} 어깨 넓이
UI_20150317_001099	{s14} 손, 발 크기
UI_20150317_001100	{s14} 가슴 사이즈
UI_20150317_001101	{s14} 허리 사이즈
UI_20150317_001102	{s14} 골반 사이즈
UI_20150317_001103	미리설정값
UI_20150317_001104	임의설정값
UI_20150317_001105	신규 인물 생성
UI_20150317_001106	인물 생성 취소
UI_20150317_001107	{@st43}{s40}{gr gradation4}게임 시작{/}
UI_20150317_001108	{@st43}{s40}{gr gradation4}미리보기 종료{/}
UI_20150317_001109	{@st43}{s40}{gr gradation4}존으로돌아가기{/}
UI_20150317_001110	{@st59}다시 존으로 들어갑니다.{/}
UI_20150317_001111	{@st41b}돌아가기{/}
UI_20150317_001112	{@st59}나의 배럭으로 돌아갑니다.{/}
UI_20150317_001113	{@st43}{s24}배럭 이름{/}
UI_20150317_001114	{@st59}배럭 이름{/}
UI_20150317_001115	{@st41b}꾸미기{/}
UI_20150317_001116	{@st59}배럭 꾸미기{/}
UI_20150317_001117	{@st41b}설  정{/}
UI_20150317_001118	{@st59}배럭 설정{/}
UI_20150317_001119	커스터마이즈 아이템 프레임
UI_20150317_001120	녹색
UI_20150317_001121	밀도
UI_20150317_001122	체력이라던가
UI_20150317_001123	{@st59}헤어악세서리{/}
UI_20150317_001124	{@st59}보조악세서리{/}
UI_20150317_001125	{@st42}텍스트{/}
UI_20150317_001126	기본 콘텐츠 이름
UI_20150317_001127	기본 그룹 이름
UI_20150317_001128	기본 아이템 이름
UI_20150317_001129	김평직
UI_20150317_001130	무게 : %s
UI_20150317_001131	별별벼려별
UI_20150317_001132	%s 종족
UI_20150317_001133	표례스텨(싱뮬형)
UI_20150317_001134	거래 불가
UI_20150317_001135	강화 불가
UI_20150317_001136	별별별별
UI_20150317_001137	템이름
UI_20150317_001138	이 템을 착용하면 어쩌고 저쩌고
UI_20150317_001139	레벨 몇 이상
UI_20150317_001140	누구는 장착 가능
UI_20150317_001141	최대 소캣 %s개
UI_20150317_001142	아이템 이륨
UI_20150317_001143	상점 판매 가격 : %s 실버
UI_20150317_001144	얼마
UI_20150317_001145	{@st42b}샤울레이 전체 탐사율{/}
UI_20150317_001146	{@st42b}서쪽숲 탐사율{/}
UI_20150317_001147	{@st18}아이템{/}
UI_20150317_001148	{@st18}내 순위{/}
UI_20150317_001149	다이야
UI_20150317_001150	체력 플러스 구천
UI_20150317_001151	{@st18}평균{/}
UI_20150317_001152	{@st42b}{s18}숙련도{/}
UI_20150317_001153	{@st55_c}아이템 이름
UI_20150317_001154	{@st55_c}메모 기록
UI_20150317_001155	{@st59}이름을 입력합니다. 입력하지 않을경우 기본이름으로 제작됩니다.{/}
UI_20150317_001156	{@st59}메모를 입력합니다{/}
UI_20150317_001157	{@st43}아이템 제작
UI_20150317_001158	{@st42b}%s 점{/}
UI_20150317_001159	{@st42b}%s 개{/}
UI_20150317_001160	{@st42b}%s점{/}
UI_20150317_001161	{@st42b}%s개{/}
UI_20150317_001162	{s16}{ol}개당 가격
UI_20150317_001163	총 가격 :   1
UI_20150317_001164	{@st41}도움말
UI_20150317_001165	{@st41}사진에 대한 설명
UI_20150317_001166	{@st41}등록
UI_20150317_001167	{@st41}이  름
UI_20150317_001168	{@st41}메세지
UI_20150317_001169	{@st43}이  름{/}
UI_20150317_001170	{@st41b}메세지{/}
UI_20150317_001171	{@st42b}로그인{/}
UI_20150317_001172	{@st41}새 대화 만들기
UI_20150317_001173	{@st41}전체 대화
UI_20150317_001174	지역이름
UI_20150317_001175	{@st41}스킬이름
UI_20150317_001176	{@st41}특성포인트
UI_20150317_001177	{@st41}클래스이름
UI_20150317_001178	케릭터 이름
UI_20150317_001179	{@sti7}삭제{/}
UI_20150317_001180	케릭터 레벨
UI_20150317_001181	{@st42}퀘스트공유{/}
UI_20150317_001182	{@st42}경험치공유{/}
UI_20150317_001183	케릭터 메모
UI_20150317_001184	파티 평균레벨 : {#FFFF00}%s{/}
UI_20150317_001185	찾는 파티원 : {#FFFF00}%s{/}
UI_20150317_001186	성직자 / 궁수
UI_20150317_001187	퀘스트 공유 : {#FFFF00}%s{/}
UI_20150317_001188	사아용
UI_20150317_001189	경험치 분배규칙 : {#FFFF00}%s{/}
UI_20150317_001190	규운등 분배
UI_20150317_001191	아이템 분배규칙 : {#FFFF00}%s{/}
UI_20150317_001192	래앤덤하게 분배
UI_20150317_001193	어떻게하면내가
UI_20150317_001194	누군지모를까
UI_20150317_001195	{@st41b}모험일지에 등록되었습니다.
UI_20150317_001196	퀘스트용 메뉴오브젝트
UI_20150317_001197	퀘스트의 카테고리
UI_20150317_001198	퀘스트의 리스트 오브젝트
UI_20150317_001199	퀘스트의 리스트 오브젝트-여기까지는 옛날꺼임
UI_20150317_001200	로드맵에서 사용하는 라인
UI_20150317_001201	슬롯 오브젝트_일반용
UI_20150317_001202	슬롯 오브젝트_캐시슬롯
UI_20150317_001203	캐릭터 상세 정보 타입1
UI_20150317_001204	캐릭터 상세 정보 타입2
UI_20150317_001205	인벤토리 리스트 타입1
UI_20150317_001206	인벤토리 리스트 타입2
UI_20150317_001207	인벤토리 슬롯 타입
UI_20150317_001208	마켓에서 아이템 보기_디테일
UI_20150317_001209	아이템 이름 출력
UI_20150317_001210	남아 있는 개수를 출력
UI_20150317_001211	값을 출력
UI_20150317_001212	카트에 담았을 때
UI_20150317_001213	총합을 출력
UI_20150317_001214	아이템 출력용
UI_20150317_001215	단가출력
UI_20150317_001216	아이템 카테고리
UI_20150317_001217	새 소식
UI_20150317_001218	{@st42b}재시작{/}
UI_20150317_001219	펠탕스탕
UI_20150317_001220	99 서클
UI_20150317_001221	부베 망나니 8마리 처치
UI_20150317_001222	툴팁
UI_20150317_001223	EXP : sad{br}+1 인챈트 크리스탈 (공격)
UI_20150317_001224	어프렌티스 소드
UI_20150317_001225	수리 내구도 :
UI_20150317_001226	수리비용 : 120 실버
UI_20150317_001227	수리비용 : %s 실버
UI_20150317_001228	{@st42b}입찰수 {@sti7}%s{/}
UI_20150317_001229	{@st42b}현재가 {img icon_item_silver 20 20}{@st57}%s{/}
UI_20150317_001230	{@st41}바로 구매! {img icon_item_silver 20 20}{@st57}%s{/}
UI_20150317_001231	{@st41b}아이템 수령{/}
UI_20150317_001232	{@st42b}입찰금 {img icon_item_silver 20 20}{@st57} %s{/}
UI_20150317_001233	{@sti7}반환
UI_20150317_001234	{@st59}머리{/}
UI_20150317_001235	{@st59}왼팔찌{/}
UI_20150317_001236	{@st59}오른팔찌{/}
UI_20150317_001237	{@st59}의상{/}
UI_20150317_001238	{@st59}링2{/}
UI_20150317_001239	펫이름
UI_20150317_001240	잡화상 묶음
UI_20150317_001241	서쪽숲등
UI_20150317_001242	NXP 소모
UI_20150317_001243	카테고리이름
UI_20150317_001244	도움말 입니당
UI_20150317_001245	{@sti7}%s 점{/}
UI_20150317_001246	{@st41b}%s 점수
UI_20150317_001247	퀘스트 클리어 25개
UI_20150317_001248	- [서브] 가시숲
UI_20150317_001249	{@st42}장착 아이템
UI_20150317_001250	{@st44}%s랭크 클래스 정보{/}
UI_20150317_001251	몇차 전직 정보
UI_20150317_001252	하트라던가
UI_20150317_001253	쇼드뮨
UI_20150317_001254	%s 레벨
UI_20150317_001255	메모 : {#666666}%s
UI_20150317_001256	아야세
UI_20150317_001257	%s 님과의 관계 배지
UI_20150317_001258	{#FFFF33}%s{/} 님이 친구로 초대하였습니다{/}
UI_20150317_001259	{@st41b}수락
UI_20150317_001260	{@st41b}거절
UI_20150317_001261	{@st53b}친구 목록을 로딩중입니다.
UI_20150317_001262	레벨 %s{/}
UI_20150317_001263	{@st41}취소
UI_20150317_001264	판매할 버프를 등록해주세요.
UI_20150317_001265	가격 : %s{/}
UI_20150317_001266	남은갯수
UI_20150317_001267	{@st41}구매
UI_20150317_001268	남은갯수 : %s{/}
UI_20150317_001269	{@st41}아이템{/}
UI_20150317_001270	{@st41b}메모
UI_20150317_001271	{@st41b}제작
UI_20150317_001272	{@st41b}가격 : %s{/}
UI_20150317_001273	{@sti5}가격 : %s{/}
UI_20150317_001274	{@sti9}파티원 퀘스트 (%s){/}
UI_20150317_001275	{@st41_yellow}탐색율 %s%{/}
UI_20150317_001276	{@st41_yellow}획득점수 %s{/}
UI_20150317_001277	{@st42b}{b}달성율{/}
UI_20150317_001278	{@st59}파티 퀘스트 진행을 수락합니다{/}
UI_20150317_001279	윈도우
UI_20150317_001280	스테이더스
UI_20150317_001281	탭
UI_20150317_001282	이미지아이템
UI_20150317_001283	이펙트
UI_20150317_001284	컨트롤셋
UI_20150317_001285	{@st41}난이도 : %s
UI_20150317_001286	{@st42}남은 시간 : %s
UI_20150317_001287	{@st53}제조 중인 아이템
UI_20150323_001288	{@st59}아이템을 올려주세요{/}
UI_20150323_001289	{@st42}취 소
UI_20150323_001290	{@st42}확 인
UI_20150323_001291	{@st43}브리케팅{/}
UI_20150323_001292	현재 포텐셜
UI_20150323_001293	소비 재료
UI_20150323_001294	소비 갯수
UI_20150323_001295	보유 갯수
UI_20150323_001296	{@sti6}거래 기록
UI_20150323_001297	{@st43}거점
UI_20150323_001298	간판 제목
UI_20150323_001299	{@st43}건설
UI_20150323_001300	{@stc1}거점 유지 시간
UI_20150323_001301	{@stc1}효과
UI_20150323_001302	{@stc1}소비재료 및 비용
UI_20150323_001303	{@st41b}거점
UI_20150323_001304	{@st41b}로그
UI_20150323_001305	{@st41b}시간 갱신
UI_20150323_001306	{@st59}유지 시간을 갱신합니다{/}
UI_20150323_001307	{@st41b}거점 유지 시간
UI_20150323_001308	{@st41b}효과
UI_20150323_001309	{@st42b}갱신시 24시간 추가 거점이 유지되며 %s실버가 소모됩니다.
UI_20150323_001310	{@st41b}개인 창고
UI_20150323_001311	{@stc1}창고에 물품을 보관하고 찾을시에 %s실버가 소모됩니다.{/}
UI_20150323_001312	{@st41}{#ffff00}타겟 고정{/}
UI_20150323_001313	{@st43}배식 테이블
UI_20150323_001314	{@st41b}음식종류
UI_20150323_001315	{@st41b}테이블
UI_20150323_001316	{@st59}배식테이블을 닫습니다{/}
UI_20150323_001317	{@st43}그리모어{/}
UI_20150323_001318	{@st59}그리모어 UI를 닫습니다{/}
UI_20150323_001319	내 소환 스킬
UI_20150323_001320	메인 카드
UI_20150323_001321	보조카드
UI_20150323_001322	스텟
UI_20150323_001323	콘
UI_20150323_001324	인트
UI_20150323_001325	덱스
UI_20150323_001326	크리
UI_20150323_001327	{@st43}상점 개설{/}
UI_20150323_001328	{@st41b}설정
UI_20150323_001329	개당 가격
UI_20150323_001330	{@st41b}재료 목록
UI_20150323_001331	{@st43}젬로스팅{/}
UI_20150323_001332	{@st59}UI를 닫습니다{/}
UI_20150323_001333	{@st41b}손질{/}
UI_20150323_001334	{@st41b}로그{/}
UI_20150323_001335	받는 가격
UI_20150323_001336	{@st59}젬을 올려주세요{/}
UI_20150323_001337	소비재료
UI_20150323_001338	남은 갯수
UI_20150323_001339	{@st42}폐점
UI_20150323_001340	{@st43}무기 손질{/}
UI_20150323_001341	{@st43}장비 손질{/}
UI_20150323_001342	{@st41b}받는 가격
UI_20150323_001343	{@st41b}소비재료
UI_20150323_001344	{@st43}수 리{/}
UI_20150323_001345	{@st41b}수리{/}
UI_20150323_001346	스킬레벨
UI_20150323_001347	{@st41}입장가능 인원
UI_20150323_001348	{@st43}아이템 각성 던전
UI_20150323_001349	{@st41}필요 재료
UI_20150323_001350	{@st59}필요재료{/}
UI_20150323_001351	권장 레벨 : %s
UI_20150323_001352	{@st43}UI 선택 모드{/}
UI_20150323_001353	{@st43}매입의뢰상점
UI_20150323_001354	상점 이름
UI_20150323_001355	{@st41b}상점열기
UI_20150323_001356	{@st59}매입의뢰상점을 시작합니다{/}
UI_20150323_001357	{@st59}취소합니다{/}
UI_20150323_001358	{@st59}매입의뢰상점을 닫습니다{/}
UI_20150323_001359	매입의뢰
UI_20150323_001360	{@st59}매입의뢰상점을 닫습니다.
UI_20150323_001361	{@st59}매입의뢰상점{nl} - 내가 가진 물건을 실버로 교환할 수 있습니다.
UI_20150323_001362	{@st43}의뢰자가 원하는 물건{/}
UI_20150323_001363	{@st43}판매하고자 하는 물건
UI_20150323_001364	{@st43}총 수입
UI_20150323_001365	{@st41}판매
UI_20150323_001366	{@st41}연금 재료
UI_20150323_001367	{@st41}연금 대상 {@stx1}(%s 소요){/}
UI_20150323_001368	{@st59}펫을 소환합니다.{/}
UI_20150323_001369	{@st41b}캐릭터 설정{/}
UI_20150323_001370	{@st59}그리모어{/}
UI_20150323_001371	{@st41b}블룸 적용{/}
UI_20150323_001372	{@st41b}비넷팅 적용{/}
UI_20150323_001373	{@st41b}FXAA 적용{/}
UI_20150323_001374	{@st41b}GLOW 적용{/}
UI_20150323_001375	{@st41b}Depth 적용{/}
UI_20150323_001376	{@st41b}SoftParticle 적용{/}
UI_20150323_001377	{@st43}개인 창고{/}
UI_20150323_001378	{@st59}개인 창고를 닫습니다.{/}
UI_20150323_001379	{@sti6}창고에 물품을 보관하고 찾을시에 %s실버가 소모됩니다.{/}
UI_20150323_001380	{@st59}Alt+Z로 무기 전환{/}
UI_20150323_001381	{@st59}숙소 설정을 저장합니다{/}
UI_20150323_001382	숙소 변경
UI_20150323_001383	{@st59}숙소 변경창을 닫습니다.
UI_20150323_001384	{@st59}속소 변경{nl} - 숙소를 변경하여 맵을 변경하고 인원수를 확장합니다.
UI_20150323_001385	{@st41}미리보기 취소
UI_20150323_001386	{@st46}나의 NXP : %s{/}
UI_20150323_001387	{@st41b}숙소 변경{/}
UI_20150323_001388	{@st59}숙소 꾸미기{/}
UI_20150323_001389	{@st41b}숙소 설정{/}
UI_20150323_001390	{@st59}숙소 설정을 변경합니다{/}
UI_20150323_001391	{@st45ty}캐릭터 인사말{/}
UI_20150323_001392	{@st45ty}매입의뢰상점
UI_20150323_001393	{@st41b}변경
UI_20150323_001394	{@st59}캐릭터 인사말을 변경합니다{/}
UI_20150323_001395	{@st59}매입의뢰상점을 설정합니다{/}
UI_20150323_001396	구매수량 : %s{/}
UI_20150323_001397	구입할 아이템 검색
UI_20150323_001398	구매수량
UI_20150323_001399	개당가격
UI_20150323_001400	{@sti5}%s 개{/}
UI_20150323_001401	{@st41}먹기
UI_20150323_001402	{@st41}제작
UI_20150323_001403	{@st41}제작 갯수
UI_20150323_001404	{@st41}소비 재료
UI_20150401_001405	{@st59}브리케팅을 닫습니다{/}
UI_20150401_001406	{@st41}거점 해체
UI_20150401_001407	{@st43}[%s서클]{/}
UI_20150401_001408	{@st43}스킬{/}
UI_20150401_001409	{@st43}클래스Tip{/}
UI_20150401_001410	클래스Tip
UI_20150401_001411	{@st42}{#ffff00}타겟 고정{/}
UI_20150401_001412	{@st41}테이블 해체
UI_20150401_001413	{@st43}팅크쳐링{/}
UI_20150401_001414	조이스틱 퀵슬롯
UI_20150401_001415	{@st42}{#ffff00}키보드 모드{/}
UI_20150401_001416	{@st43}봉헌함 열기
UI_20150401_001417	{@st41b}열기
UI_20150401_001418	{@st41b}봉헌함
UI_20150401_001419	{@st41}봉헌함 이름
UI_20150401_001420	지급 금액
UI_20150401_001421	예상 수익
UI_20150401_001422	소지금
UI_20150401_001423	{@st45tw}봉헌함 물품 상세내용
UI_20150401_001424	{@st41}일괄 판매
UI_20150401_001425	{@st43}봉헌함
UI_20150401_001426	봉헌하기
UI_20150401_001427	거래 정산
UI_20150401_001428	예상 잔액
UI_20150401_001429	{@st45tw}봉헌함
UI_20150401_001430	{@st41}비우기
UI_20150401_001431	{@st43}현재 존 유저 목록{/}
UI_20150401_001432	{@st59}운영자 UI리스트를 닫습니다{/}
UI_20150401_001433	{@st41}파티 설명 :
UI_20150401_001434	{s20}독의 양  {s28}{b}{#ff6600}%s
UI_20150401_001435	독 제조용 재료 아이템
UI_20150401_001436	{@st41b}전체 선택{/}
UI_20150401_001437	{@st59}한번 더 클릭시 전체 해제{/}
UI_20150401_001438	{@st41b}제조{/}
UI_20150401_001439	{@st59}섞고 섞고 돌리고 섞고{/}
UI_20150401_001440	{@st41b}업적{/}
UI_20150401_001441	헤어컬러
UI_20150401_001442	장착 가능 칭호
UI_20150401_001443	{@st41b}조이스틱 UI 모드{/}
UI_20150401_001444	{@st41}{#ffffcc}이름
UI_20150401_001445	{@st41}{#ffffcc}가격
UI_20150401_001446	{@st41}{#ffffcc}상태
UI_20150401_001447	{@st41b}미리보기 취소
UI_20150401_001448	{@st41}{#ffff00}나의 NXP : %s{/}
UI_20150401_001449	착용중
UI_20150401_001450	설명 : {#FFFF00}%s{/}
UI_20150401_001451	평균 레벨 : {#FFFF00}%s{/}
UI_20150401_001452	조건
UI_20150401_001453	칭호   %s
UI_20150401_001454	보상   %s
UI_20150401_001455	{@st42}갯수
UI_20150406_001456	{@st43}베이스 캠프
UI_20150406_001457	{@st42}건설
UI_20150406_001458	{@st42}취소
UI_20150406_001459	{@stc1}캠프 유지 시간
UI_20150406_001460	{@st41b}베이스캠프
UI_20150406_001461	{@st41b}캠프 유지 시간
UI_20150406_001462	{@st42b}갱신시 24시간 추가 캠프 유지되며{nl} %s실버가 소모됩니다.
UI_20150406_001463	{@st41}캠프 해체
UI_20150406_001464	{@st42}테이블 해체
UI_20150406_001465	{@st59b}그리모어{nl}{@st59s} - 카드를 덱에 올리고 소환술을 실행합니다{/}
UI_20150406_001466	{@st41}내 소환 스킬
UI_20150406_001467	{@st41}스텟
UI_20150406_001468	{@st41b}봉헌함 이름
UI_20150406_001469	{@st41b}봉헌함 물품 상세내용
UI_20150406_001470	{@st59}매입의뢰상점을 닫습니다
UI_20150406_001471	{@st59b}매입의뢰상점{nl}{@st59s} - 내가 가진 물건을 실버로 교환할 수 있습니다
UI_20150406_001472	{@st41b}의뢰자 요청 아이템{/}
UI_20150406_001473	{@st41b}판매 등록 아이템{/}
UI_20150406_001474	{@st41b}총 수입
UI_20150406_001475	{@st41b}판매
UI_20150406_001476	{@st59}등록한 아이템을 판매합니다{/}
UI_20150406_001477	{@st59}개인 창고를 닫습니다{/}
UI_20150406_001478	{@st41b}창고에 물품을 보관하고 찾을시에 %s실버가 소모됩니다.{/}
UI_20150406_001479	{@st41b}갯수
UI_20150414_001480	{@st42b}갱신시 캠프 유지시간이 증가되며{nl} %s실버가 소모됩니다.
UI_20150414_001481	{@st41b}타입           {@sti7}%s{/}
UI_20150414_001482	{@st41b}조작난이도 {@sti7}%s{/}
UI_20150414_001483	{@st59b}  아이템  {/}
UI_20150414_001484	{@st59b}  몬스터  {/}
UI_20150414_001485	{@st59b}  맵이동  {/}
UI_20150414_001486	{@st59b}  전투명령  {/}
UI_20150414_001487	{s26}{b}개
UI_20150414_001488	{s26}{b}레벨
UI_20150414_001489	{@st44}{s26}레벨
UI_20150414_001490	{@st59b}{s26}마리
UI_20150414_001491	{@st41b}조리
UI_20150414_001492	{@st41b}음식
UI_20150414_001493	{@st42}배식대 해체
UI_20150414_001494	{@st41b}기록{/}
UI_20150414_001495	{@st41}파티 설명
UI_20150414_001496	{@st41b}입력{/}
UI_20150414_001497	로스팅 레벨 %s
UI_20150428_001498	{@st43}매입상점{/}
UI_20150428_001499	{@st41b}마감하기
UI_20150428_001500	{@st41b}버그 제보
UI_20150428_001501	{@st59}문제가 있는 사항을 알립니다{/}
UI_20150428_001502	버그를 제보하시면 현재까지 게임플레이 화면이 서버로 전송됩니다. 전송된 리플레이 파일은 버그 수정에 큰 도움이 됩니다. 전송하시겠습니까?
UI_20150428_001503	{@st41b}버그 내용 :{/}
UI_20150428_001504	{@st41b}버그 내용은 필수 입력 사항이 아니지만 분석에 도움이 됩니다.
UI_20150428_001505	{@st41b}전송
UI_20150428_001506	{@st42}{s14}{#ffff00}타겟 고정{/}
UI_20150428_001507	{@st59}거리나 방향 전환에 관계없이 타겟을 고정합니다
UI_20150428_001508	파티 조건 일치!
UI_20150428_001509	조이스틱 휴식 퀵슬롯
UI_20150428_001510	{@st41b}휴식모드
UI_20150428_001511	조이패드 튜토리얼
UI_20150428_001512	{@st59}조이패드 설명을 닫습니다.(M){/}
UI_20150428_001513	키보드 튜토리얼
UI_20150428_001514	{@st44}로그아웃{/}
UI_20150428_001515	{@st41b}헬퍼 남기기(NXP %s개 필요){/}
UI_20150428_001516	소켓 추가 비용 : {#ff9933}%s{/}{nl}젬 제거 비용 : {#ff9933}%s{/}
UI_20150428_001517	{@st41b}젬 제거
UI_20150428_001518	{@st42}{s14}{#ffff00}UI 모드{/}
UI_20150428_001519	{@st59}키보드나 조이패드를 사용해서 UI를 조작합니다
UI_20150428_001520	파티원 찾기 기능 사용
UI_20150428_001521	찾기 기능을 사용하는 캐릭터 중 조건에 맞는 캐릭터를{nl}만난다면 [파티 조건 일치!] 문구가 표시 됩니다.
UI_20150428_001522	{@st41}플레이 스타일{/}
UI_20150428_001523	퀘스트 진행
UI_20150428_001524	사냥 중심
UI_20150428_001525	이벤트 진행
UI_20150428_001526	{@st41}레벨 차이{/}
UI_20150428_001527	관계없음  /
UI_20150428_001528	{@st41}원하는 클래스 계열{/}
UI_20150428_001529	{@st41b}파티 탈퇴
UI_20150428_001530	{@st59}파티 설명으로 검색합니다{/}
UI_20150428_001531	{s18}{ol}{gr gradation1}헬퍼 규칙{/}
UI_20150428_001532	{@st59}제조를 실행합니다.{/}
UI_20150428_001533	{@st45ty}헤어컬러
UI_20150428_001534	{@st45ty}장착 가능 칭호
UI_20150428_001535	{@st41_yellow}헬퍼 스킬
UI_20150428_001536	{@st41b}다른 캐릭터 이름 표시{/}
UI_20150428_001537	{@st43}UI 모드{/}
UI_20150428_001538	{@st41b}자동{/}
UI_20150428_001539	{@st41b}조이패드{/}
UI_20150428_001540	{@st41b}키보드{/}
UI_20150428_001541	조이패드
UI_20150428_001542	{@st59}조이패드 안내{/}
UI_20150428_001543	키보드
UI_20150428_001544	{@st59}키보드 안내{/}
UI_20150428_001545	{@st43}그래픽 설정{/}
UI_20150428_001546	{@st43}성능 조정{/}
UI_20150428_001547	{@st41b}저사양모드{/}
UI_20150428_001548	{@st41b}자동조정{/}
UI_20150428_001549	{@st41b}사용안함{/}
UI_20150428_001550	게임faq
UI_20150428_001551	인원 : (%s/%s)
UI_20150428_001552	100레벨 이상 : (%s/%s)
UI_20150511_001553	{@st41}파티초대 링크걸기
UI_20150714_001554	{@st66b}낙찰물품 : %s개 / 유찰물품 : %s개{/}
UI_20150714_001555	{@st41b}거래 기록
UI_20150714_001556	{@st41b}캠프 해체
UI_20150714_001557	카드대전
UI_20150714_001558	{@st64}%s승{/}
UI_20150714_001559	카드 결정
UI_20150714_001560	모험지수 {#ffff00}%s{/} ({#ffff00}%s{/}위)
UI_20150714_001561	{@st66b}좋아요!
UI_20150714_001562	이 캐릭터가 좋아요 {#ffff00}%s{/}
UI_20150714_001563	{@st41b}배식대 해체
UI_20150714_001564	{@st42}내 소환 스킬
UI_20150714_001565	{@st42}스텟
UI_20150714_001566	{@st42}현재 위치 : %s{/}
UI_20150714_001567	{@st59b}착용장비{nl}{@st59s} - 헤어/코스튬 : 외형 변경 가능 아이템 착용{nl} - 무기 : 한손 장비 및 양손 장비 착용 가능{nl}   (한손 장비 착용시 서브웨폰/방패 착용 가능 ){nl} - 방어구 : 상의, 하의, 장갑, 신발 착용{nl} - 악세서리 : 목걸이 1개, 팔찌 2개 착용{nl}   (팔찌2는 Alt키로 비교해 보기/장착 가능){/}
UI_20150714_001568	{@st43}%s 상점 개설{/}
UI_20150714_001569	{@st41b}로스팅{/}
UI_20150714_001570	{@st66}전체 선택
UI_20150714_001571	{@st43}화살제작{/}
UI_20150714_001572	{@st59} UI를 닫습니다{/}
UI_20150714_001573	{@st66b}확인{/}
UI_20150714_001574	{@st66b}헬퍼 남기기(NXP %s개 필요){/}
UI_20150714_001575	소켓 추가 비용 : {#000000}%s{/} {nl}젬 추출 비용 : {#000000}%s{/}
UI_20150714_001576	{ds}권장 레벨 : %s
UI_20150714_001577	탐사율 : 50.0%
UI_20150714_001578	{@st45tw}[탐사율 %s%]{/}
UI_20150714_001579	>>더 보기..
UI_20150714_001580	%s (%s 랭크)
UI_20150714_001581	직업이름
UI_20150714_001582	{@st41b}초대
UI_20150714_001583	{@st41}조이패드나 마우스 조작을 원할 경우, 시스템 메뉴의 게임 설정에서 선택할 수 있습니다.{/}
UI_20150714_001584	조건이 일치하는 캐릭터를 만난다면 [파티 조건 일치!] 문구가 표시 됩니다.{nl}또한 파티원을 구하는 다른 파티에 자주 추천됩니다.
UI_20150714_001585	{@st42}플레이 스타일{/}
UI_20150714_001586	{@st42}레벨 차이{/}
UI_20150714_001587	관계없음
UI_20150714_001588	{@st42}원하는 클래스 계열{/}
UI_20150714_001589	{@st42}파티명 : %s{/}
UI_20150714_001590	{@st42}파티 설명{/}
UI_20150714_001591	{@st42}입력{/}
UI_20150714_001592	{@st42}아이템 분배 규칙
UI_20150714_001593	{@st42}경험치 분배 규칙
UI_20150714_001594	각자얻기
UI_20150714_001595	균등분배
UI_20150714_001596	레벨차등
UI_20150714_001597	{@st42}퀘스트 공유
UI_20150714_001598	사용안함
UI_20150714_001599	{@st42}공개 파티 목록에 등록{/}
UI_20150714_001600	희망 레벨
UI_20150714_001601	{@st42}파티원 추천 기능 사용{/}
UI_20150714_001602	거리에 의해
UI_20150714_001603	직업에 의해
UI_20150714_001604	레벨에 의해
UI_20150714_001605	진행 퀘스트에 의해
UI_20150714_001606	친분에 의해
UI_20150714_001607	{@st42}파티초대 링크걸기
UI_20150714_001608	>>파티 보기..
UI_20150714_001609	파티이름 : %s
UI_20150714_001610	파티소개 : %s
UI_20150714_001611	결성시간 : %s 전
UI_20150714_001612	인원구성 : %s/5
UI_20150714_001613	가입
UI_20150714_001614	{@st59}파티 이름 및 설명으로 검색합니다{/}
UI_20150714_001615	심플 도움말내용
UI_20150714_001616	{@st43}메세지함
UI_20150714_001617	{@st41b}전체
UI_20150714_001618	{@st41b}안읽은 메세지함
UI_20150714_001619	{@st43}{s22}아이템을 수령할 캐릭터를 선택해주세요.{/}
UI_20150714_001620	{@st41b}강화
UI_20150714_001621	{@st66}수리 필요 아이템 목록
UI_20150714_001622	{@st43}시모니
UI_20150714_001623	{@st59}스킬을 올려주세요{/}
UI_20150714_001624	{@st59}스킬과 특성을 닫습니다{/}
UI_20150714_001625	{@st43}스킬과 특성{/}
UI_20150714_001626	남은 스테이터스 포인트 {nl}{@st46}%s
UI_20150714_001627	내가 받은 좋아요! : %s개
UI_20150714_001628	{@st66b}경험치 획득량 표기{/}
UI_20150714_001629	{@st66b}캐릭터 이름 보기{/}
UI_20150714_001630	{@st66b}팀 이름만 표시{/}
UI_20150714_001631	{@st66b}다른 캐릭터 이름 표시{/}
UI_20150714_001632	{@st66b}자동{/}
UI_20150714_001633	{@st66b}조이패드{/}
UI_20150714_001634	{@st66b}키보드{/}
UI_20150714_001635	{@st66b}마우스
UI_20150714_001636	{@st66b}전체 화면{/}
UI_20150714_001637	{@st66b}창모드{/}
UI_20150714_001638	{@st66b}효과음 크기 (%s){/}
UI_20150714_001639	{@st66b}음악 크기 (%s){/}
UI_20150714_001640	{@st66b}사운드 전체 크기 (%s){/}
UI_20150714_001641	{@st66b}저사양모드{/}
UI_20150714_001642	{@st66b}자동조정{/}
UI_20150714_001643	{@st66b}사용안함{/}
UI_20150714_001644	{@st66b}블룸 적용{/}
UI_20150714_001645	{@st66b}비넷팅 적용{/}
UI_20150714_001646	{@st66b}FXAA 적용{/}
UI_20150714_001647	{@st66b}GLOW 적용{/}
UI_20150714_001648	{@st66b}Depth 적용{/}
UI_20150714_001649	{@st66b}SoftParticle 적용{/}
UI_20150714_001650	{@st66b}고사양 텍스쳐 적용{/}
UI_20150714_001651	{@st66b}수직 동기화 켜기{/}
UI_20150714_001652	{@st66b}수직 동기화 끄기{/}
UI_20150714_001653	{@st66b}창고에 물품을 보관하고 찾을시에 %s실버가 소모됩니다.{/}
UI_20150714_001654	%s가 나를 좋아합니다
UI_20150714_001655	{@st41}관전하기
UI_20150714_001656	{@st66b}관전 종료
UI_20150714_001657	게임을 찾았습니다. 참가하시겠습니까?
UI_20150714_001658	{@st41}참가
UI_20150714_001659	{@st41}거절
UI_20150714_001660	경기 종료
UI_20150714_001661	데스
UI_20150714_001662	피해량
UI_20150714_001663	{@st41}존으로 돌아가기
UI_20150714_001664	{@st41b}%s초 후 존으로 이동합니다...{/}
UI_20150714_001665	{@st59}메세지함을 엽니다{/}
UI_20150714_001666	{@st42}숙소 변경{/}
UI_20150714_001667	{@st42}숙소 설정{/}
UI_20150714_001668	{@st65}%s 점{/}
UI_20150714_001669	{@st65}%s 개{/}
UI_20150714_001670	{@st65}%s점{/}
UI_20150714_001671	{@st65}%s개{/}
UI_20150714_001672	사진에 대한 설명
UI_20150714_001673	{#000000}%s 초
UI_20150714_001674	{#000000}%s 장착
UI_20150714_001675	파티명 : {#2c140c}%s{/}
UI_20150714_001676	설명 : {#2c140c}%s{/}
UI_20150714_001677	평균 레벨 :  {#2c140c}%s{/}
UI_20150714_001678	찾는 파티원 :  {#2c140c}%s{/}
UI_20150714_001679	퀘스트 공유 :  {#2c140c}%s{/}
UI_20150714_001680	경험치 분배규칙 :  {#2c140c}%s{/}
UI_20150714_001681	아이템 분배규칙 :  {#2c140c}%s{/}
UI_20150714_001682	파티는 즐거우셨나요?
UI_20150714_001683	{@st42}%s님이 %s(을)를 드셨습니다
UI_20150714_001684	{@st42}%s님이 %s(을)를 강화하셨습니다.
UI_20150714_001685	메모 :%s
UI_20150714_001686	{@st59}재료 아이템을 슬롯에 추가합니다.{/}
UI_20150714_001687	{@st66b}가격 : %s{/}
UI_20150714_001688	캐릭터 인사말
UI_20150714_001689	매입의뢰상점
UI_20150714_001690	%s 개
UI_20150714_001691	{@41b}조건
UI_20150714_001692	{@st41}삭제
UI_20150714_001693	{@st41}새로 고침
UI_20150717_001694	이 플레이어가 좋아요 {#ffff00}%s{/}
UI_20150717_001695	{@st41b}{s56}이 게임은 {#0066FF}
UI_20150717_001696	12세 이용가
UI_20150717_001697	{#FFFFFF}입니다.{nl}{s40} {nl}장시간의 게임 이용은 건강을 해칠 수 있습니다.{/}
UI_20150717_001698	{@st66b}입력
UI_20150717_001699	{@st42}내 소환수 정보
UI_20150717_001700	{@st59}STA{nl}{@st59s}스태미나가 부족하면 이동이 느려집니다{/}
UI_20150717_001701	{@st59}인벤토리를 정렬합니다{/}
UI_20150717_001702	정리
UI_20150717_001703	{@st59}조이패드 설명을 닫습니다.{/}
UI_20150717_001704	{@st59}키보드 설명을 닫습니다.{/}
UI_20150717_001705	마우스 튜토리얼
UI_20150717_001706	{@st59}마우스 설명을 닫습니다.{/}
UI_20150717_001707	공격력 : %s
UI_20150717_001708	방어력 : %s
UI_20150717_001709	힘 : %s
UI_20150717_001710	체력 : %s
UI_20150717_001711	지능 : %s
UI_20150717_001712	민첩 : %s
UI_20150717_001713	정신 : %s
UI_20150717_001714	{@st42b}소드맨 계열은 방향을 빠르게 두번 입력하여 질주할 수 있습니다{/}
UI_20150717_001715	{@st42}파티명과 설명{/}
UI_20150717_001716	{@st42}파티 초대 태그 삽입
UI_20150717_001717	{@st41b}공개 파티 목록{/}
UI_20150717_001718	{@st41b}추천 캐릭터 목록{/}
UI_20150717_001719	{@st41b}추천 받기
UI_20150717_001720	파티 리더만 사용 가능한 기능입니다.
UI_20150717_001721	파티원 추천 기능을 사용해야 합니다.
UI_20150717_001722	{@st66b}퀘스트 클래스 네임{/}
UI_20150717_001723	{@st59b}상점{nl}{@st59s} - 아이템을 여러 개 판매/구매하려면 Shift + 우클릭 후 갯수 입력{nl} - 아이템을 전량 판매하려면 마우스 더블 우클릭으로 이용{/}
UI_20150717_001724	{@st59}마우스 안내{/}
UI_20150717_001725	{@st66b}정렬
UI_20150717_001726	{@st59}아이템을 정렬합니다.{/}
UI_20150717_001727	{@st59}슬롯에 무기 장착{nl}Alt+Z로 무기 전환{/}
UI_20150717_001728	다른사람 시점으로 관전하기
UI_20150717_001729	{@st41}배틀 필드
UI_20150717_001730	결과
UI_20150717_001731	{@st41}바로 이동
UI_20150717_001732	{@st66b} 팀 이름은 모든 캐릭터를 대표하는 이름입니다.{nl}자유롭게 바꿀 수 있는 팀 이름은 거래, 길드 가입, 대화 등에 사용되는 공용 이름입니다.{/}
UI_20150729_001733	{@st42}학습 가능한 특성만 표시{/}
UI_20150729_001734	다리갯수
UI_20150729_001735	키
UI_20150729_001736	몸무게
UI_20150729_001737	{@st43}젬 로스팅{/}
UI_20150729_001738	{@st59b}아이템 제작{nl}{@st59s} - 레시피 아이템을 입수하면 해당하는 아이템 제작 가능{nl} - 레시피와 재료를 슬롯에 넣은 후 아이템 제작 실행{nl} - 제작하는 아이템에 이름과 메모 기입 가능{/}
UI_20150729_001739	{@st59}화살제작을 닫습니다.{/}
UI_20150729_001740	필요 파편 : 변이 %s개 / 야수 %s개 / 식물 %s개
UI_20150729_001741	{@st42b}전사 계열은 방향을 빠르게 두번 입력하여 질주할 수 있습니다{/}
UI_20150729_001742	{@st41}파티 설정
UI_20150729_001743	{@st41}파티 모집 설정
UI_20150729_001744	{@st42}파티원 찾기 기능 사용{/}
UI_20150729_001745	조건이 일치하는 플레이어를 만난다면 [파티 조건 일치!] 문구가 표시 됩니다.
UI_20150729_001746	{@st41b}추천 플레이어 목록{/}
UI_20150729_001747	{@st41}특성 및 정보
UI_20150729_001748	{@st59}강화를 취소합니다{/}
UI_20150729_001749	{@st59b}젬/카드 강화{nl}{@st59s} - 강화할 젬 또는 카드를 인벤토리에서 선택하여 등록{nl} - 퀘스트 아이템을 제외한 모든 아이템을 젬 강화 재료로 사용 가능{nl}   (젬을 재료로 사용했을 때 효율이 가장 높음){nl} - 카드 강화는 다른 카드들로만 재료로 사용 가능{/}
UI_20150729_001750	{#000000}{s22}서버 입장 대기중
UI_20150729_001751	{#000000}{s22}서버 인원이 가득 차 입장 대기 중 입니다.
UI_20150729_001752	{#000000}{s22}현재 순위 : %s
UI_20150729_001753	{@st43}팀 배틀 리그
UI_20150729_001754	{@st59}팀 배틀 리그를 닫습니다.
UI_20150729_001755	{@st42}팀 배틀 리그 일정
UI_20150729_001756	{@st43}팀 배틀 리그 랭킹
UI_20150729_001757	{@st59}팀 배틀 리그 랭킹을 닫습니다.
UI_20150729_001758	팀 이름
UI_20150729_001759	{@st41b}스킬이름
UI_20150729_001760	{@st59}파티 미션 진행을 수락합니다{/}
UI_20150729_001761	{@st59}해당 티켓을 삭제합니다.{/}
UI_20150729_001762	점수
UI_20150729_001763	팀 배틀 리그 참여
UI_20150730_001764	{@st56}내 랭킹
UI_20150730_001765	{@st56}킬 랭킹
UI_20150730_001766	{@st56}데미지 랭킹
UI_20150803_001767	일반 : /s 할말{nl}외침 : /y 할말{nl}파티 : /p 할말{nl}귓속말 : /w 팀이름 할말
UI_20150803_001768	{@st66b}조이패드 진동{/}
UI_20150803_001769	게임을 찾았습니다. 잠시 후 게임에 입장합니다.
UI_20150804_001770	{@st43}{s18}아이템을 수령할 캐릭터를 선택해주세요.{/}
UI_20150804_001771	최대 소켓 %s개
UI_20150807_001772	{@st41b}상세 보기 {img red_down_arrow 16 16}
UI_20150807_001773	{@st41b}거래 정산 :{/}
UI_20150807_001774	{@st41b}예상 잔액 :{/}
UI_20150918_001775	캠프 유지 시간
UI_20150918_001776	효과
UI_20150918_001777	갱신시 캠프 유지시간이 증가되며{nl} %s실버가 소모됩니다.
UI_20150918_001778	개인 창고
UI_20150918_001779	{@st41b}타입 : {@sti7}%s{/}
UI_20150918_001780	{@st41b}조작난이도 : {@sti7}%s{/}
UI_20150918_001781	이 플레이어가 좋아요 {#ffff00}{ol}%s{/}
UI_20150918_001782	{@st43}인스턴스 던전
UI_20150918_001783	{@st41}위치 확인
UI_20150918_001784	{#000000}이름{/}
UI_20150918_001785	{#000000}입장레벨{/}
UI_20150918_001786	{#000000}입장 회수{/}
UI_20150918_001787	{#000000}입장 횟수는 %s시에 초기화 됩니다.{/}
UI_20150918_001788	{img silver 20 20} 받는 가격
UI_20150918_001789	주변 파티 정보
UI_20150918_001790	필요 파편 : %s개
UI_20150918_001791	{@st66b}비우기
UI_20150918_001792	{@st42}주변 파티 정보 표시{/}
UI_20150918_001793	{@sti9}%s{@st66b}과의 친밀도 : {@sti9}%s {@st66b}레벨{/}
UI_20150918_001794	친밀도
UI_20150918_001795	{@st41b}제작 아이템 재료 획득!
UI_20150918_001796	{@st66b}{s20}당신은 {/}{s20}{#cc6600}{ol}전투 불능 {/}{@st66b}{s20}상태가 되었습니다!{/}
UI_20150918_001797	{@st66b}가까운 부활지점에서 다시하기{/}
UI_20150918_001798	{@st66b}제자리에서 다시하기(NXP %s개 필요){/}
UI_20150918_001799	{@st66b}필드로 복귀하기{/}
UI_20150918_001800	{@st66b}퀘스트 포기 후 재시작하기{/}
UI_20150918_001801	{@st66b}재도전{/}
UI_20150918_001802	{@st66b}내가 판매한 아이템{/}
UI_20150918_001803	{@st53}랭킹포인트 : %s
UI_20150918_001804	총 거래 불가: %s개
UI_20150918_001805	{@st42b}대사 확인{/}
UI_20150918_001806	{@st66b}파티원 외 음식 제공{/}
UI_20150918_001807	{@st41b}간판이름변경
UI_20150918_001808	{@sti9}내 랭킹
UI_20150918_001809	{@sti9}킬 랭킹
UI_20150918_001810	{@sti9}데미지 랭킹
UI_20151001_001811	{@st43}키 설정{/}
UI_20151001_001812	{@st45tw2}카테고리
UI_20151001_001813	액션
UI_20151001_001814	기본값 복원
UI_20151016_001815	{@st59}선택한 아이템이 잠금 상태가 됩니다.{/}
UI_20151016_001816	{@st59}미리보기로 살펴보고 숙소의 테마를 변경할 수 있습니다. 
UI_20151016_001817	정원%s명{/}
UI_20151016_001818	{@st42b}미리보기
UI_20151016_001819	{@st42b}돌아가기
UI_20151016_001820	{@st42b}구매
UI_20151016_001821	{@st42b}적용
UI_20151016_001822	길드명과 소개글
UI_20151016_001823	팀이름
UI_20151016_001824	직책
UI_20151016_001825	공지사항
UI_20151022_001826	{@st41}서버 입장 대기중
UI_20151022_001827	{#000000}{s18}서버 인원이 가득 차 입장 대기 중 입니다.
UI_20151022_001828	{@st66b18}현재 순위 : %s
UI_20151022_001829	{@st66b}다른 캐릭터 이펙트 보기
UI_20151102_001830	NXP
UI_20151224_001831	{@st41b}변경{s18}(TP 100 필요){/}
UI_20151224_001832	소비 개수
UI_20151224_001833	보유 개수
UI_20151224_001834	{@st43}주문 판매상점{/}
UI_20151224_001835	{@st59}주문 판매상점을 닫습니다{/}
UI_20151224_001836	{@st43}주문 판매상점
UI_20151224_001837	주문 판매상점
UI_20151224_001838	{@st59}주문 판매상점을 닫습니다.
UI_20151224_001839	{@st59}주문 판매상점{nl} - 실버를 지불해 해당 플레이어에게 버프 스킬을 받을 수 있습니다.
UI_20151224_001840	{@st41b}건설
UI_20151224_001841	{@st41b}소비재료 및 비용
UI_20151224_001842	{@st66b}베이스캠프
UI_20151224_001843	{@st66b}기록
UI_20151224_001844	다리개수
UI_20151224_001845	{@st41}확인
UI_20151224_001846	{@st42}사용{/}
UI_20151224_001847	{@st66b18}※구매에 사용된 TP는 환불되지 않습니다.{/}
UI_20151224_001848	{@st59}길드  (/g 할말){/}
UI_20151224_001849	{@st59}길드   (/g 할말){/}
UI_20151224_001850	{@st42}글자 크기
UI_20151224_001851	{@st66b}정보
UI_20151224_001852	여신상HP
UI_20151224_001853	라운드
UI_20151224_001854	플레이어
UI_20151224_001855	아군
UI_20151224_001856	적군
UI_20151224_001857	{@st66b}조리
UI_20151224_001858	{@st66b}음식
UI_20151224_001859	{@st66b}목록
UI_20151224_001860	{@st66b}관리
UI_20151224_001861	{@st59}길드 정보를 닫습니다{/}
UI_20151224_001862	{@st43}길드{/}
UI_20151224_001863	{@st41b}기본정보
UI_20151224_001864	{@st41b}속성
UI_20151224_001865	길드이벤트 참가자를 모집하고 있습니다.
UI_20151224_001866	{@st41b}성장 및 랭크
UI_20151224_001867	{@st41b}길드 특성
UI_20151224_001868	{@st43}길드 성장{/}
UI_20151224_001869	채널 / 위치
UI_20151224_001870	소환
UI_20151224_001871	길드원에게 가기
UI_20151224_001872	가기
UI_20151224_001873	{@st43}히스토리{/}
UI_20151224_001874	{@st59}히스토리 정보를 닫습니다.{/}
UI_20151224_001875	{@st45tw2}항목{/}
UI_20151224_001876	{@st45tw2}변동값{/}
UI_20151224_001877	{@st45tw2}시간{/}
UI_20151224_001878	{@st45tw2}복구{/}
UI_20151224_001879	{@st66b}던전{/}
UI_20151224_001880	{@st66b}의뢰소 미션{/}
UI_20151224_001881	{@st66b18}입장 횟수{/}
UI_20151224_001882	{@st45tw2}이름{/}
UI_20151224_001883	{@st45tw2}입장레벨{/}
UI_20151224_001884	검색 시간 : 
UI_20151224_001885	{@st59}지도를 확대합니다{/}
UI_20151224_001886	{@st59}지도를 축소합니다{/}
UI_20151224_001887	{@st59}마지막 워프 지역을 봅니다{/}
UI_20151224_001888	{@st59}현재 위치를 봅니다{/}
UI_20151224_001889	{@st59}헤어 코스튬3{/}
UI_20151224_001890	{@st59}헤어{/}
UI_20151224_001891	{@st41b}취 소
UI_20151224_001892	{@st41b}확 인
UI_20151224_001893	{@st66b}로스팅{/}
UI_20151224_001894	{@st66b}기록{/}
UI_20151224_001895	남은 개수
UI_20151224_001896	{@st66b}손질{/}
UI_20151224_001897	{@st66b}수리{/}
UI_20151224_001898	{@st41}스킬레벨
UI_20151224_001899	{@st41}재물 재료
UI_20151224_001900	{@st66b}헬퍼 남기기(TP %s개 필요){/}
UI_20151224_001901	{@st66b}전체 지도{/}
UI_20151224_001902	{@st59}전체 지도를 엽니다{/}
UI_20151224_001903	{ol}메시지
UI_20151224_001904	{@st66b18}아이템 수령함
UI_20151224_001905	{@st66b18}판매 등록
UI_20151224_001906	{@st66b18}판매중인 아이템
UI_20151224_001907	{@st45tw2}레벨{/}
UI_20151224_001908	{@st45tw2}단가{/}
UI_20151224_001909	{@st45tw2}구매개수{/}
UI_20151224_001910	{@st45tw2}총 금액{/}
UI_20151224_001911	{@st42}상세옵션{/}
UI_20151224_001912	{@st65}레벨{/}
UI_20151224_001913	{@st65}강화 수치{/}
UI_20151224_001914	{@st59}입력한 이름과 작성된 옵션으로 검색합니다{/}
UI_20151224_001915	{@st65}낮은 가격순{/}
UI_20151224_001916	{@st65}높은 가격순{/}
UI_20151224_001917	{@st45tw2}개수{/}
UI_20151224_001918	{@st45tw2}수령 가능 시간{/}
UI_20151224_001919	{@st66b}판매 등록 시간 및 수수료{/}
UI_20151224_001920	{@st66}토큰 아이템을 제외한 판매 아이템의{nl}정산된 실버는 48시간 후 수령할 수 있습니다.{/}
UI_20151224_001921	{@st45tw2}마감 시간{/}
UI_20151224_001922	{@st45tw2}판매 완료시 수수료{/}
UI_20151224_001923	{@st45tw2}총금액{/}
UI_20151224_001924	상한가{/}
UI_20151224_001925	하한가{/}
UI_20151224_001926	{@st66}하위시세{/}
UI_20151224_001927	{@st66}상위시세{/}
UI_20151224_001928	%s (%s 채널)
UI_20151224_001929	파편의 개수
UI_20151224_001930	{@st66b}열기
UI_20151224_001931	{@st66b}봉헌함
UI_20151224_001932	{@st66b}구성{/}
UI_20151224_001933	{@st66b}파티 이벤트{/}
UI_20151224_001934	{@st66b}설정{/}
UI_20151224_001935	{@st42b}저장{/}
UI_20151224_001936	{@st41}파티명과 설명{/}
UI_20151224_001937	주변 파티 정보 표시
UI_20151224_001938	공개 파티 목록에 등록
UI_20151224_001939	레벨 차이
UI_20151224_001940	파티원 추천 기능 사용
UI_20151224_001941	{@st66b}파티 초대 태그 삽입
UI_20151224_001942	경쟁 미션
UI_20151224_001943	단위
UI_20151224_001944	{@st41b}가입
UI_20151224_001945	{@st66b}공개 파티 목록{/}
UI_20151224_001946	{@st66b}추천 플레이어 목록{/}
UI_20151224_001947	수명
UI_20151224_001948	{@st43}메시지함
UI_20151224_001949	{@st66b}전체
UI_20151224_001950	{@st66b}안읽은 메시지함
UI_20151224_001951	{@st59b}퀘스트{nl}{@st59s} - 퀘스트 획득시 퀘스트 지령창에 등록{nl} - 메인퀘스트는 노란색, 서브퀘스트는 파란색 표시{nl} - 캐릭터 발 밑의 화살표로 퀘스트 위치를 표시{nl} - 퀘스트 완료시 퀘스트 지령창에 돌아가기 아이콘 표시{nl}  (백스페이스나 마우스 클릭으로 완료 NPC로 순간이동){nl} - 퀘스트 지령창에 등록/해제시 퀘스트 이름 앞 체크 선택{/}
UI_20151224_001952	{@st66b}  진행  {/}
UI_20151224_001953	{@st66b}  포기  {/}
UI_20151224_001954	{@st66b}소울 크리스탈로 부활하기{/}
UI_20151224_001955	{@st59b}상점{nl}{@st59s} - 아이템을 여러 개 판매/구매하려면 Shift + 우클릭 후 개수 입력{nl} - 아이템을 전량 판매하려면 마우스 더블 우클릭으로 이용{/}
UI_20151224_001956	제작 개수
UI_20151224_001957	{@st42}%s 헤택{/}
UI_20151224_001958	%s 아이템을 사용하시겠습니까?{/}
UI_20151224_001959	사용한 아이템은 인벤토리에서 사라지며{nl}전체 스킬 포인트가 초기화 됩니다.{/}
UI_20151224_001960	{@st41}사용
UI_20151224_001961	{@st59b}클래스{nl}{@st59s} - 클래스의 서클을 성장시켜 해당 클래스의 스킬을 습득{nl} - 1차 직업에서 2차 직업로 전직할 경우 3개 클래스 선택 가능{nl} - 동일한 직업으로 총 3회까지 전직 가능{nl} - 동일한 클래스도 선택 가능{nl}{@st59b}스킬{nl}{@st59s} - 각 랭크별 스킬은 최대 5레벨 증가 가능{nl} - 마스터에게 배운 특성은 스킬 하단에서 확인 가능{/}
UI_20151224_001962	{@st66b}정보{/}
UI_20151224_001963	{@st66b}업적{/}
UI_20151224_001964	{@st66b}캐릭터 설정{/}
UI_20151224_001965	{@st59}콜렉션 (F11){/}
UI_20151224_001966	{@st66b}키 설정
UI_20151224_001967	{@st42}사용기간 : %s{/}
UI_20151224_001968	사용한 %s 인벤토리에서 사라지며{nl}%s동안 현재 %s에만 적용됩니다.{/}
UI_20151224_001969	사용한 %s 인벤토리에서{nl}사라지며 현재 %s에만 적용됩니다.{/}
UI_20151224_001970	캐릭터 설정창에서 잔여시간을 확인하실 수 있습니다.{/}
UI_20151224_001971	{@st59}TP SHOP을 닫습니다{/}
UI_20151224_001972	{@st43}{s18}미리보기 및 구매
UI_20151224_001973	미리보기
UI_20151224_001974	착용 품목 TP
UI_20151224_001975	{@st49}이대로 구매하기{/}
UI_20151224_001976	장바구니
UI_20151224_001977	보유중인 TP
UI_20151224_001978	장바구니 TP
UI_20151224_001979	잔여 TP
UI_20151224_001980	{@st49}구매 확정{/}
UI_20151224_001981	{@st66b}창고 확장
UI_20151224_001982	{@st59}창고를 확장합니다{/}
UI_20151224_001983	{@st42b}지역{/}
UI_20151224_001984	{@st59}지도를 엽니다{/}
UI_20151224_001985	{ol}개수
UI_20151224_001986	{@st43}팀명 변경{/}
UI_20151224_001987	{@st59}팀명을 변경합니다{/}
UI_20151224_001988	{@st59}팀명 변경을 취소합니다{/}
UI_20151224_001989	{@st66b18}팀명 변경{/}
UI_20151224_001990	{@st66b18}숙소 변경{/}
UI_20151224_001991	{@st66}※팀명 변경시 150TP가 소모됩니다.{/}
UI_20151224_001992	{@st59}원하시는 이름을 입력하세요{/}
UI_20151224_001993	{@st41b}무료 TP{/}
UI_20151224_001994	{@st59}숙소 꾸미기를 닫습니다{/}
UI_20151224_001995	{@st43}숙소 꾸미기{/}
UI_20151224_001996	{@st41b}숙소방문{/}
UI_20151224_001997	{@st59}다른 사람의 숙소를 방문합니다.{/}
UI_20151224_001998	{@st41b}메시지{/}
UI_20151224_001999	{@st59}메시지함을 엽니다{/}
UI_20151224_002000	{@st42}캐릭터{/}
UI_20151224_002001	{@st42}무료TP{/}
UI_20151224_002002	{@st42}이벤트TP{/}
UI_20151224_002003	{@st41b}크레디트{/}
UI_20151224_002004	{@st59}크레디트{/}
UI_20151224_002005	{@st42}프로듀서 겸 디렉터{/}{nl}{@st41b}{s22}김세용{nl} {nl}{@st42}아트 디렉터{nl}{@st41b}{s22}안정원{nl} {nl}{@st42}아트 디자이너{nl}{@st41b}{s22}김민아{nl}성혜진{nl}강민경{nl}박준혁{nl}배진영{nl}신효선{nl}박세희{nl} {nl}{@st42}책임 프로그래머{nl}{@st41b}{s22}신상협{nl} {nl}{@st42}선임 프로그래머{nl}{@st41b}{s22}정재훈{nl} {nl}{@st42}프로그래머{nl}{@st41b}{s22}최영{nl}한성배{nl}김보라{nl}이용균{nl}김민규{/}
UI_20151224_002006	{@st42}전투기획{nl}{@st41b}{s22}최기락{nl}김평직{nl}김현일{nl} {nl}{@st42}레벨 디자이너{nl}{@st41b}{s22}라홍석{nl} {nl}{@st42}연출 감독{nl}{@st41b}{s22}이승조{nl} {nl}{@st42}리드 애니메이터{nl}{@st41b}{s22}이수진{nl} {nl}{@st42}애니메이터{nl}{@st41b}{s22}명승현{nl}박민우{nl}김수경{nl}신동진{nl}김미진{nl} {nl}{@st42}이펙트 / SFX{nl}{@st41b}{s22}정혜진{nl} {nl}{@st42}캐릭터 디자이너{nl}{@st41b}{s22}박지애{nl}황준원{nl}이수범{nl}김담이{/}
UI_20151224_002007	{@st42}배경 그래픽 디자이너{nl}{@st41b}{s22}장세명{nl}(주)렌더링{nl}이윤선{nl}강동호{nl}이남진{nl}연유경{nl}장용덕{nl}이현정{nl} {nl}{@st42}컨텐츠 기획 매니저{nl}{@st41b}{s22}이청수{nl} {nl}{@st42}컨텐츠 기획자{nl}{@st41b}{s22}손우정{nl}이원종{nl}정현진{nl}문지현{nl}김정수{nl}최동훈{nl}진승영{nl}이긴이{nl}문종욱{nl} {nl}{@st42}시나리오 라이터{nl}{@st41b}{s22}김세연{nl} {nl}{@st42}설정 감수{nl}{@st41b}{s22}마르티나스{nl}크리스티나{/}
UI_20151224_002008	{@st42}음향감독{nl}{@st41b}{s22}곽동일{nl} {nl}{@st42}선임 사운드 디자이너{nl}{@st41b}{s22}정희록{nl} {nl}{@st42}사운드 디자이너{nl}{@st41b}{s22}박선태{nl} {nl}{@st42}UX/UI 매니저{nl}{@st41b}{s22}이길용{nl} {nl}{@st42}UI 디자이너{nl}{@st41b}{s22}서주연{nl} {nl}{@st42}데이터 베이스{nl}{@st41b}{s22}한만주{nl} {nl}{@st42}QA 매니저{nl}{@st41b}{s22}김용현{nl} {nl}{@st42}QA{nl}{@st41b}{s22}안용현{nl}박은영{nl}노만철{nl}이은영{nl}임예빈{nl}장재순{nl}박지수{/}
UI_20151224_002009	{@st42}운영본부장{nl}{@st41b}{s22}신무진{nl} {nl}{@st42}해외 현지화{nl}{@st41b}{s22}신정호{nl}변성흠{nl}성명선{nl}김준영{nl} {nl}{@st42}기술 지원{nl}{@st41b}{s22}김강우{nl}이완재{nl}이선용{nl}박성기{/}
UI_20151224_002010	시작 도시 선택
UI_20151224_002011	{@st44}클라페다
UI_20151224_002012	{@st59s}수정광산을 중심으로 발전한 광업도시,{nl}신수의 날에 가장 경미한 피해를 입었다.{/}
UI_20151224_002013	{@st44}오르샤
UI_20151224_002014	{@st59s}신수의 날에 거대한 성곽에 의지해 재앙을 막아보려 했지만,{nl}재앙은 그 성곽마저도 삼켜버렸다.{/}
UI_20151224_002015	{@st59}나의 숙소로 돌아갑니다.{/}
UI_20151224_002016	{@st43}{s24}숙소 이름{/}
UI_20151224_002017	{@st59}숙소 이름{/}
UI_20151224_002018	{@st59}숙소 설정{/}
UI_20151224_002019	{@st42}초기화 횟수
UI_20151224_002020	{@st41}메시지
UI_20151224_002021	{@st59}퀘스트 대사 보기{/}
UI_20151224_002022	{@st59}퀘스트 포기{/}
UI_20151224_002023	{@st49}미리보기{/}
UI_20151224_002024	{@st49}담기{/}
UI_20151224_002025	%s님이 %s(을)를 드셨습니다
UI_20151224_002026	남은개수
UI_20151224_002027	남은개수 : %s{/}
UI_20151224_002028	{@st41}구매{/}
UI_20151224_002029	{@st45tw2}점수{/}
UI_20151224_002030	이름 올림차순{/}
UI_20151224_002031	이름 내림차순{/}
UI_20151224_002032	최근 날짜순{/}
UI_20151224_002033	{@st42}토큰 혜택{/}
UI_20151224_002034	{@st66b}간판이름변경
UI_20151224_002035	{@st41b}먹기
UI_20151224_002036	{@st41b}개수
UI_20151224_002037	캐쉬정원%s명{/}
UI_20151224_002038	접속인원만 보기
UI_20151224_002039	아지트 입장
UI_20151224_002040	길드원만 입장
UI_20151224_002041	전쟁 전적
UI_20151224_002042	전쟁 길드 목록
UI_20151224_002043	남은 전쟁 시간
UI_20151224_002044	타워 보유 목록
UI_20151224_002045	길드 성장
UI_20151224_002046	기여도 랭크
UI_20151224_002047	길드 스킬 및 정보
UI_20151224_002048	{@st42}%s 혜택적용{/}
UI_20151224_002049	혜택
UI_20160224_002050	팀 창고
UI_20160224_002051	{@st59}팀 창고를 닫습니다{/}
UI_20160224_002052	거래가 가능한 아이템만 보관할 수 있으며, 포텐셜 1이 감소합니다.{nl}팀 창고에서 아이템을 꺼낼 때는 아이템 갯수에 관계없이 거래 가능횟수가 1 차감됩니다.
UI_20160224_002053	아이템 수령
UI_20160224_002054	일반 : /s 할말{nl}외침 : /y 할말{nl}파티 : /p 할말{nl}귓속말 : /w 팀이름 할말{nl}답신 : /r 할말{nl} {nl}Tab키로 전환 가능
UI_20160224_002055	{@59}닫기{/}
UI_20160224_002056	도전
UI_20160224_002057	진행 여부를 선택하세요
UI_20160224_002058	{@st63_yellow}포기 :{/}
UI_20160224_002059	보상을 획득하고 퇴장합니다.
UI_20160224_002060	{@st63_yellow}도전 :{/}
UI_20160224_002061	다음층으로 이동
UI_20160224_002062	{@st43}유물 수집상{/}
UI_20160224_002063	{@st59}유물 수집상을 닫습니다{/}
UI_20160224_002064	{@st59b}아이템 교환{nl}{@st59s} - 대지의 탑에서 아이템을 입수하여 교환 가능{nl} - 아이템 재료를 슬롯에 넣은 후 교환 실행{nl}{/}
UI_20160224_002065	층
UI_20160224_002066	{@st59}큐브 획득 창을 닫습니다.{/}
UI_20160224_002067	{@st59}악세서리를 올려주세요{/}
UI_20160224_002068	{@st66b}실버를 사용해서 1회 더 열 수 있습니다. {/}
UI_20160224_002069	{@st66b}토큰 혜택 적용시 2회까지 가능합니다.{/}
UI_20160224_002070	{@st41b}횟수를 모두 소진하였습니다.{/}
UI_20160224_002071	{@st66b}기본정보
UI_20160224_002072	{@st66b}속성
UI_20160224_002073	길드 마스터가 길드 이벤트 참가자를 모집하고 있습니다.
UI_20160224_002074	{@st63_yellow}인원 :{/}
UI_20160224_002075	{@st63}%s명 참여 (로그인 %s명중){/}
UI_20160224_002076	{@st63_yellow}위치 :{/}
UI_20160224_002077	코발트숲
UI_20160224_002078	{@st63_yellow}목표 :{/}
UI_20160224_002079	{@st43}길드 Lv. %s{/}
UI_20160224_002080	{@st66b}성장 및 랭크
UI_20160224_002081	{@st66b}길드 특성
UI_20160224_002082	길드 보관함
UI_20160224_002083	{@st59}길드 보관함을 닫습니다{/}
UI_20160224_002084	* 이 아이템은 길드 마스터가 길드원에게 양도할 수 있고, 그 아이템은{nl}수령한 길드원에게 귀속됩니다.{nl}* 아이템은 메시지함에서 수령할 수 있습니다.
UI_20160224_002085	{@st41b}마법 부여
UI_20160224_002086	{@st41b}마법 부여 스크롤{/}
UI_20160224_002087	{@st59}마법 부여 스크롤 창을 닫습니다.{/}
UI_20160224_002088	{@st66b}마법부여 스크롤 1개가 소비됩니다.{/}
UI_20160224_002089	{@st42b}현재 스크롤 보유 개수 : %s개{/}
UI_20160224_002090	{@st66b}의뢰소{/}
UI_20160224_002091	{@st66b}살러스 수녀원{/}
UI_20160224_002092	{@st66b}대지의 탑{/}
UI_20160224_002093	{@st59b}인스턴스 던전{nl}{@st59s}독립된 인스턴스 존에서 목표 달성을 위해 파티 단위로 진행하는 콘텐츠입니다.{nl}입장 전에 파티를 구성해 도전하거나 자동으로 파티를 찾아 도전할 수 있습니다.{nl} - 던전 : 각 레벨 대의 존에서 던전 입장  NPC를 통해 입장{nl} - 의뢰소 미션 : 페디미안 용병 의뢰소 접수원을 통해 입장{nl} - 살러스 수녀원 미션 : 살러스 수녀원에서 수녀 라사를 통해 입장{nl}{/}
UI_20160224_002094	{@st59}인스턴스 던전을 닫습니다{/}
UI_20160224_002095	{@st59}보이기/안보이기{/}
UI_20160224_002096	{@st45tw2}대기 시간{/}
UI_20160224_002097	입찰
UI_20160224_002098	남은 입찰 시간
UI_20160224_002099	아이템 주사위
UI_20160224_002100	{@st42}%s 혜택{/}
UI_20160224_002101	사용한 아이템은 인벤토리에서 사라지며{nl}전체 %s가 초기화 됩니다.{/}
UI_20160224_002102	캐릭터 정보창에서 잔여시간을 확인하실 수 있습니다.{/}
UI_20160224_002103	데이터를 받는 중 입니다.
UI_20160224_002104	{@st66b}랭킹{/}
UI_20160224_002105	{@st66b}관전하기
UI_20160224_002106	{@st41b}관전 종료
UI_20160224_002107	블루팀
UI_20160224_002108	레드팀
UI_20160224_002109	{@59}새 창으로 보기{/}
UI_20160224_002110	모험일지에 등록되었습니다.
UI_20160224_002111	{@st41}교환
UI_20160224_002112	행복한 나라로 오세요
UI_20160224_002113	팀 배틀 리그 일정
UI_20160224_002114	최근 전적
UI_20160224_002115	{@st45tw2}유형{/}
UI_20160224_002116	{@st41c}%s명{/}
UI_20160224_002117	{@st41c}%s분{/}
UI_20160224_002118	미르티스 지배가 사라진 수정광산에 템플슈터가 부베들을 다시 불러들이고 있습니다.{nl}템플슈터를 처치하고 수정광산이 다시 안전해지도록 도와주세요.
UI_20160224_002119	{@st41c}%s장{/}
UI_20160224_002120	이름 및 클래스
UI_20160224_002121	{@st41b}새로 고침
UI_20160224_002122	최근 열린 관람 목록
UI_20160224_002123	관전하기
UI_20160224_002124	{#000000}%s 승{/}
UI_20160224_002125	{@st66b}포인트샵
UI_20160224_002126	일일 획득 포인트
UI_20160224_002127	현재 구매 포인트
UI_20160224_002128	전적
UI_20160224_002129	보관함
UI_20160224_002130	%s 위
UI_20160224_002131	처치횟수 : %s
UI_20160224_002132	대미지 : %s
UI_20160224_002133	최대 버프 적용 개수 증가
UI_20160310_002134	{@st65}피해량 %s{/}
UI_20160310_002135	{@st65}{s12}달성{/}
UI_20160310_002136	{#16120e}달성{/}
UI_20160310_002137	횟수 : %s
UI_20160310_002138	피해량 : %s
UI_20160310_002139	{@sti9}처치 랭킹
UI_20160310_002140	{@sti9}피해 랭킹
UI_20160317_002141	미션,던전 1회 추가입장
UI_20160317_002142	미션,던전 2회 추가입장
UI_20160323_002143	{@st41}내 소환수 정보
UI_20160323_002144	{@st43}길드배틀랭킹{/}
UI_20160323_002145	길드배틀랭킹
UI_20160323_002146	{@st59}길드배틀랭킹을 닫습니다.
UI_20160323_002147	{@st66b}실시간 순위
UI_20160323_002148	{@st66b}주간 순위{/}
UI_20160323_002149	{@st66b}역대 순위{/}
UI_20160323_002150	내 길드 순위
UI_20160323_002151	{@sti1}%s 위{/}
UI_20160323_002152	지난 주간 순위
UI_20160323_002153	1위
UI_20160323_002154	길드 보상 목록
UI_20160323_002155	{@st41}소환체 : {#ffcc33}%s{/}
UI_20160323_002156	{@st41}필요 파편 : %s개
UI_20160323_002157	공격력 : {@st41b}%s
UI_20160323_002158	방어력 : {@st41b}%s
UI_20160323_002159	힘 : {@st41b}%s
UI_20160323_002160	체력 : {@st41b}%s
UI_20160323_002161	지능 : {@st41b}%s
UI_20160323_002162	민첩 : {@st41b}%s
UI_20160323_002163	정신 : {@st41b}%s
UI_20160323_002164	{@st42}헤어컬러{/}
UI_20160323_002165	{@st42}장착 가능 칭호{/}
UI_20160323_002166	팀 정보
UI_20160323_002167	{@st66b}숙소 변경{/}
UI_20160323_002168	{@st43}{s26}팀 레벨  %s{/}
UI_20160323_002169	{@st66b}팀 정보
UI_20160323_002170	{#2c140c}평균레벨 : %s{/}
UI_20160323_002171	{@st41b}참가
UI_20160323_002172	{@st42}캐릭터 인사말{/}
UI_20160323_002173	[서버] 길드명
UI_20160323_002174	전적 / 점수
UI_20160323_002175	[결성: %s 전]
UI_20160411_002176	{@st66b}카메라 진동 사용{/}
UI_20160425_002177	{@st42}양쪽 모두 토큰 혜택을 적용받는다면{nl}무기 아이템의 거래 속성은{nl}변경되지 않습니다.{/}
UI_20160425_002178	{@st66b} 환경 이펙트 적용
UI_20160425_002179	{@st66b} 데드 파츠 적용
UI_20160425_002180	{@st66b} 캐릭터 실루엣 적용
UI_20160426_002181	{/}{b}{s20}컴패니언{/}{s43}{@st43}%s{/}{/}{b}{s20}을 정말 삭제하시겠습니까?{/}				
UI_20160426_002182	{/}{b}{s20}삭제가 완료된 이후엔 복구되지 않습니다.{/}				
UI_20160426_002183	{/}{b}{s20}컴패니언{/}{s43}{@st43}%s{/}				
UI_20160426_002184	{/}{b}{s20}%s초후 삭제 됩니다.{/}				
UI_20160426_002185	{s18}{ol}{#ffffcc}아니오{/}				
UI_20160426_002186	{s18}{ol}{#ffffcc}취소{/}				
UI_20160509_002187	토큰을 구매한 유저만 이용가능하며, 거래가 가능한 아이템을 보관할 수 있습니다.
UI_20160520_002188	TP충전				
UI_20160520_002189	{@st42}TP충전				
UI_20160520_002190	{@st43}{s22}스팀 인벤토리 아이템				
UI_20160520_002191	{@st45tw2}TP구매{/}				
UI_20160520_002192	지급 TP				
UI_20160520_002193	{@st49}사용{/}				
UI_20160520_002194	{@st42}길드 전쟁				
UI_20160520_002195	중립 선언